[
  {
    "primaryColor": "#2E2E2E",
    "secondaryColor": "#333333",
    "bodyColor": "#FFFFFF",
    "textColor": "#000000",
    "actionColor": "#E94444",
    "successColor": "#38cc31",
    "borderGray": "#ccc",
    "primaryFont": "laurentine",
    "secondaryFont": "Playfair",
    "bodyRegularFont": "Montserrat",
    "bodyMediumFont": "Poppins-Medium",
    "bodyBoldFont": "georgia",
    "headingFont": "BonheurRoyale-Regular",
    "imageTop": "https://ecsiondevstorage.blob.core.windows.net/wedding-storage/0B5FA8D0-A309-4EDD-B1D8-7E078A103DD1.png",
    "imageBottom": "https://ecsiondevstorage.blob.core.windows.net/wedding-storage/D1EB07C0-B3D2-4877-8E17-2557A7066C98.png",
    "bgImage": "https://ecsiondevstorage.blob.core.windows.net/wedding-storage/251B5A8E-80A0-434A-9604-98F62BB8A1EB.png",
    "bgResponsiveImage": "https://ecsiondevstorage.blob.core.windows.net/wedding-storage/8B4EBBAE-F653-4FD9-96A5-42FCA23FD704.png"
  },
  {
    "primaryColor": "#000000",
    "secondaryColor": "#333333",
    "bodyColor": "#FFD99B",
    "textColor": "#000000",
    "actionColor": "#E94444",
    "successColor": "#38cc31",
    "borderGray": "#ccc",
    "primaryFont": "laurentine",
    "secondaryFont": "Playfair",
    "bodyRegularFont": "Montserrat",
    "bodyMediumFont": "Poppins-Medium",
    "bodyBoldFont": "georgia",
    "headingFont": "BonheurRoyale-Regular",
    "imageTop": "https://ecsiondevstorage.blob.core.windows.net/wedding-storage/0B5FA8D0-A309-4EDD-B1D8-7E078A103DD1.png",
    "imageBottom": "https://ecsiondevstorage.blob.core.windows.net/wedding-storage/D1EB07C0-B3D2-4877-8E17-2557A7066C98.png",
     "bgImage": "https://ecsiondevstorage.blob.core.windows.net/wedding-storage/251B5A8E-80A0-434A-9604-98F62BB8A1EB.png",
    "bgResponsiveImage": "https://ecsiondevstorage.blob.core.windows.net/wedding-storage/8B4EBBAE-F653-4FD9-96A5-42FCA23FD704.png"
  },
  {
    "primaryColor": "#FFFFFF",
    "secondaryColor": "#333333",
    "bodyColor": "#40090E",
    "textColor": "#FFFFFF",
    "actionColor": "#E94444",
    "successColor": "#38cc31",
    "borderGray": "#ccc",
    "primaryFont": "laurentine",
    "secondaryFont": "Playfair",
    "bodyRegularFont": "Montserrat",
    "bodyMediumFont": "Poppins-Medium",
    "bodyBoldFont": "georgia",
    "headingFont": "BonheurRoyale-Regular",
    "imageTop": "https://ecsiondevstorage.blob.core.windows.net/wedding-storage/0B5FA8D0-A309-4EDD-B1D8-7E078A103DD1.png",
    "imageBottom": "https://ecsiondevstorage.blob.core.windows.net/wedding-storage/D1EB07C0-B3D2-4877-8E17-2557A7066C98.png",
   "bgImage": "https://ecsiondevstorage.blob.core.windows.net/wedding-storage/251B5A8E-80A0-434A-9604-98F62BB8A1EB.png",
    "bgResponsiveImage": "https://ecsiondevstorage.blob.core.windows.net/wedding-storage/8B4EBBAE-F653-4FD9-96A5-42FCA23FD704.png"
  },
  {
    "primaryColor": "#FFFFFF",
    "secondaryColor": "#333333",
    "bodyColor": "#1D291D",
    "textColor": "#FFFFFF",
    "actionColor": "#E94444",
    "successColor": "#38cc31",
    "borderGray": "#ccc",
    "primaryFont": "laurentine",
    "secondaryFont": "Playfair",
    "bodyRegularFont": "Montserrat",
    "bodyMediumFont": "Poppins-Medium",
    "bodyBoldFont": "georgia",
    "headingFont": "BonheurRoyale-Regular",
    "imageTop": "https://ecsiondevstorage.blob.core.windows.net/wedding-storage/0B5FA8D0-A309-4EDD-B1D8-7E078A103DD1.png",
    "imageBottom": "https://ecsiondevstorage.blob.core.windows.net/wedding-storage/D1EB07C0-B3D2-4877-8E17-2557A7066C98.png",
     "bgImage": "https://ecsiondevstorage.blob.core.windows.net/wedding-storage/251B5A8E-80A0-434A-9604-98F62BB8A1EB.png",
    "bgResponsiveImage": "https://ecsiondevstorage.blob.core.windows.net/wedding-storage/8B4EBBAE-F653-4FD9-96A5-42FCA23FD704.png"
  }
]
