{
    "invitation-title": "Save the date",
    "your-name": "Aaliya",
    "partner-name": "Ranbir",
    "invitation-full-date": "",
    "invitation-time": "AT 4PM ",
    "invitation-address": " Ceremony Sta. Mery Church Reception Hotel Palace",
    "couple-img1": "",
    "couple-img2": "",
    "couple-img3": "",
    "invitation-description": "You are invited to the wedding of",
    "invitation-message": "",
    "invitation-date": "18",
    "invitation-month": "",
    "invitation-month-text": "March ",
    "invitation-year": "2027",
    "following-party": "Following The Party",
    "invitation-full-date-text": "",
    "invitation-week-day": "Sunday",
    "yourInitial": "",
    "partnerInitial": ""
  }