[

    {
        "primaryColor": "#5B2E6C",
        "secondaryColor": "#333333",
        "bodyColor": "#FFF3E8",
        "textColor": "#5B2E6C",
        "actionColor": "#E94444",
        "successColor": "#38cc31",
        "borderGray": "#ccc",
       "primaryFont": "Sholaria",
        "secondaryFont": "Poppins",
        "bodyRegularFont": "Poppins-Regular",
        "bodyMediumFont": "Poppins-Medium",
        "bodyBoldFont": "georgia",
        "tertiaryFont": "Montserrat",
        "headingFont": "BonheurRoyale-Regular",
        "bgImage": "https://ecsiondevstorage.blob.core.windows.net/wedding-storage/582F006C-69F5-48C4-AFCD-59253F2F21E3.png",
        "bgResponsiveImage": "https://ecsiondevstorage.blob.core.windows.net/wedding-storage/8FD156DA-06FD-4DA7-8F55-58AE34EB795E.png"
        }
    ]