[

    {
        "primaryColor": "#5B2E6C",
        "secondaryColor": "#333333",
        "bodyColor": "#FFF3E8",
        "textColor": "#5B2E6C",
        "actionColor": "#E94444",
        "successColor": "#38cc31",
        "borderGray": "#ccc",
        "primaryFont": "Sholaria",
        "secondaryFont": "Poppins",
        "bodyRegularFont": "Poppins-Regular",
        "bodyMediumFont": "Poppins-Medium",
        "bodyBoldFont": "georgia",
        "tertiaryFont": "Great Vibes",
        "headingFont": "BonheurRoyale-Regular",
        "bgImage": "https://ecsiondevstorage.blob.core.windows.net/wedding-storage/740A03A4-84D7-4C52-8F9A-D622C9446554.png",
        "bgResponsiveImage": "https://ecsiondevstorage.blob.core.windows.net/wedding-storage/8532F6D5-C707-4BA6-ADCE-C8DAC7E555EE.png"
        }
    ]