        [

            {
                "primaryColor": "#0E2F24",
                "secondaryColor": "#333333",
                "bodyColor": "#FFF3E8",
                "textColor": "#0E2F24",
                "actionColor": "#E94444",
                "successColor": "#38cc31",
                "borderGray": "#ccc",
                "primaryFont": "shinyhearts",
                "secondaryFont": "georgia",
                "bodyRegularFont": "Poppins-Regular",
                "bodyMediumFont": "Poppins-Medium",
                "bodyBoldFont": "georgia",
                "tertiaryFont": "georgiab",
                "headingFont": "BonheurRoyale-Regular",
                "bgImage": "https://ecsiondevstorage.blob.core.windows.net/wedding-storage/D1145937-27AF-4CA0-A5D1-7C1B383576ED.svg",
                "bgResponsiveImage": "https://ecsiondevstorage.blob.core.windows.net/wedding-storage/3FE319D6-111B-44A1-8D2B-C8CC46ED4154.png"
                }
            ]