{
    "invitation-title": "Haldi Ceremony",
    "your-name": "Shubham Gupta",
    "partner-name": "Mayuri Mishra",
    "invitation-full-date": "",
    "invitation-time": " From 4:00 pm onwards",
    "invitation-address": " Ceremony Sta. Mery Church Reception Hotel Palace",
    "couple-img1": "",
    "couple-img2": "",
    "couple-img3": "",
    "invitation-description": "You are invited to the wedding of ",
    "invitation-date": "24",
    "invitation-month": "",
    "invitation-month-text": "October",
    "invitation-year": "2027",
    "following-party": "Following The Party",
    "invitation-full-date-text": "",
    "invitation-week-day": "Thursday",
    "yourInitial": "",
    "partnerInitial": ""
  }