{
    "invitation-title": "SAVE THE DATE",
    "your-name": "Ashima",
    "partner-name": "Rajiv",
    "your-parent-name": "",
    "partner-parent-name": "",
    "invitation-full-date": "",
    "invitation-time": " ",
    "invitation-venue":"",
    "invitation-address": "NAGPUR MAHARASTRA",
    "couple-img1": "",
    "couple-img2": "",
    "couple-img3": "",
    "invitation-description": "FOR THE WEDDING OF",
    "invitation-message": "",
    "invitation-date": "20",
    "invitation-month": "",
    "invitation-month-text": "10",
    "invitation-year": "2026",
    "following-party": "",
    "invitation-full-date-text": "",
    "invitation-week-day": "",
    "yourInitial": "",
    "partnerInitial": ""
  }