[

    {
        "primaryColor": "#F1C27E",
        "secondaryColor": "#333333",
        "bodyColor": "#FFF3E8",
        "textColor": "#FFFFFF",
        "actionColor": "#E94444",
        "successColor": "#38cc31",
        "borderGray": "#ccc",
        "primaryFont": "Great Vibes",
        "secondaryFont": "Montserrat",
        "bodyRegularFont": "Poppins-Regular",
        "bodyMediumFont": "Poppins-Medium",
        "bodyBoldFont": "georgia",
        "tertiaryFont": "angello",
        "headingFont": "BonheurRoyale-Regular",
        "bgImage": "https://ecsiondevstorage.blob.core.windows.net/wedding-storage/0001F191-1A85-4071-8C14-2056816DE625.png",
        "bgResponsiveImage": "https://ecsiondevstorage.blob.core.windows.net/wedding-storage/85A9E9B1-2666-40CA-A1E4-D7689AAFEE63.png"
        }
    ]