{
    "invitation-title": "TOGETHER WITH THEIR FAMILIES",
    "your-name": "Jasmim Bhisen",
    "partner-name": "Lalit Sharma",
    "your-parent-name": "",
    "partner-parent-name": "",
    "invitation-full-date": "",
    "invitation-time": "AT 10 PM",
    "invitation-venue":"VINDHYAVASINI LAWN",
    "invitation-address": "SWAMI SAMARTH MANDIR, DATTA NAGAR, NAGPUR",
    "couple-img1": "",
    "couple-img2": "",
    "couple-img3": "",
    "invitation-description": "REQUESTING YOUR WARM PRESENCE AT THE WEDDING OF OUR DAUGHTER / SON",
    "invitation-message": "",
    "invitation-date": "25",
    "invitation-month": "",
    "invitation-month-text": "AUGUST",
    "invitation-year": "2026",
    "following-party": "",
    "invitation-full-date-text": "",
    "invitation-week-day": "THURSDAY",
    "yourInitial": "",
    "partnerInitial": ""
  }