[

    {
        "primaryColor": "#D3C386",
        "secondaryColor": "#333333",
        "bodyColor": "#FFF3E8",
        "textColor": "#D3C386",
        "actionColor": "#E94444",
        "successColor": "#38cc31",
        "borderGray": "#ccc",
        "primaryFont": "georgia",
        "secondaryFont": "georgia",
        "bodyRegularFont": "Poppins-Regular",
        "bodyMediumFont": "Poppins-Medium",
        "bodyBoldFont": "georgia",
        "tertiaryFont": "abrilfatfaceRegular",
        "headingFont": "BonheurRoyale-Regular",
        "bgImage": "https://ecsiondevstorage.blob.core.windows.net/wedding-storage/4F67A7B3-339C-4866-BAE6-3AE904B896D4.svg",
        "bgResponsiveImage": "https://ecsiondevstorage.blob.core.windows.net/wedding-storage/E5675CF4-CBA8-448C-9BC8-88FCB444AC6C.png"
        }
    ]