[

    {
        "primaryColor": "#D3C386",
        "secondaryColor": "#333333",
        "bodyColor": "#FFF3E8",
        "textColor": "#D3C386",
        "actionColor": "#E94444",
        "successColor": "#38cc31",
        "borderGray": "#ccc",
        "primaryFont": "georgia",
        "secondaryFont": "georgia",
        "bodyRegularFont": "Poppins-Regular",
        "bodyMediumFont": "Poppins-Medium",
        "bodyBoldFont": "georgia",
        "tertiaryFont": "abrilfatfaceRegular",
        "headingFont": "BonheurRoyale-Regular",
        "bgImage": "https://ecsiondevstorage.blob.core.windows.net/wedding-storage/134EB553-F5D8-46DB-BA47-874AE3AAB9FD.svg",
        "bgResponsiveImage": "https://ecsiondevstorage.blob.core.windows.net/wedding-storage/93259BE7-E199-4FDB-9124-EFA4EDD0EE92.png"
        }
    
      
    ]