{
    "invitation-title": "TOGETHER WITH THEIR FAMILIES",
    "your-name": "BHAVIKA",
    "partner-name": "GAURAV",
    "your-parent-name": "",
    "partner-parent-name": "",
    "invitation-full-date": "JUNE 24,2026",
    "invitation-time": "AT 5:00 PM",
    "invitation-venue":"CHIRAAN FORT PALACE",
    "invitation-address": "BEGUMPET, HYDERABAD, TELANGANA",
    "couple-img1": "",
    "couple-img2": "",
    "couple-img3": "",
    "invitation-description": "INVITE YOU TO JOIN THE CELEBRATION OF THEIR MARRIAGE",
    "invitation-message": "",
    "invitation-date": "",
    "invitation-month": "",
    "invitation-month-text": "",
    "invitation-year": "",
    "following-party": "",
    "invitation-full-date-text": "",
    "invitation-week-day": "MONDAY",
    "yourInitial": "",
    "partnerInitial": ""
  }