{
    "invitation-title": "SAVE THE DATE",
    "your-name": "Bhuvan Verma",
    "partner-name": "Lakshita Shah",
    "your-parent-name": "",
    "partner-parent-name": "",
    "invitation-full-date": "SEPTEMBER 30, 2026",
    "invitation-time": "AT 12:00 PM",
    "invitation-venue":"",
    "invitation-address": "",
    "couple-img1": "",
    "couple-img2": "",
    "couple-img3": "",
    "invitation-description": "",
    "invitation-message": "",
    "invitation-date": "",
    "invitation-month": "",
    "invitation-month-text": "",
    "invitation-year": "",
    "following-party": "",
    "invitation-full-date-text": "",
    "invitation-week-day": "THURSDAY",
    "yourInitial": "",
    "partnerInitial": ""
  }