        [

            {
                "primaryColor": "#CE9C27",
                "secondaryColor": "#333333",
                "bodyColor": "#FFF3E8",
                "textColor": "#000000",
                "actionColor": "#E94444",
                "successColor": "#38cc31",
                "borderGray": "#ccc",
                "primaryFont": "Sholaria",
                "secondaryFont": "Playfair Display",
                "bodyRegularFont": "Poppins-Regular",
                "bodyMediumFont": "Poppins-Medium",
                "bodyBoldFont": "georgia",
                "tertiaryFont": "abrilfatfaceRegular",
                "headingFont": "BonheurRoyale-Regular",
                "bgImage": "https://ecsiondevstorage.blob.core.windows.net/wedding-storage/26F58321-508C-4F2C-A554-E66A43BC6768.svg",
                "bgResponsiveImage": "https://ecsiondevstorage.blob.core.windows.net/wedding-storage/71E75676-8B05-48BE-83E4-29C762F386CF.png"
                }
            ]