[

    {
       "primaryColor": "#A07612",
        "secondaryColor": "#333333",
        "bodyColor": "#FFF3E8",
        "textColor": "#51136C",
        "actionColor": "#E94444",
        "successColor": "#38cc31",
        "borderGray": "#ccc",
        "primaryFont": "Lackus",
        "secondaryFont": "Poppins",
        "bodyRegularFont": "Poppins-Regular",
        "bodyMediumFont": "Poppins-Medium",
        "bodyBoldFont": "georgia",
        "tertiaryFont": "georgiab",
        "headingFont": "BonheurRoyale-Regular",
        "bgImage": "https://ecsiondevstorage.blob.core.windows.net/wedding-storage/D937E044-5E5A-4F4F-B673-8FE05085D636.svg",
        "bgResponsiveImage": "https://ecsiondevstorage.blob.core.windows.net/wedding-storage/775ED6C9-B4D0-4B54-8457-128AB8DEF19A.png"
        }
    ]