[

    {
        "primaryColor": "#1E5509",
        "secondaryColor": "#333333",
        "bodyColor": "#FFF3E8",
        "textColor": "#1E5509",
        "actionColor": "#E94444",
        "successColor": "#38cc31",
        "borderGray": "#ccc",
        "primaryFont": "Lackus",
        "secondaryFont": "georgia",
        "bodyRegularFont": "Poppins-Regular",
        "bodyMediumFont": "Poppins-Medium",
        "bodyBoldFont": "georgia",
        "tertiaryFont": "georgiab",
        "headingFont": "BonheurRoyale-Regular",
        "bgImage": "https://ecsiondevstorage.blob.core.windows.net/wedding-storage/B35AD7B1-B14C-47D7-A618-FC341F5047B5.png",
        "bgResponsiveImage": "https://ecsiondevstorage.blob.core.windows.net/wedding-storage/ACB04A67-F319-41C5-A08A-47BD9282AE2B.png"
        }
    ]