[

    {
        "primaryColor": "#A07612",
        "secondaryColor": "#333333",
        "bodyColor": "#FFF3E8",
        "textColor": "#51136C",
        "actionColor": "#E94444",
        "successColor": "#38cc31",
        "borderGray": "#ccc",
        "primaryFont": "Lackus",
        "secondaryFont": "Poppins",
        "bodyRegularFont": "Poppins-Regular",
        "bodyMediumFont": "Poppins-Medium",
        "bodyBoldFont": "georgia",
        "tertiaryFont": "georgiab",
        "headingFont": "BonheurRoyale-Regular",
        "bgImage": "https://ecsiondevstorage.blob.core.windows.net/wedding-storage/62BBC47B-AC70-4F82-9A3F-0927F0A83F3F.svg",
        "bgResponsiveImage": "https://ecsiondevstorage.blob.core.windows.net/wedding-storage/CD862117-ED48-4A2D-B4AD-102297FFBFE3.png"
        }
    ]