{
    "invitation-title": "WITH THE BLESSINGS OF",
    "your-name": "Maneesha",
    "partner-name": "Nikhil",
    "your-parent-name": "(D/O SUNITA & RAJESH SHARMA)",
    "partner-parent-name": "(S/O REKHA & SURESH MEHTA)",
    "your-grandparent-name": "SHRI. HARISHCHANDRA MEHTA",
    "partner-grandparent-name": "LATE SMT. REKHA MEHTA",
    "invitation-full-date": "",
    "invitation-time": "",
    "invitation-venue":"",
    "invitation-address": "",
    "couple-img1": "",
    "couple-img2": "",
    "couple-img3": "",
    "invitation-description": "REQUESTS THE HONOUR OF YOUR PRESENCE ON THE AUSPICIOUS OCCASION OF THE WEDDING OF HIS BELOVED GRANDDAUGHTER",
    "invitation-message": "",
    "invitation-date": "",
    "invitation-month": "",
    "invitation-month-text": "",
    "invitation-year": "",
    "following-party": "#WEDDINGHASHTAG",
    "invitation-full-date-text": "",
    "invitation-week-day": "",
    "yourInitial": "",
    "partnerInitial": ""
  }