[

    {
        "primaryColor": "#354E26",
        "secondaryColor": "#333333",
        "bodyColor": "#FFF3E8",
        "textColor": "#354E26",
        "actionColor": "#E94444",
        "successColor": "#38cc31",
        "borderGray": "#ccc",
        "primaryFont": "blinkaScript",
        "secondaryFont": "Montserrat",
        "bodyRegularFont": "Poppins-Regular",
        "bodyMediumFont": "Poppins-Medium",
        "bodyBoldFont": "georgia",
        "tertiaryFont": "georgia",
        "headingFont": "BonheurRoyale-Regular",
        "bgImage": "https://ecsiondevstorage.blob.core.windows.net/wedding-storage/6D09A5D5-6656-44BC-981B-67B965D5AB46.svg",
        "bgResponsiveImage": "https://ecsiondevstorage.blob.core.windows.net/wedding-storage/D85DED29-0AA4-4F89-8113-DA8B2CBF628C.png"
        }
    
      
    ]