[

    {
        "primaryColor": "#354E26",
        "secondaryColor": "#333333",
        "bodyColor": "#FFF3E8",
        "textColor": "#354E26",
        "actionColor": "#E94444",
        "successColor": "#38cc31",
        "borderGray": "#ccc",
        "primaryFont": "blinkaScript",
        "secondaryFont": "Montserrat",
        "bodyRegularFont": "Poppins-Regular",
        "bodyMediumFont": "Poppins-Medium",
        "bodyBoldFont": "georgia",
        "tertiaryFont": "georgia",
        "headingFont": "BonheurRoyale-Regular",
        "bgImage": "https://ecsiondevstorage.blob.core.windows.net/wedding-storage/F5BE623C-85DD-4176-9678-E533B4079151.svg",
        "bgResponsiveImage": "https://ecsiondevstorage.blob.core.windows.net/wedding-storage/6FE3DD04-8A60-428C-B120-37ACB5E503FB.png"
        }
    
      
    ]