{
    "invitation-title": "TOGETHER WITH THEIR FAMILIES",
    "your-name": "Radha",
    "partner-name": "Krishna",
    "your-parent-name": "",
    "partner-parent-name": "",
    "invitation-full-date": "",
    "invitation-time": "AT 10 O'CLOCK IN THE MORNING",
    "invitation-venue":"THE LODHI",
    "invitation-address": "LODHI ROAD, LUTYENS’ DELHI, NEW DELHI ",
    "couple-img1": "",
    "couple-img2": "",
    "couple-img3": "",
    "invitation-description": "INVITE YOU TO THEIR WEDDING CELEBRATION",
    "invitation-message": "",
    "invitation-date": "12TH",
    "invitation-month": "",
    "invitation-month-text": "NOVEMBER",
    "invitation-year": "2025",
    "following-party": "",
    "invitation-full-date-text": "",
    "invitation-week-day": "ON FRIDAY",
    "yourInitial": "",
    "partnerInitial": ""
  }