[

    {
        "primaryColor": "#000000",
        "secondaryColor": "#333333",
        "bodyColor": "#FFFFFF",
        "textColor": "#000000",
        "actionColor": "#E94444",
        "successColor": "#38cc31",
        "borderGray": "#ccc",
        "primaryFont": "laurentine",
        "secondaryFont": "Montserrat",
        "bodyRegularFont": "Poppins-Regular",
        "bodyMediumFont": "Poppins-Medium",
        "bodyBoldFont": "georgia",
        "tertiaryFont": "Playfair Display",
        "headingFont": "BonheurRoyale-Regular",
        "imageTop": "https://ecsiondevstorage.blob.core.windows.net/wedding-storage/611355D4-B677-4F9B-A845-8104B4D68A43.png",
        "imageBottom": "https://ecsiondevstorage.blob.core.windows.net/wedding-storage/175154DC-11BB-4DC9-8A78-1201C8E270D6.png",
        "bgImage": "https://ecsiondevstorage.blob.core.windows.net/wedding-storage/7DF50907-0C08-4C78-9A86-7A2ECE5E634C.png",
        "bgResponsiveImage": "https://ecsiondevstorage.blob.core.windows.net/wedding-storage/061FB99E-F5E6-4B96-9A12-9C8CD114B2F9.png"
        },
    
        {
        "primaryColor": "#000000",
        "secondaryColor": "#333333",
        "bodyColor": "#FFDEEB",
        "textColor": "#000000",
        "actionColor": "#E94444",
        "successColor": "#38cc31",
        "borderGray": "#ccc",
        "primaryFont": "laurentine",
        "secondaryFont": "Montserrat",
        "bodyRegularFont": "Poppins-Regular",
        "bodyMediumFont": "Poppins-Medium",
        "bodyBoldFont": "georgia",
        "tertiaryFont": "Playfair Display",
        "headingFont": "BonheurRoyale-Regular",
        "imageTop": "https://ecsiondevstorage.blob.core.windows.net/wedding-storage/611355D4-B677-4F9B-A845-8104B4D68A43.png",
        "imageBottom": "https://ecsiondevstorage.blob.core.windows.net/wedding-storage/175154DC-11BB-4DC9-8A78-1201C8E270D6.png",
 "bgImage": "https://ecsiondevstorage.blob.core.windows.net/wedding-storage/7DF50907-0C08-4C78-9A86-7A2ECE5E634C.png",
        "bgResponsiveImage": "https://ecsiondevstorage.blob.core.windows.net/wedding-storage/061FB99E-F5E6-4B96-9A12-9C8CD114B2F9.png"
        },
        
        {
        "primaryColor": "#FFFFFF",
        "secondaryColor": "#333333",
        "bodyColor": "#0D0F0D",
        "textColor": "#FFFFFF",
        "actionColor": "#E94444",
        "successColor": "#38cc31",
        "borderGray": "#ccc",
        "primaryFont": "laurentine",
        "secondaryFont": "Montserrat",
        "bodyRegularFont": "Poppins-Regular",
        "bodyMediumFont": "Poppins-Medium",
        "bodyBoldFont": "georgia",
        "tertiaryFont": "Playfair Display",
        "headingFont": "BonheurRoyale-Regular",
        "imageTop": "https://ecsiondevstorage.blob.core.windows.net/wedding-storage/611355D4-B677-4F9B-A845-8104B4D68A43.png",
        "imageBottom": "https://ecsiondevstorage.blob.core.windows.net/wedding-storage/175154DC-11BB-4DC9-8A78-1201C8E270D6.png",
 "bgImage": "https://ecsiondevstorage.blob.core.windows.net/wedding-storage/7DF50907-0C08-4C78-9A86-7A2ECE5E634C.png",
        "bgResponsiveImage": "https://ecsiondevstorage.blob.core.windows.net/wedding-storage/061FB99E-F5E6-4B96-9A12-9C8CD114B2F9.png"
        },
    
        {
        "primaryColor": "#FFFFFF",
        "secondaryColor": "#333333",
        "bodyColor": "#233C34",
        "textColor": "#FFFFFF",
        "actionColor": "#E94444",
        "successColor": "#38cc31",
        "borderGray": "#ccc",
        "primaryFont": "laurentine",
        "secondaryFont": "Montserrat",
        "bodyRegularFont": "Poppins-Regular",
        "bodyMediumFont": "Poppins-Medium",
        "bodyBoldFont": "Playfair Display",
        "tertiaryFont": "Playfair Display",
        "headingFont": "BonheurRoyale-Regular",
        "imageTop": "https://ecsiondevstorage.blob.core.windows.net/wedding-storage/611355D4-B677-4F9B-A845-8104B4D68A43.png",
        "imageBottom": "https://ecsiondevstorage.blob.core.windows.net/wedding-storage/175154DC-11BB-4DC9-8A78-1201C8E270D6.png",
 "bgImage": "https://ecsiondevstorage.blob.core.windows.net/wedding-storage/7DF50907-0C08-4C78-9A86-7A2ECE5E634C.png",
        "bgResponsiveImage": "https://ecsiondevstorage.blob.core.windows.net/wedding-storage/061FB99E-F5E6-4B96-9A12-9C8CD114B2F9.png"
        }
    ]