[
    {
      "primaryColor": "#B52A58",
      "secondaryColor": "#333333",
      "bodyColor": "#FFF4F4",
      "textColor": "#B52A58",
      "actionColor": "#E94444",
      "successColor": "#38cc31",
      "borderGray": "#ccc",
      "primaryFont": "birallinaRegular",
      "secondaryFont": "Montserrat",
      "bodyRegularFont": "Poppins-Regular",
      "bodyMediumFont": "Poppins-Medium",
      "bodyBoldFont": "georgia",
      "headingFont": "BonheurRoyale-Regular",
      "imageTop": "https://ecsiondevstorage.blob.core.windows.net/wedding-storage/FB133418-9DEC-4CB8-8A90-012ED81EBEAA.png",
      "imageBottom": "https://ecsiondevstorage.blob.core.windows.net/wedding-storage/52B22394-6654-4F3A-8014-06A98F9653E9.png",
      "bgImage": "https://ecsiondevstorage.blob.core.windows.net/wedding-storage/57F68773-122E-4BE0-8167-A218ABFAAA56.png",
      "bgResponsiveImage": "https://ecsiondevstorage.blob.core.windows.net/wedding-storage/7839267E-02ED-4D76-A5D7-388D228EF456.png"
    },
    {
      "primaryColor": "#B52A58",
      "secondaryColor": "#333333",
      "bodyColor": "#FFFFFF",
      "textColor": "#B52A58",
      "actionColor": "#E94444",
      "successColor": "#38cc31",
      "borderGray": "#ccc",
      "primaryFont": "birallinaRegular",
      "secondaryFont": "Montserrat",
      "bodyRegularFont": "Poppins-Regular",
      "bodyMediumFont": "Poppins-Medium",
      "bodyBoldFont": "georgia",
      "headingFont": "BonheurRoyale-Regular",
      "imageTop": "https://ecsiondevstorage.blob.core.windows.net/wedding-storage/FB133418-9DEC-4CB8-8A90-012ED81EBEAA.png",
      "imageBottom": "https://ecsiondevstorage.blob.core.windows.net/wedding-storage/52B22394-6654-4F3A-8014-06A98F9653E9.png",
      "bgImage": "https://ecsiondevstorage.blob.core.windows.net/wedding-storage/57F68773-122E-4BE0-8167-A218ABFAAA56.png",
      "bgResponsiveImage": "https://ecsiondevstorage.blob.core.windows.net/wedding-storage/7839267E-02ED-4D76-A5D7-388D228EF456.png"
    },
    {
      "primaryColor": "#B52A58",
      "secondaryColor": "#333333",
      "bodyColor": "#FAFCD0",
      "textColor": "#B52A58",
      "actionColor": "#E94444",
      "successColor": "#38cc31",
      "borderGray": "#ccc",
      "primaryFont": "birallinaRegular",
      "secondaryFont": "Montserrat",
      "bodyRegularFont": "Poppins-Regular",
      "bodyMediumFont": "Poppins-Medium",
      "bodyBoldFont": "georgia",
      "headingFont": "BonheurRoyale-Regular",
      "imageTop": "https://ecsiondevstorage.blob.core.windows.net/wedding-storage/FB133418-9DEC-4CB8-8A90-012ED81EBEAA.png",
      "imageBottom": "https://ecsiondevstorage.blob.core.windows.net/wedding-storage/52B22394-6654-4F3A-8014-06A98F9653E9.png",
      "bgImage": "https://ecsiondevstorage.blob.core.windows.net/wedding-storage/57F68773-122E-4BE0-8167-A218ABFAAA56.png",
      "bgResponsiveImage": "https://ecsiondevstorage.blob.core.windows.net/wedding-storage/7839267E-02ED-4D76-A5D7-388D228EF456.png"
    },
    {
      "primaryColor": "#FFF4F4",
      "secondaryColor": "#333333",
      "bodyColor": "#38151A",
      "textColor": "#FFF4F4",
      "actionColor": "#E94444",
      "successColor": "#38cc31",
      "borderGray": "#ccc",
      "primaryFont": "birallinaRegular",
      "secondaryFont": "Montserrat",
      "bodyRegularFont": "Poppins-Regular",
      "bodyMediumFont": "Poppins-Medium",
      "bodyBoldFont": "georgia",
      "headingFont": "BonheurRoyale-Regular",
      "imageTop": "https://ecsiondevstorage.blob.core.windows.net/wedding-storage/FB133418-9DEC-4CB8-8A90-012ED81EBEAA.png",
      "imageBottom": "https://ecsiondevstorage.blob.core.windows.net/wedding-storage/52B22394-6654-4F3A-8014-06A98F9653E9.png",
      "bgImage": "https://ecsiondevstorage.blob.core.windows.net/wedding-storage/57F68773-122E-4BE0-8167-A218ABFAAA56.png",
      "bgResponsiveImage": "https://ecsiondevstorage.blob.core.windows.net/wedding-storage/7839267E-02ED-4D76-A5D7-388D228EF456.png"
    }
  ]
  