{
    "invitation-title": "Save the date",
    "your-name": "Namreet Kaur",
    "partner-name": "Jaspreet Singh",
    "invitation-full-date": "DECEMBER 21, 2024",
    "invitation-time": "  7.00 PM",
    "invitation-address": " Ceremony Sta. Mery Church Reception Hotel Palace",
    "couple-img1": "",
    "couple-img2": "",
    "couple-img3": "",
    "invitation-description": "Request Your Gracious Presence At The Wedding Of Their Daughter",
    "invitation-message": "",
    "invitation-date": "",
    "invitation-month": "",
    "invitation-month-text": "",
    "invitation-year": "",
    "following-party": "Following The Party",
    "invitation-full-date-text": "",
    "invitation-day": "SATURDAY",
    "yourInitial": "",
    "partnerInitial": ""
  }