[

    {
        "primaryColor": "#C79644",
        "secondaryColor": "#333333",
        "bodyColor": "#FFF3E8",
        "textColor": "#5F3B0D",
        "actionColor": "#E94444",
        "successColor": "#38cc31",
        "borderGray": "#ccc",
        "primaryFont": "georgiab",
        "secondaryFont": "Poppins",
        "bodyRegularFont": "Poppins-Regular",
        "bodyMediumFont": "Poppins-Medium",
        "bodyBoldFont": "georgia",
        "tertiaryFont": "shinyhearts",
        "headingFont": "BonheurRoyale-Regular",
        "bgImage": "https://ecsiondevstorage.blob.core.windows.net/wedding-storage/B30316FA-D57C-49B8-AFB1-AC80919968D3.svg",
        "bgResponsiveImage": "https://ecsiondevstorage.blob.core.windows.net/wedding-storage/4A743B0A-C8DA-4EF0-B36B-9C04CD150592.png"
        }
    
      
    ]