[

    {
        "primaryColor": "#C79644",
        "secondaryColor": "#333333",
        "bodyColor": "#FFF3E8",
        "textColor": "#5F3B0D",
        "actionColor": "#E94444",
        "successColor": "#38cc31",
        "borderGray": "#ccc",
        "primaryFont": "georgia",
        "secondaryFont": "Poppins",
        "bodyRegularFont": "Poppins-Regular",
        "bodyMediumFont": "Poppins-Medium",
        "bodyBoldFont": "georgia",
        "tertiaryFont": "Poppins",
        "headingFont": "BonheurRoyale-Regular",
        "bgImage": "https://ecsiondevstorage.blob.core.windows.net/wedding-storage/72AD8667-F0A1-4903-9B07-BC44BE9CF822.svg",
        "bgResponsiveImage": "https://ecsiondevstorage.blob.core.windows.net/wedding-storage/516097E0-A208-414B-B7DB-B7AEB30DC27A.png"
        }
    
      
    ]