[
  {
    "primaryColor": "#000000",
    "secondaryColor": "#333333",
    "bodyColor": "#FFFAEC",
    "textColor": "#696548",
    "actionColor": "#E94444",
    "successColor": "#38cc31",
    "borderGray": "#ccc",
    "primaryFont": "laurentine",
    "secondaryFont": "Playfair",
    "bodyRegularFont": "Montserrat",
    "bodyMediumFont": "Poppins-Medium",
    "bodyBoldFont": "georgia",
    "headingFont": "BonheurRoyale-Regular",
    "imageTop": "https://ecsiondevstorage.blob.core.windows.net/wedding-storage/A2A983EC-4354-490B-A529-3D4C5C1BB118.png",
    "imageBottom": "https://ecsiondevstorage.blob.core.windows.net/wedding-storage/2B2D47B9-224F-422B-9477-D7BB11A088D3.png",
    "bgImage": "https://ecsiondevstorage.blob.core.windows.net/wedding-storage/39FC9439-8499-4AB2-A827-6EB5098ACD5B.png",
    "bgResponsiveImage": "https://ecsiondevstorage.blob.core.windows.net/wedding-storage/932779A6-5CBD-4E18-A182-2F00ECF57AF2.png"
  },
  {
    "primaryColor": "#000000",
    "secondaryColor": "#333333",
    "bodyColor": "#FFFFFF",
    "textColor": "#171614",
    "actionColor": "#E94444",
    "successColor": "#38cc31",
    "borderGray": "#ccc",
    "primaryFont": "laurentine",
    "secondaryFont": "Playfair",
    "bodyRegularFont": "Montserrat",
    "bodyMediumFont": "Poppins-Medium",
    "bodyBoldFont": "georgia",
    "headingFont": "BonheurRoyale-Regular",
    "imageTop": "https://ecsiondevstorage.blob.core.windows.net/wedding-storage/A2A983EC-4354-490B-A529-3D4C5C1BB118.png",
    "imageBottom": "https://ecsiondevstorage.blob.core.windows.net/wedding-storage/2B2D47B9-224F-422B-9477-D7BB11A088D3.png",
   "bgImage": "https://ecsiondevstorage.blob.core.windows.net/wedding-storage/39FC9439-8499-4AB2-A827-6EB5098ACD5B.png",
    "bgResponsiveImage": "https://ecsiondevstorage.blob.core.windows.net/wedding-storage/932779A6-5CBD-4E18-A182-2F00ECF57AF2.png"
  },
  {
    "primaryColor": "#FFFFFF",
    "secondaryColor": "#333333",
    "bodyColor": "#033352",
    "textColor": "#FFFFFF",
    "actionColor": "#E94444",
    "successColor": "#38cc31",
    "borderGray": "#ccc",
    "primaryFont": "laurentine",
    "secondaryFont": "Playfair",
    "bodyRegularFont": "Montserrat",
    "bodyMediumFont": "Poppins-Medium",
    "bodyBoldFont": "georgia",
    "headingFont": "BonheurRoyale-Regular",
    "imageTop": "https://ecsiondevstorage.blob.core.windows.net/wedding-storage/A2A983EC-4354-490B-A529-3D4C5C1BB118.png",
    "imageBottom": "https://ecsiondevstorage.blob.core.windows.net/wedding-storage/2B2D47B9-224F-422B-9477-D7BB11A088D3.png",
    "bgImage": "https://ecsiondevstorage.blob.core.windows.net/wedding-storage/39FC9439-8499-4AB2-A827-6EB5098ACD5B.png",
    "bgResponsiveImage": "https://ecsiondevstorage.blob.core.windows.net/wedding-storage/932779A6-5CBD-4E18-A182-2F00ECF57AF2.png"
  },
  {
    "primaryColor": "#FFFFFF",
    "secondaryColor": "#333333",
    "bodyColor": "#1E3304",
    "textColor": "#FFFFFF",
    "actionColor": "#E94444",
    "successColor": "#38cc31",
    "borderGray": "#ccc",
    "primaryFont": "laurentine",
    "secondaryFont": "Playfair",
    "bodyRegularFont": "Montserrat",
    "bodyMediumFont": "Poppins-Medium",
    "bodyBoldFont": "georgia",
    "headingFont": "BonheurRoyale-Regular",
    "imageTop": "https://ecsiondevstorage.blob.core.windows.net/wedding-storage/A2A983EC-4354-490B-A529-3D4C5C1BB118.png",
    "imageBottom": "https://ecsiondevstorage.blob.core.windows.net/wedding-storage/2B2D47B9-224F-422B-9477-D7BB11A088D3.png",
    "bgImage": "https://ecsiondevstorage.blob.core.windows.net/wedding-storage/39FC9439-8499-4AB2-A827-6EB5098ACD5B.png",
    "bgResponsiveImage": "https://ecsiondevstorage.blob.core.windows.net/wedding-storage/932779A6-5CBD-4E18-A182-2F00ECF57AF2.png"
  }
]
