[
  {
    "primaryColor": "#464646",
    "secondaryColor": "#333333",
    "bodyColor": "#FFFAD9",
    "textColor": "#C5942C",
    "actionColor": "#E94444",
    "successColor": "#38cc31",
    "borderGray": "#ccc",
    "primaryFont": "birallinaRegular",
    "secondaryFont": "georgia",
    "tertiaryFont": "georgia",
    "bodyBoldFont": "Poppins",
    "headingFont": "BonheurRoyale-Regular",
    "imageTop": "https://ecsiondevstorage.blob.core.windows.net/wedding-storage/2010A1AE-818B-4471-A31E-8ACCC623DBDF.png",
    "imageBottom": "https://ecsiondevstorage.blob.core.windows.net/wedding-storage/02373BAE-C820-4F03-905A-8633CF1E7EAD.png",
    "bgImage": "https://ecsiondevstorage.blob.core.windows.net/wedding-storage/3053EC9D-CD74-4B44-A040-BDD9B5D34E9E.png",
    "bgResponsiveImage": "https://ecsiondevstorage.blob.core.windows.net/wedding-storage/F5428269-CE4D-457E-B7E6-BF0B99D055A9.png"
},
{
  "primaryColor": "#464646",
  "secondaryColor": "#333333",
  "bodyColor": "#FFEDDB",
  "textColor": "#C5942C",
  "actionColor": "#E94444",
  "successColor": "#38cc31",
  "borderGray": "#ccc",
  "primaryFont": "birallinaRegular",
  "secondaryFont": "georgia",
  "tertiaryFont": "georgia",
  "bodyBoldFont": "Poppins",
  "headingFont": "BonheurRoyale-Regular",
  "imageTop": "https://ecsiondevstorage.blob.core.windows.net/wedding-storage/2010A1AE-818B-4471-A31E-8ACCC623DBDF.png",
  "imageBottom": "https://ecsiondevstorage.blob.core.windows.net/wedding-storage/02373BAE-C820-4F03-905A-8633CF1E7EAD.png",
  "bgImage": "https://ecsiondevstorage.blob.core.windows.net/wedding-storage/3053EC9D-CD74-4B44-A040-BDD9B5D34E9E.png",
  "bgResponsiveImage": "https://ecsiondevstorage.blob.core.windows.net/wedding-storage/F5428269-CE4D-457E-B7E6-BF0B99D055A9.png"
},

{
  "primaryColor": "#ffffff",
  "secondaryColor": "#333333",
  "bodyColor": "#362D2D",
  "textColor": "#C5942C",
  "actionColor": "#E94444",
  "successColor": "#38cc31",
  "borderGray": "#ccc",
  "primaryFont": "birallinaRegular",
  "secondaryFont": "georgia",
  "tertiaryFont": "georgia",
  "bodyBoldFont": "Poppins",
  "headingFont": "BonheurRoyale-Regular",
  "imageTop": "https://ecsiondevstorage.blob.core.windows.net/wedding-storage/2010A1AE-818B-4471-A31E-8ACCC623DBDF.png",
  "imageBottom": "https://ecsiondevstorage.blob.core.windows.net/wedding-storage/02373BAE-C820-4F03-905A-8633CF1E7EAD.png",
  "bgImage": "https://ecsiondevstorage.blob.core.windows.net/wedding-storage/3053EC9D-CD74-4B44-A040-BDD9B5D34E9E.png",
  "bgResponsiveImage": "https://ecsiondevstorage.blob.core.windows.net/wedding-storage/F5428269-CE4D-457E-B7E6-BF0B99D055A9.png"
},

{
  "primaryColor": "#ffffff",
  "secondaryColor": "#333333",
  "bodyColor": "#2F3939",
  "textColor": "#C5942C",
  "actionColor": "#E94444",
  "successColor": "#38cc31",
  "borderGray": "#ccc",
  "primaryFont": "birallinaRegular",
  "secondaryFont": "georgia",
  "tertiaryFont": "georgia",
  "bodyBoldFont": "Poppins",
  "headingFont": "BonheurRoyale-Regular",
  "imageTop": "https://ecsiondevstorage.blob.core.windows.net/wedding-storage/2010A1AE-818B-4471-A31E-8ACCC623DBDF.png",
  "imageBottom": "https://ecsiondevstorage.blob.core.windows.net/wedding-storage/02373BAE-C820-4F03-905A-8633CF1E7EAD.png",
  "bgImage": "https://ecsiondevstorage.blob.core.windows.net/wedding-storage/3053EC9D-CD74-4B44-A040-BDD9B5D34E9E.png",
  "bgResponsiveImage": "https://ecsiondevstorage.blob.core.windows.net/wedding-storage/F5428269-CE4D-457E-B7E6-BF0B99D055A9.png"
}
]