{
  "invitation-title": "Save the Date",
  "your-name": "Chirag",
  "partner-name": "Isha",
  "invitation-full-date": "",
  "invitation-time": "From 4:00 Pm Onwards",
  "invitation-address": "Ceremony Sta. Mery Church Reception Hotel Palace",
  "couple-img1": "",
  "couple-img2": "",
  "couple-img3": "",
  "invitation-description": "You are invited to the wedding of",
  "invitation-date": "24",
  "invitation-month": "",
  "invitation-month-text": "May",
  "invitation-year": "2024",
  "following-party": "",
  "invitation-full-date-text":"date with text",
  "invitation-week-day": "SUNDAY"
}