{
    "invitation-title": "Wedding Invitation",
    "your-name": "Bhumik",
    "partner-name": "Ruchita",
    "your-parent-name": "  (D/O smt.Rupa Devi & Sri. Radhey Shyam )",
    "partner-parent-name": "(S/O smt.Parvati & Shri. Mohan Bajoria )",
    "invitation-full-date": "",
    "invitation-time": "From 4:00 Pm Onwards",
    "invitation-address": "Ceremony Sta. Mery Church Reception Hotel Palace",
    "couple-img1": "",
    "couple-img2": "",
    "couple-img3": "",
    "invitation-description": "You are invited to the wedding of",
    "invitation-date": "24",
    "invitation-month": "",
    "invitation-month-text": "May",
    "invitation-year": "2024",
    "following-party": "Following Party",
    "invitation-full-date-text": "",
    "invitation-day": "SUNDAY",
    "yourInitial": "",
    "partnerInitial": ""
  }