{
    "invitation-title": "Save The Date",
    "your-name": "",
    "partner-name": "",
    "your-parent-name": "",
    "partner-parent-name": "",
    "invitation-full-date": "",
    "invitation-time": "",
    "invitation-venue":"",
    "invitation-address": "",
    "couple-img1": "",
    "couple-img2": "",
    "couple-img3": "",
    "invitation-description": "",
    "invitation-message": "",
    "invitation-date": "30",
    "invitation-month": "",
    "invitation-month-text": "MAY",
    "invitation-year": "2026",
    "following-party": "",
    "invitation-full-date-text": "",
    "invitation-week-day": "",
    "yourInitial": "P",
    "partnerInitial": "C"
  }