[

    {
        "primaryColor": "#6769A9",
        "secondaryColor": "#333333",
        "bodyColor": "#FFF3E8",
        "textColor": "#6769A9",
        "actionColor": "#E94444",
        "successColor": "#38cc31",
        "borderGray": "#ccc",
        "primaryFont": "Avokovie",
        "secondaryFont": "georgia",
        "bodyRegularFont": "Poppins-Regular",
        "bodyMediumFont": "Poppins-Medium",
        "bodyBoldFont": "georgia",
        "tertiaryFont": "georgiab",
        "headingFont": "BonheurRoyale-Regular",
        "bgImage": "https://ecsiondevstorage.blob.core.windows.net/wedding-storage/6D50FF7B-9D58-4C55-8BA3-42AFB68EBA65.svg",
        "bgResponsiveImage": "https://ecsiondevstorage.blob.core.windows.net/wedding-storage/A2BAD80A-A48A-40D3-B780-2F4FDEE3A561.png"
        }
    
      
    ]