{
    "invitation-title": "KINDLY JOIN US AT THE WEDDING OF",
    "your-name": "Priyanka",
    "partner-name": "Chetan",
    "your-parent-name": "",
    "partner-parent-name": "",
    "invitation-full-date": "",
    "invitation-time": "05:00 PM",
    "invitation-venue":"ROYAL BANQUET ",
    "invitation-address": "OPP. GARIB NAWAZ HOTEL, SAKI NAKA, MUMBAI",
    "couple-img1": "",
    "couple-img2": "",
    "couple-img3": "",
    "invitation-description": "",
    "invitation-message": "",
    "invitation-date": "30",
    "invitation-month": "",
    "invitation-month-text": "MAY",
    "invitation-year": "2026",
    "following-party": "",
    "invitation-full-date-text": "",
    "invitation-week-day": "THURSDAY",
    "yourInitial": "",
    "partnerInitial": ""
  }