[

    {
        "primaryColor": "#6769A9",
        "secondaryColor": "#333333",
        "bodyColor": "#FFF3E8",
        "textColor": "#6769A9",
        "actionColor": "#E94444",
        "successColor": "#38cc31",
        "borderGray": "#ccc",
        "primaryFont": "Avokovie",
        "secondaryFont": "georgia",
        "bodyRegularFont": "Poppins-Regular",
        "bodyMediumFont": "Poppins-Medium",
        "bodyBoldFont": "georgia",
        "tertiaryFont": "georgiab",
        "headingFont": "BonheurRoyale-Regular",
        "bgImage": "https://ecsiondevstorage.blob.core.windows.net/wedding-storage/0F819CB7-A944-4EE6-8DAF-53FDBE388D6D.svg",
        "bgResponsiveImage": "https://ecsiondevstorage.blob.core.windows.net/wedding-storage/0C420A5E-2993-4AF2-A335-ABD7C302C177.png"
        }
    
      
    ]