[

    {
        "primaryColor": "#13234D",
        "secondaryColor": "#333333",
        "bodyColor": "#FFF3E8",
        "textColor": "#13234D",
        "actionColor": "#E94444",
        "successColor": "#38cc31",
        "borderGray": "#ccc",
        "primaryFont": "Playfair Display",
        "secondaryFont": "georgia",
        "bodyRegularFont": "Poppins-Regular",
        "bodyMediumFont": "Poppins-Medium",
        "bodyBoldFont": "georgia",
        "tertiaryFont": "Poppins",
        "headingFont": "BonheurRoyale-Regular",
        "bgImage": "https://ecsiondevstorage.blob.core.windows.net/wedding-storage/083A6087-63F1-4799-A819-B5AA35A4712A.svg",
        "bgResponsiveImage": "https://ecsiondevstorage.blob.core.windows.net/wedding-storage/341E8956-5659-4F5F-8652-78D3F93C6D6F.png"
        }
    
      
    ]