[

    {
        "primaryColor": "#CDA755",
        "secondaryColor": "#333333",
        "bodyColor": "#FFF3E8",
        "textColor": "#6F5940",
        "actionColor": "#E94444",
        "successColor": "#38cc31",
        "borderGray": "#ccc",
        "primaryFont": "Sholaria",
        "secondaryFont": "Playfair Display",
        "bodyRegularFont": "Poppins-Regular",
        "bodyMediumFont": "Poppins-Medium",
        "bodyBoldFont": "georgia",
        "tertiaryFont": "abrilfatfaceRegular",
        "headingFont": "BonheurRoyale-Regular",
        "bgImage": "https://ecsiondevstorage.blob.core.windows.net/wedding-storage/036BE49F-8524-46A0-AA3F-A29C9E33BB90.png",
        "bgResponsiveImage": "https://ecsiondevstorage.blob.core.windows.net/wedding-storage/C8EFCC3F-D477-48EB-AB0E-BAD861B8687E.png"
        }
    ]