{
    "invitation-title": "SAVE THE DATE",
    "your-name": "BHAVIKA",
    "partner-name": "GAURAV",
    "your-parent-name": "",
    "partner-parent-name": "",
    "invitation-full-date": "",
    "invitation-time": "AT 11:00 AM",
    "invitation-venue":"",
    "invitation-address": "",
    "couple-img1": "",
    "couple-img2": "",
    "couple-img3": "",
    "invitation-description": "",
    "invitation-message": "",
    "invitation-date": "24",
    "invitation-month": "",
    "invitation-month-text": "JANUARY",
    "invitation-year": "2027",
    "following-party": "",
    "invitation-full-date-text": "",
    "invitation-week-day": "MONDAY",
    "yourInitial": "",
    "partnerInitial": ""
  }