[

    {
        "primaryColor": "#D3C386",
        "secondaryColor": "#333333",
        "bodyColor": "#FFF3E8",
        "textColor": "#D3C386",
        "actionColor": "#E94444",
        "successColor": "#38cc31",
        "borderGray": "#ccc",
        "primaryFont": "georgia",
        "secondaryFont": "georgia",
        "bodyRegularFont": "Poppins-Regular",
        "bodyMediumFont": "Poppins-Medium",
        "bodyBoldFont": "georgia",
        "tertiaryFont": "abrilfatfaceRegular",
        "headingFont": "BonheurRoyale-Regular",
        "bgImage": "https://ecsiondevstorage.blob.core.windows.net/wedding-storage/E72971F9-04C9-4B1E-A7DA-83F3DD86405F.svg",
        "bgResponsiveImage": "https://ecsiondevstorage.blob.core.windows.net/wedding-storage/9BE6A39C-4F76-4CFE-8B33-D5EBA7BE93C1.png"
        }
    
      
    ]