[
  {
    "primaryColor": "#000000",
    "secondaryColor": "#333333",
    "bodyColor": "#FFF7F7",
    "textColor": "#000000",
    "actionColor": "#E94444",
    "successColor": "#38cc31",
    "borderGray": "#ccc",
    "primaryFont": "laurentine",
    "secondaryFont": "Playfair",
    "bodyRegularFont": "Montserrat",
    "bodyMediumFont": "Poppins-Medium",
    "bodyBoldFont": "georgia",
    "headingFont": "BonheurRoyale-Regular",
    "imageTop": "https://ecsiondevstorage.blob.core.windows.net/wedding-storage/27029A1A-0C1A-4E24-ADF4-9B232853BCF7.png",
    "imageBottom": "https://ecsiondevstorage.blob.core.windows.net/wedding-storage/ED87122C-DD99-468D-9E3F-AABAFDA5268B.png",
    "bgImage": "https://ecsiondevstorage.blob.core.windows.net/wedding-storage/5321F267-706B-47AC-8B52-E106345D851C.png",
    "bgResponsiveImage": "https://ecsiondevstorage.blob.core.windows.net/wedding-storage/3E569618-3DC5-4397-82EF-10E875DA7E7F.png"
  },
  
  {
    "primaryColor": "#000000",
    "secondaryColor": "#333333",
    "bodyColor": "#FFFFFF",
    "textColor": "#000000",
    "actionColor": "#E94444",
    "successColor": "#38cc31",
    "borderGray": "#ccc",
    "primaryFont": "laurentine",
    "secondaryFont": "Playfair",
    "bodyRegularFont": "Montserrat",
    "bodyMediumFont": "Poppins-Medium",
    "bodyBoldFont": "georgia",
    "headingFont": "BonheurRoyale-Regular",
    "imageTop": "https://ecsiondevstorage.blob.core.windows.net/wedding-storage/27029A1A-0C1A-4E24-ADF4-9B232853BCF7.png",
    "imageBottom": "https://ecsiondevstorage.blob.core.windows.net/wedding-storage/ED87122C-DD99-468D-9E3F-AABAFDA5268B.png",
      "bgImage": "https://ecsiondevstorage.blob.core.windows.net/wedding-storage/5321F267-706B-47AC-8B52-E106345D851C.png",
    "bgResponsiveImage": "https://ecsiondevstorage.blob.core.windows.net/wedding-storage/3E569618-3DC5-4397-82EF-10E875DA7E7F.png"
  },

  {
    "primaryColor": "#FFFFFF",
    "secondaryColor": "#333333",
    "bodyColor": "#033352",
    "textColor": "#FFFFFF",
    "actionColor": "#E94444",
    "successColor": "#38cc31",
    "borderGray": "#ccc",
    "primaryFont": "laurentine",
    "secondaryFont": "Playfair",
    "bodyRegularFont": "Montserrat",
    "bodyMediumFont": "Poppins-Medium",
    "bodyBoldFont": "georgia",
    "headingFont": "BonheurRoyale-Regular",
    "imageTop": "https://ecsiondevstorage.blob.core.windows.net/wedding-storage/27029A1A-0C1A-4E24-ADF4-9B232853BCF7.png",
    "imageBottom": "https://ecsiondevstorage.blob.core.windows.net/wedding-storage/ED87122C-DD99-468D-9E3F-AABAFDA5268B.png",
     "bgImage": "https://ecsiondevstorage.blob.core.windows.net/wedding-storage/5321F267-706B-47AC-8B52-E106345D851C.png",
    "bgResponsiveImage": "https://ecsiondevstorage.blob.core.windows.net/wedding-storage/3E569618-3DC5-4397-82EF-10E875DA7E7F.png"
  },
  {
    "primaryColor": "#000000",
    "secondaryColor": "#333333",
    "bodyColor": "#FFFFFF",
    "textColor": "#171614",
    "actionColor": "#E94444",
    "successColor": "#38cc31",
    "borderGray": "#ccc",
    "primaryFont": "laurentine",
    "secondaryFont": "Playfair",
    "bodyRegularFont": "Montserrat",
    "bodyMediumFont": "Poppins-Medium",
    "bodyBoldFont": "georgia",
    "headingFont": "BonheurRoyale-Regular",
    "imageTop": "https://ecsiondevstorage.blob.core.windows.net/wedding-storage/27029A1A-0C1A-4E24-ADF4-9B232853BCF7.png",
    "imageBottom": "https://ecsiondevstorage.blob.core.windows.net/wedding-storage/ED87122C-DD99-468D-9E3F-AABAFDA5268B.png",
     "bgImage": "https://ecsiondevstorage.blob.core.windows.net/wedding-storage/5321F267-706B-47AC-8B52-E106345D851C.png",
    "bgResponsiveImage": "https://ecsiondevstorage.blob.core.windows.net/wedding-storage/3E569618-3DC5-4397-82EF-10E875DA7E7F.png"
  }
]
