[
    {
        "primaryColor": " #3F2E00",
        "secondaryColor": "#333333",
        "bodyColor": " #FFFFFF",
        "textColor": "  #3F2E00",
        "actionColor": "#E94444",
        "successColor": "#38cc31",
        "borderGray": "#ccc",
        "primaryFont": "winlove",
        "secondaryFont": "Open Sans",
        "tertiaryFont": "georgia",
        "bodyRegularFont": "Poppins-Regular",
        "bodyMediumFont": "Poppins-Medium",
        "bodyBoldFont": "georgia",
        "headingFont": "BonheurRoyale-Regular",
        "imageTop": "https://ecsiondevstorage.blob.core.windows.net/wedding-storage/3E3FCD19-A40E-4F7C-A55B-47365A6CFEE3.png",
        "imageBottom": "https://ecsiondevstorage.blob.core.windows.net/wedding-storage/09983E7D-72C0-422D-87AC-CE2578CF03BA.png",
        "bgImage": "https://ecsiondevstorage.blob.core.windows.net/wedding-storage/E422D8A8-1E88-4C3E-B8B0-8B9F831E3431.png",
        "bgResponsiveImage": "https://ecsiondevstorage.blob.core.windows.net/wedding-storage/85674824-449A-4889-8DD5-1263DBAD5BCF.png"
    },
    {
        "primaryColor": "#3F2E00",
        "secondaryColor": "#333333",
        "bodyColor": " #FFFBE3",
        "textColor": "#3F2E00",
        "actionColor": "#E94444",
        "successColor": "#38cc31",
        "borderGray": "#ccc",
        "primaryFont": "winlove",
        "secondaryFont": "Open Sans",
        "tertiaryFont": "georgia",
        "bodyRegularFont": "Poppins-Regular",
        "bodyMediumFont": "Poppins-Medium",
        "bodyBoldFont": "georgia",
        "headingFont": "BonheurRoyale-Regular",
        "imageTop": "https://ecsiondevstorage.blob.core.windows.net/wedding-storage/3E3FCD19-A40E-4F7C-A55B-47365A6CFEE3.png",
        "imageBottom": "https://ecsiondevstorage.blob.core.windows.net/wedding-storage/09983E7D-72C0-422D-87AC-CE2578CF03BA.png",
        "bgImage": "https://ecsiondevstorage.blob.core.windows.net/wedding-storage/E422D8A8-1E88-4C3E-B8B0-8B9F831E3431.png",
        "bgResponsiveImage": "https://ecsiondevstorage.blob.core.windows.net/wedding-storage/85674824-449A-4889-8DD5-1263DBAD5BCF.png"
    },
    {
        "primaryColor": "#3F2E00",
        "secondaryColor": "#333333",
        "bodyColor": "#C9C8AA",
        "textColor": "#3F2E00",
        "actionColor": "#E94444",
        "successColor": "#38cc31",
        "borderGray": "#ccc",
        "primaryFont": "winlove",
        "secondaryFont": "Open Sans",
        "tertiaryFont": "georgia",
        "bodyRegularFont": "Poppins-Regular",
        "bodyMediumFont": "Poppins-Medium",
        "bodyBoldFont": "georgia",
        "headingFont": "BonheurRoyale-Regular",
        "imageTop": "https://ecsiondevstorage.blob.core.windows.net/wedding-storage/3E3FCD19-A40E-4F7C-A55B-47365A6CFEE3.png",
        "imageBottom": "https://ecsiondevstorage.blob.core.windows.net/wedding-storage/09983E7D-72C0-422D-87AC-CE2578CF03BA.png",
        "bgImage": "https://ecsiondevstorage.blob.core.windows.net/wedding-storage/E422D8A8-1E88-4C3E-B8B0-8B9F831E3431.png",
        "bgResponsiveImage": "https://ecsiondevstorage.blob.core.windows.net/wedding-storage/85674824-449A-4889-8DD5-1263DBAD5BCF.png"
    },
    {
        "primaryColor": "#FFFFFF",
        "secondaryColor": "#333333",
        "bodyColor": "#51522E",
        "textColor": "#FFFFFF",
        "actionColor": "#E94444",
        "successColor": "#38cc31",
        "borderGray": "#ccc",
        "primaryFont": "winlove",
        "secondaryFont": "Open Sans",
        "tertiaryFont": "georgia",
        "bodyRegularFont": "Poppins-Regular",
        "bodyMediumFont": "Poppins-Medium",
        "bodyBoldFont": "georgia",
        "headingFont": "BonheurRoyale-Regular",
   "imageTop": "https://ecsiondevstorage.blob.core.windows.net/wedding-storage/3E3FCD19-A40E-4F7C-A55B-47365A6CFEE3.png",
        "imageBottom": "https://ecsiondevstorage.blob.core.windows.net/wedding-storage/09983E7D-72C0-422D-87AC-CE2578CF03BA.png",
        "bgImage": "https://ecsiondevstorage.blob.core.windows.net/wedding-storage/E422D8A8-1E88-4C3E-B8B0-8B9F831E3431.png",
        "bgResponsiveImage": "https://ecsiondevstorage.blob.core.windows.net/wedding-storage/85674824-449A-4889-8DD5-1263DBAD5BCF.png"
    }
]