{
    "invitation-title": "",
    "your-name": "ANKITA",
    "partner-name": "KUNAL",
    "your-parent-name": "",
    "partner-parent-name": "",
    "invitation-full-date": "",
    "invitation-time": "AT 6 PM",
    "invitation-venue":"",
    "invitation-address": "",
    "couple-img1": "",
    "couple-img2": "",
    "couple-img3": "",
    "invitation-description": "",
    "invitation-message": "",
    "invitation-date": "16",
    "invitation-month": "",
    "invitation-month-text": "MAY",
    "invitation-year": "2026",
    "following-party": "",
    "invitation-full-date-text": "",
    "invitation-week-day": "SATURDAY",
    "yourInitial": "",
    "partnerInitial": ""
  }