{
    "invitation-title": "",
    "your-name": "SAANVI",
    "partner-name": "AYAAN",
    "your-parent-name": "",
    "partner-parent-name": "",
    "invitation-full-date": "MARCH 30TH 2026",
    "invitation-time": "",
    "invitation-venue":"",
    "invitation-address": "IN NAGPUR",
    "couple-img1": "",
    "couple-img2": "",
    "couple-img3": "",
    "invitation-description": "ARE TYING THE KNOT",
    "invitation-message": "",
    "invitation-date": "",
    "invitation-month": "",
    "invitation-month-text": "",
    "invitation-year": "",
    "following-party": "",
    "invitation-full-date-text": "",
    "invitation-week-day": "",
    "yourInitial": "",
    "partnerInitial": ""
  }