{
    "invitation-title": "TOGETHER WITH THEIR FAMILIES",
    "your-name": "Saanvi",
    "partner-name": "Ayan",
    "your-parent-name": "",
    "partner-parent-name": "",
    "invitation-full-date": "",
    "invitation-time": "AT TEN IN THE MORNING",
    "invitation-venue":"HOTEL ORIENT GRAND",
    "invitation-address": "PADOLE CORNER, ASHOK CHOWK, UNTKHANA, NAGPUR",
    "couple-img1": "",
    "couple-img2": "",
    "couple-img3": "",
    "invitation-description": "INVITE YOU TO CELEBRATE THEIR MARRIAGE",
    "invitation-message": "",
    "invitation-date": "30",
    "invitation-month": "",
    "invitation-month-text": "MARCH",
    "invitation-year": "2026",
    "following-party": "",
    "invitation-full-date-text": "",
    "invitation-week-day": "",
    "yourInitial": "",
    "partnerInitial": ""
  }