[
  {
    "primaryColor": "#FFFFFF",
    "secondaryColor": "#333333",
    "bodyColor": "#113847",
    "textColor": "#FFFFFF",
    "actionColor": "#E94444",
    "successColor": "#38cc31",
    "borderGray": "#ccc",
    "primaryFont": "Hurricane",
    "secondaryFont": "georgia",
    "bodyRegularFont": "Poppins-Regular",
    "bodyMediumFont": "Poppins-Medium",
    "bodyBoldFont": "georgia",
    "tertiaryFont": "Open Sans",
    "headingFont": "BonheurRoyale-Regular",
    "bgImage": "https://ecsiondevstorage.blob.core.windows.net/wedding-storage/C9231F9F-821A-47CC-9DEB-C03593211B70.png",
    "bgResponsiveImage": "https://ecsiondevstorage.blob.core.windows.net/wedding-storage/80564C9F-9B3F-4A6F-BB0A-54871080D276.png"
  },
  {
    "primaryColor": "#FFFFFF",
    "secondaryColor": "#333333",
    "bodyColor": "#336B6E",
    "textColor": "#FFFFFF",
    "actionColor": "#E94444",
    "successColor": "#38cc31",
    "borderGray": "#ccc",
    "primaryFont": "Hurricane",
    "secondaryFont": "georgia",
    "bodyRegularFont": "Poppins-Regular",
    "bodyMediumFont": "Poppins-Medium",
    "bodyBoldFont": "georgia",
    "tertiaryFont": "Open Sans",
    "headingFont": "BonheurRoyale-Regular",
    "bgImage": "https://ecsiondevstorage.blob.core.windows.net/wedding-storage/C9231F9F-821A-47CC-9DEB-C03593211B70.png",
    "bgResponsiveImage": "https://ecsiondevstorage.blob.core.windows.net/wedding-storage/80564C9F-9B3F-4A6F-BB0A-54871080D276.png"
  },
  {
    "primaryColor": "#000000",
    "secondaryColor": "#333333",
    "bodyColor": "#C9F0FF",
    "textColor": "#000000",
    "actionColor": "#E94444",
    "successColor": "#38cc31",
    "borderGray": "#ccc",
    "primaryFont": "Hurricane",
    "secondaryFont": "georgia",
    "bodyRegularFont": "Poppins-Regular",
    "bodyMediumFont": "Poppins-Medium",
    "bodyBoldFont": "georgia",
    "tertiaryFont": "Open Sans",
    "headingFont": "BonheurRoyale-Regular",
    "bgImage": "https://ecsiondevstorage.blob.core.windows.net/wedding-storage/C9231F9F-821A-47CC-9DEB-C03593211B70.png",
    "bgResponsiveImage": "https://ecsiondevstorage.blob.core.windows.net/wedding-storage/80564C9F-9B3F-4A6F-BB0A-54871080D276.png"
  },
  {
    "primaryColor": "#000000",
    "secondaryColor": "#333333",
    "bodyColor": "#52B6CB",
    "textColor": "#000000",
    "actionColor": "#E94444",
    "successColor": "#38cc31",
    "borderGray": "#ccc",
    "primaryFont": "Hurricane",
    "secondaryFont": "georgia",
    "bodyRegularFont": "Poppins-Regular",
    "bodyMediumFont": "Poppins-Medium",
    "bodyBoldFont": "georgia",
    "tertiaryFont": "Open Sans",
    "headingFont": "BonheurRoyale-Regular",
    "bgImage": "https://ecsiondevstorage.blob.core.windows.net/wedding-storage/C9231F9F-821A-47CC-9DEB-C03593211B70.png",
    "bgResponsiveImage": "https://ecsiondevstorage.blob.core.windows.net/wedding-storage/80564C9F-9B3F-4A6F-BB0A-54871080D276.png"
  }
]