{
  "invitation-title": "",
  "your-name": "Isha Shirvasta",
  "partner-name": "Chirag Maheshwari",
  "your-parent-name": "D/O smt Rupa Devi & Sri Radhey Shyam",
  "partner-parent-name": "S/O smt Parvati & Shri Mohan Bajoria",
  "invitation-full-date": "18 March 2024",
  "invitation-time": "From 4:00 pm Saturday onwards",
  "invitation-venue": "The Seven Hotel",
  "invitation-address": "W High Ct Rd Surendra Nagar Vivekanand Nagar Nagpur",
  "couple-img1": "",
  "couple-img2": "",
  "couple-img3": "",
  "invitation-description": "Request your grorious presence at the Wedding of there daugher",
  "invitation-message": "",
  "invitation-date": "",
  "invitation-month": "",
  "invitation-month-text": " ",
  "invitation-year": "",
  "following-party": "Reception to follow",
  "invitation-full-date-text": "",
  "invitation-week-day": "",
  "yourInitial": "",
  "partnerInitial": ""
}