[

    {
        "primaryColor": "#354E26",
        "secondaryColor": "#333333",
        "bodyColor": "#FFF3E8",
        "textColor": "#354E26",
        "actionColor": "#E94444",
        "successColor": "#38cc31",
        "borderGray": "#ccc",
        "primaryFont": "blinkaScript",
        "secondaryFont": "Montserrat",
        "bodyRegularFont": "Poppins-Regular",
        "bodyMediumFont": "Poppins-Medium",
        "bodyBoldFont": "georgia",
        "tertiaryFont": "georgia",
        "headingFont": "BonheurRoyale-Regular",
        "bgImage": "https://ecsiondevstorage.blob.core.windows.net/wedding-storage/5FECED5F-20F8-4728-83A4-C05D92FD9A9A.svg",
        "bgResponsiveImage": "https://ecsiondevstorage.blob.core.windows.net/wedding-storage/B0B819F4-6BEE-4D33-A448-0A8949363368.png"
        }
    
      
    ]