[

    {
        "primaryColor": "#966A2C",
        "secondaryColor": "#333333",
        "bodyColor": "#FFF3E8",
        "textColor": "#966A2C",
        "actionColor": "#E94444",
        "successColor": "#38cc31",
        "borderGray": "#ccc",
        "primaryFont": "Playfair Display",
        "secondaryFont": "Playfair Display",
        "bodyRegularFont": "Poppins-Regular",
        "bodyMediumFont": "Poppins-Medium",
        "bodyBoldFont": "georgia",
        "tertiaryFont": "abrilfatfaceRegular",
        "headingFont": "BonheurRoyale-Regular",
       "bgImage": "https://ecsiondevstorage.blob.core.windows.net/wedding-storage/6A196665-A761-47FA-9A52-9195283CE020.png",
        "bgResponsiveImage": "https://ecsiondevstorage.blob.core.windows.net/wedding-storage/31773892-0683-4611-9F18-AA769BE6C319.png"
          }
    
      
    ]