{
    "invitation-title": "SAVE THE DATE",
    "your-name": "Raghav",
    "partner-name": "Anitha",
    "your-parent-name": "",
    "partner-parent-name": "",
    "invitation-full-date": "",
    "invitation-time": "",
    "invitation-venue":"",
    "invitation-address": "",
    "couple-img1": "",
    "couple-img2": "",
    "couple-img3": "",
    "invitation-description": "",
    "invitation-message": "",
    "invitation-date": "28",
    "invitation-month": "",
    "invitation-month-text": "FEBRUARY",
    "invitation-year": "2026",
    "following-party": "",
    "invitation-full-date-text": "",
    "invitation-week-day": "SATURDAY",
    "yourInitial": "",
    "partnerInitial": ""
  }