[

    {
        "primaryColor": "#051002",
        "secondaryColor": "#333333",
        "bodyColor": "#FFF3E8",
        "textColor": "#051002",
        "actionColor": "#E94444",
        "successColor": "#38cc31",
        "borderGray": "#ccc",
        "primaryFont": "parisienneRegular",
        "secondaryFont": "Poppins",
        "bodyRegularFont": "Poppins-Regular",
        "bodyMediumFont": "Poppins-Medium",
        "bodyBoldFont": "georgia",
        "tertiaryFont": "abrilfatfaceRegular",
        "headingFont": "BonheurRoyale-Regular",
        "bgImage": "https://ecsiondevstorage.blob.core.windows.net/wedding-storage/075DFA45-EA59-450F-A9D8-01FB58F546C4.svg",
        "bgResponsiveImage": "https://ecsiondevstorage.blob.core.windows.net/wedding-storage/5FF24790-0032-4D50-A485-9E466EF0C87F.png"
        }
    ]