{
    "invitation-title": "THE WEDDING OF",
    "your-name": "Raghav",
    "partner-name": "Anitha",
    "your-parent-name": "",
    "partner-parent-name": "",
    "invitation-full-date": "23 August 2017",
    "invitation-time": "FROM 5:00PM ONWARDS",
    "invitation-venue":"RAGHUNANDAN HALL",
    "invitation-address": "NEAR RAJARAM PETROL PUMP PUNE",
    "couple-img1": "",
    "couple-img2": "",
    "couple-img3": "",
    "invitation-description": "INVITE YOU TO THEIR WEDDING CELEBRATION",
    "invitation-message": "",
    "invitation-date": "28",
    "invitation-month": "",
    "invitation-month-text": "FEBRUARY",
    "invitation-year": "2026",
    "following-party": "",
    "invitation-full-date-text": "",
    "invitation-week-day": "SUNDAY",
    "yourInitial": "",
    "partnerInitial": ""
  }