{
    "invitation-title": "",
    "your-name": "AASHIMA",
    "partner-name": "RAJIV",
    "your-parent-name": "",
    "partner-parent-name": "",
    "invitation-full-date": "28.01.2026",
    "invitation-time": "AT 5 PM ",
    "invitation-venue":"",
    "invitation-address": "",
    "couple-img1": "",
    "couple-img2": "",
    "couple-img3": "",
    "invitation-description": "",
    "invitation-message": "",
    "invitation-date": "",
    "invitation-month": "",
    "invitation-month-text": "",
    "invitation-year": "",
    "following-party": "",
    "invitation-full-date-text": "",
    "invitation-week-day": "",
    "yourInitial": "",
    "partnerInitial": ""
  }