[
  {
    "primaryColor": "#000000",
    "secondaryColor": "#333333",
    "bodyColor": "#FFF7F7",
    "textColor": "#000000",
    "actionColor": "#E94444",
    "successColor": "#38cc31",
    "borderGray": "#ccc",
    "primaryFont": "laurentine",
    "secondaryFont": "Playfair Display",
    "bodyRegularFont": "Montserrat",
    "bodyMediumFont": "Poppins-Medium",
    "bodyBoldFont": "georgia",
    "headingFont": "BonheurRoyale-Regular",
    "imageTop": "https://ecsiondevstorage.blob.core.windows.net/wedding-storage/892D0160-AD99-4FF8-9E3C-E48F317E7F1F.png",
    "imageBottom": "https://ecsiondevstorage.blob.core.windows.net/wedding-storage/60EA454F-8FD4-4436-8E1C-0F3E30914E46.png",
    "bgImage": "https://ecsiondevstorage.blob.core.windows.net/wedding-storage/0AF896BD-04C4-4918-8CC0-FDF10201225C.png",
    "bgResponsiveImage": "https://ecsiondevstorage.blob.core.windows.net/wedding-storage/F6C6A5ED-2494-4EF6-93B9-2F54E2DAA624.png"
  },
  {
    "primaryColor": "#000000",
    "secondaryColor": "#333333",
    "bodyColor": "#FFFFFF",
    "textColor": "#000000",
    "actionColor": "#E94444",
    "successColor": "#38cc31",
    "borderGray": "#ccc",
    "primaryFont": "laurentine",
    "secondaryFont": "Playfair Display",
    "bodyRegularFont": "Montserrat",
    "bodyMediumFont": "Poppins-Medium",
    "bodyBoldFont": "georgia",
    "headingFont": "BonheurRoyale-Regular",
    "imageTop": "https://ecsiondevstorage.blob.core.windows.net/wedding-storage/892D0160-AD99-4FF8-9E3C-E48F317E7F1F.png",
    "imageBottom": "https://ecsiondevstorage.blob.core.windows.net/wedding-storage/60EA454F-8FD4-4436-8E1C-0F3E30914E46.png",
     "bgImage": "https://ecsiondevstorage.blob.core.windows.net/wedding-storage/0AF896BD-04C4-4918-8CC0-FDF10201225C.png",
    "bgResponsiveImage": "https://ecsiondevstorage.blob.core.windows.net/wedding-storage/F6C6A5ED-2494-4EF6-93B9-2F54E2DAA624.png"
  },
  {
    "primaryColor": "#FFFFFF",
    "secondaryColor": "#333333",
    "bodyColor": "#53231B",
    "textColor": "#FFFFFF",
    "actionColor": "#E94444",
    "successColor": "#38cc31",
    "borderGray": "#ccc",
    "primaryFont": "laurentine",
    "secondaryFont": "Playfair Display",
    "bodyRegularFont": "Montserrat",
    "bodyMediumFont": "Poppins-Medium",
    "bodyBoldFont": "georgia",
    "headingFont": "BonheurRoyale-Regular",
    "imageTop": "https://ecsiondevstorage.blob.core.windows.net/wedding-storage/892D0160-AD99-4FF8-9E3C-E48F317E7F1F.png",
    "imageBottom": "https://ecsiondevstorage.blob.core.windows.net/wedding-storage/60EA454F-8FD4-4436-8E1C-0F3E30914E46.png",
  "bgImage": "https://ecsiondevstorage.blob.core.windows.net/wedding-storage/0AF896BD-04C4-4918-8CC0-FDF10201225C.png",
    "bgResponsiveImage": "https://ecsiondevstorage.blob.core.windows.net/wedding-storage/F6C6A5ED-2494-4EF6-93B9-2F54E2DAA624.png"
  },
  {
    "primaryColor": "#FFFFFF",
    "secondaryColor": "#333333",
    "bodyColor": "#000000",
    "textColor": "#FFFFFF",
    "actionColor": "#E94444",
    "successColor": "#38cc31",
    "borderGray": "#ccc",
    "primaryFont": "laurentine",
    "secondaryFont": "Playfair Display",
    "bodyRegularFont": "Montserrat",
    "bodyMediumFont": "Poppins-Medium",
    "bodyBoldFont": "georgia",
    "headingFont": "BonheurRoyale-Regular",
    "imageTop": "https://ecsiondevstorage.blob.core.windows.net/wedding-storage/892D0160-AD99-4FF8-9E3C-E48F317E7F1F.png",
    "imageBottom": "https://ecsiondevstorage.blob.core.windows.net/wedding-storage/60EA454F-8FD4-4436-8E1C-0F3E30914E46.png",
  "bgImage": "https://ecsiondevstorage.blob.core.windows.net/wedding-storage/0AF896BD-04C4-4918-8CC0-FDF10201225C.png",
    "bgResponsiveImage": "https://ecsiondevstorage.blob.core.windows.net/wedding-storage/F6C6A5ED-2494-4EF6-93B9-2F54E2DAA624.png"
  }
]
