{
    "invitation-title": "TOGETHER WITH THEIR FAMILIES",
    "your-name": "ROSHANI",
    "partner-name": "PRIYANSH",
    "your-parent-name": "D/O Smt. Rupa Devi & Sri. Radhey Shyam",
    "partner-parent-name": "",
    "invitation-full-date": "",
    "invitation-time": " AT 05:00 PM",
    "invitation-venue":"HARRISON CELEBRATION",
    "invitation-address": "HANUMAN CHOWK, WARDHAMAN NAGAR, NAGPUR",
    "couple-img1": "",
    "couple-img2": "",
    "couple-img3": "",
    "invitation-description": "INVITE YOU TO CELEBRATE THEIR WEDDING",
    "invitation-message": "",
    "invitation-date": "15",
    "invitation-month": "07",
    "invitation-month-text": "",
    "invitation-year": "2026",
    "following-party": "",
    "invitation-full-date-text": "",
    "invitation-week-day": "",
    "yourInitial": "",
    "partnerInitial": ""
  }