[

    {
        "primaryColor": "#67330D",
        "secondaryColor": "#333333",
        "bodyColor": "#FFF3E8",
        "textColor": "#67330D",
        "actionColor": "#E94444",
        "successColor": "#38cc31",
        "borderGray": "#ccc",
        "primaryFont": "Playfair Display",
        "secondaryFont": "Montserrat",
        "bodyRegularFont": "Poppins-Regular",
        "bodyMediumFont": "Poppins-Medium",
        "bodyBoldFont": "georgia",
        "tertiaryFont": "abrilfatfaceRegular",
        "headingFont": "BonheurRoyale-Regular",
        "bgImage": "https://ecsiondevstorage.blob.core.windows.net/wedding-storage/BBF26463-75D6-4105-B3CA-80323AF9A533.svg",
        "bgResponsiveImage": "https://ecsiondevstorage.blob.core.windows.net/wedding-storage/CD2A592E-371A-490F-951D-3ED1B2DA3231.png"
        }
    ]