[

    {
        "primaryColor": "#67330D",
        "secondaryColor": "#333333",
        "bodyColor": "#FFF3E8",
        "textColor": "#67330D",
        "actionColor": "#E94444",
        "successColor": "#38cc31",
        "borderGray": "#ccc",
        "primaryFont": "brittanySignature",
        "secondaryFont": "Montserrat",
        "bodyRegularFont": "Poppins-Regular",
        "bodyMediumFont": "Poppins-Medium",
        "bodyBoldFont": "georgia",
        "tertiaryFont": "abrilfatfaceRegular",
        "headingFont": "BonheurRoyale-Regular",
        "bgImage": "https://ecsiondevstorage.blob.core.windows.net/wedding-storage/A5100B3D-A6E6-45D1-9A03-7ED8C0D61C3C.svg",
        "bgResponsiveImage": "https://ecsiondevstorage.blob.core.windows.net/wedding-storage/520CC483-00F4-45BF-AB7C-515EE5715C2D.png"
        }
    ]