[
  {
    "primaryColor": "#FFFFFF",
    "secondaryColor": "#333333",
    "bodyColor": "#381813",
    "textColor": "#FFFFFF",
    "actionColor": "#E94444",
    "successColor": "#38cc31",
    "borderGray": "#ccc",
    "primaryFont": "Italianno",
    "secondaryFont": "Poppins",
    "bodyRegularFont": "Poppins-Regular",
    "bodyMediumFont": "Poppins-Medium",
    "bodyBoldFont": "georgia",
    "tertiaryFont": "Open Sans",
    "headingFont": "BonheurRoyale-Regular",
    "bgImage": "https://ecsiondevstorage.blob.core.windows.net/wedding-storage/A99A93FB-5F26-4563-A9C7-A241D9CB224F.png",
    "bgResponsiveImage": "https://ecsiondevstorage.blob.core.windows.net/wedding-storage/E07C1BE7-375F-4DEE-94D5-0EF13007545E.png"
  },
  {
    "primaryColor": "#FFFFFF",
    "secondaryColor": "#333333",
    "bodyColor": "#023352",
    "textColor": "#FFFFFF",
    "actionColor": "#E94444",
    "successColor": "#38cc31",
    "borderGray": "#ccc",
    "primaryFont": "Italianno",
    "secondaryFont": "Poppins",
    "bodyRegularFont": "Poppins-Regular",
    "bodyMediumFont": "Poppins-Medium",
    "bodyBoldFont": "georgia",
    "tertiaryFont": "Open Sans",
    "headingFont": "BonheurRoyale-Regular",
    "bgImage": "https://ecsiondevstorage.blob.core.windows.net/wedding-storage/A99A93FB-5F26-4563-A9C7-A241D9CB224F.png",
    "bgResponsiveImage": "https://ecsiondevstorage.blob.core.windows.net/wedding-storage/E07C1BE7-375F-4DEE-94D5-0EF13007545E.png"
  },
  {
    "primaryColor": "#000000",
    "secondaryColor": "#333333",
    "bodyColor": "#FEFFE8",
    "textColor": "#000000",
    "actionColor": "#E94444",
    "successColor": "#38cc31",
    "borderGray": "#ccc",
    "primaryFont": "Italianno",
    "secondaryFont": "Poppins",
    "bodyRegularFont": "Poppins-Regular",
    "bodyMediumFont": "Poppins-Medium",
    "bodyBoldFont": "georgia",
    "tertiaryFont": "Open Sans",
    "headingFont": "BonheurRoyale-Regular",
    "bgImage": "https://ecsiondevstorage.blob.core.windows.net/wedding-storage/A99A93FB-5F26-4563-A9C7-A241D9CB224F.png",
    "bgResponsiveImage": "https://ecsiondevstorage.blob.core.windows.net/wedding-storage/E07C1BE7-375F-4DEE-94D5-0EF13007545E.png"
  },
  {
    "primaryColor": "#000000",
    "secondaryColor": "#333333",
    "bodyColor": "#FCEAF7",
    "textColor": "#000000",
    "actionColor": "#E94444",
    "successColor": "#38cc31",
    "borderGray": "#ccc",
    "primaryFont": "Italianno",
    "secondaryFont": "Poppins",
    "bodyRegularFont": "Poppins-Regular",
    "bodyMediumFont": "Poppins-Medium",
    "bodyBoldFont": "georgia",
    "tertiaryFont": "Open Sans",
    "headingFont": "BonheurRoyale-Regular",
    "bgImage": "https://ecsiondevstorage.blob.core.windows.net/wedding-storage/A99A93FB-5F26-4563-A9C7-A241D9CB224F.png",
    "bgResponsiveImage": "https://ecsiondevstorage.blob.core.windows.net/wedding-storage/E07C1BE7-375F-4DEE-94D5-0EF13007545E.png"
  },
  {
    "primaryColor": "#FFFFFF",
    "secondaryColor": "#333333",
    "bodyColor": "#202108",
    "textColor": "#FFFFFF",
    "actionColor": "#E94444",
    "successColor": "#38cc31",
    "borderGray": "#ccc",
    "primaryFont": "Italianno",
    "secondaryFont": "Poppins",
    "bodyRegularFont": "Poppins-Regular",
    "bodyMediumFont": "Poppins-Medium",
    "bodyBoldFont": "georgia",
    "tertiaryFont": "Open Sans",
    "headingFont": "BonheurRoyale-Regular",
    "bgImage": "https://ecsiondevstorage.blob.core.windows.net/wedding-storage/A99A93FB-5F26-4563-A9C7-A241D9CB224F.png",
    "bgResponsiveImage": "https://ecsiondevstorage.blob.core.windows.net/wedding-storage/E07C1BE7-375F-4DEE-94D5-0EF13007545E.png"
  }
]