[
    {
        "primaryColor": "#242424",
        "secondaryColor": "#333333",
        "bodyColor": "#FFFFFF",
        "textColor": "#3D412C",
        "actionColor": "#E94444",
        "successColor": "#38cc31",
        "borderGray": "#ccc",
        "primaryFont": "meldyte",
        "secondaryFont": "georgia",
        "tertiaryFont": "georgia",
        "bodyRegularFont": "Poppins-Regular",
        "bodyMediumFont": "Poppins-Medium",
        "bodyBoldFont": "georgia",
        "headingFont": "BonheurRoyale-Regular",
        "imageTop": "https://ecsiondevstorage.blob.core.windows.net/wedding-storage/6CD3B053-986E-4DAF-8902-F62C363EDE69.png",
        "imageBottom": "https://ecsiondevstorage.blob.core.windows.net/wedding-storage/7A01DD9F-8290-4B63-977C-F81362841590.png",
        "bgImage": "https://ecsiondevstorage.blob.core.windows.net/wedding-storage/D13E3E37-50D2-48AA-B5A6-75E404F517C9.png",
        "bgResponsiveImage": "https://ecsiondevstorage.blob.core.windows.net/wedding-storage/8B541CB5-8AD6-4B05-9036-688289559EFC.png"
    },
    {
        "primaryColor": "#000000",
        "secondaryColor": "#333333",
        "bodyColor": "#C2D6D9",
        "textColor": "#000000",
        "actionColor": "#E94444",
        "successColor": "#38cc31",
        "borderGray": "#ccc",
        "primaryFont": "meldyte",
        "secondaryFont": "georgia",
        "tertiaryFont": "georgia",
        "bodyRegularFont": "Poppins-Regular",
        "bodyMediumFont": "Poppins-Medium",
        "bodyBoldFont": "georgia",
        "headingFont": "BonheurRoyale-Regular",
        "imageTop": "https://ecsiondevstorage.blob.core.windows.net/wedding-storage/6CD3B053-986E-4DAF-8902-F62C363EDE69.png",
        "imageBottom": "https://ecsiondevstorage.blob.core.windows.net/wedding-storage/7A01DD9F-8290-4B63-977C-F81362841590.png",
        "bgImage": "https://ecsiondevstorage.blob.core.windows.net/wedding-storage/D13E3E37-50D2-48AA-B5A6-75E404F517C9.png",
        "bgResponsiveImage": "https://ecsiondevstorage.blob.core.windows.net/wedding-storage/8B541CB5-8AD6-4B05-9036-688289559EFC.png"
    },
    {
        "primaryColor": "#000000",
        "secondaryColor": "#333333",
        "bodyColor": "#FFFDF0",
        "textColor": "#000000",
        "actionColor": "#E94444",
        "successColor": "#38cc31",
        "borderGray": "#ccc",
        "primaryFont": "meldyte",
        "secondaryFont": "georgia",
        "tertiaryFont": "georgia",
        "bodyRegularFont": "Poppins-Regular",
        "bodyMediumFont": "Poppins-Medium",
        "bodyBoldFont": "georgia",
        "headingFont": "BonheurRoyale-Regular",
        "imageTop": "https://ecsiondevstorage.blob.core.windows.net/wedding-storage/6CD3B053-986E-4DAF-8902-F62C363EDE69.png",
        "imageBottom": "https://ecsiondevstorage.blob.core.windows.net/wedding-storage/7A01DD9F-8290-4B63-977C-F81362841590.png",
        "bgImage": "https://ecsiondevstorage.blob.core.windows.net/wedding-storage/D13E3E37-50D2-48AA-B5A6-75E404F517C9.png",
        "bgResponsiveImage": "https://ecsiondevstorage.blob.core.windows.net/wedding-storage/8B541CB5-8AD6-4B05-9036-688289559EFC.png"
    },
    {
        "primaryColor": "#FFFFFF",
        "secondaryColor": "#333333",
        "bodyColor": "#646464",
        "textColor": "#FFFFFF",
        "actionColor": "#E94444",
        "successColor": "#38cc31",
        "borderGray": "#ccc",
        "primaryFont": "meldyte",
        "secondaryFont": "georgia",
        "tertiaryFont": "georgia",
        "bodyRegularFont": "Poppins-Regular",
        "bodyMediumFont": "Poppins-Medium",
        "bodyBoldFont": "georgia",
        "headingFont": "BonheurRoyale-Regular",
        "imageTop": "https://ecsiondevstorage.blob.core.windows.net/wedding-storage/6CD3B053-986E-4DAF-8902-F62C363EDE69.png",
        "imageBottom": "https://ecsiondevstorage.blob.core.windows.net/wedding-storage/7A01DD9F-8290-4B63-977C-F81362841590.png",
        "bgImage": "https://ecsiondevstorage.blob.core.windows.net/wedding-storage/D13E3E37-50D2-48AA-B5A6-75E404F517C9.png",
        "bgResponsiveImage": "https://ecsiondevstorage.blob.core.windows.net/wedding-storage/8B541CB5-8AD6-4B05-9036-688289559EFC.png"
    }
]