[
  {
    "primaryColor": "#000000",
    "secondaryColor": "#333333",
    "bodyColor": "#FFFAEC",
    "textColor": "#2E2E2E",
    "actionColor": "#E94444",
    "successColor": "#38cc31",
    "borderGray": "#ccc",
    "primaryFont": "laurentine",
    "secondaryFont": "Playfair",
    "bodyRegularFont": "Montserrat",
    "bodyMediumFont": "Poppins-Medium",
    "bodyBoldFont": "georgia",
    "headingFont": "BonheurRoyale-Regular",
    "imageTop": "https://ecsiondevstorage.blob.core.windows.net/wedding-storage/B55775AD-6E90-49F0-9B0C-70835196AE8A.png",
    "imageBottom": "https://ecsiondevstorage.blob.core.windows.net/wedding-storage/B1091D31-40D6-4BD9-92F4-911EFD221BD1.png",
    "bgImage": "https://ecsiondevstorage.blob.core.windows.net/wedding-storage/ED11F672-FE3A-41B1-871C-827F2862F6A7.png",
    "bgResponsiveImage": "https://ecsiondevstorage.blob.core.windows.net/wedding-storage/43A098EF-C27D-467D-B53F-ED9890EB000E.png"
  },
  {
    "primaryColor": "#ffff",
    "secondaryColor": "#333333",
    "bodyColor": "#1F3832",
    "textColor": "#FFFFFF",
    "actionColor": "#E94444",
    "successColor": "#38cc31",
    "borderGray": "#ccc",
    "primaryFont": "laurentine",
    "secondaryFont": "Playfair",
    "bodyRegularFont": "Montserrat",
    "bodyMediumFont": "Poppins-Medium",
    "bodyBoldFont": "georgia",
    "headingFont": "BonheurRoyale-Regular",
    "imageTop": "https://ecsiondevstorage.blob.core.windows.net/wedding-storage/B55775AD-6E90-49F0-9B0C-70835196AE8A.png",
    "imageBottom": "https://ecsiondevstorage.blob.core.windows.net/wedding-storage/B1091D31-40D6-4BD9-92F4-911EFD221BD1.png",
   "bgImage": "https://ecsiondevstorage.blob.core.windows.net/wedding-storage/ED11F672-FE3A-41B1-871C-827F2862F6A7.png",
    "bgResponsiveImage": "https://ecsiondevstorage.blob.core.windows.net/wedding-storage/43A098EF-C27D-467D-B53F-ED9890EB000E.png"
  },
  {
    "primaryColor": "#FFFFFF",
    "secondaryColor": "#333333",
    "bodyColor": "#5A2021",
    "textColor": "#FFFFFF",
    "actionColor": "#E94444",
    "successColor": "#38cc31",
    "borderGray": "#ccc",
    "primaryFont": "laurentine",
    "secondaryFont": "Playfair",
    "bodyRegularFont": "Montserrat",
    "bodyMediumFont": "Poppins-Medium",
    "bodyBoldFont": "georgia",
    "headingFont": "BonheurRoyale-Regular",
    "imageTop": "https://ecsiondevstorage.blob.core.windows.net/wedding-storage/B55775AD-6E90-49F0-9B0C-70835196AE8A.png",
    "imageBottom": "https://ecsiondevstorage.blob.core.windows.net/wedding-storage/B1091D31-40D6-4BD9-92F4-911EFD221BD1.png",
    "bgImage": "https://ecsiondevstorage.blob.core.windows.net/wedding-storage/ED11F672-FE3A-41B1-871C-827F2862F6A7.png",
    "bgResponsiveImage": "https://ecsiondevstorage.blob.core.windows.net/wedding-storage/43A098EF-C27D-467D-B53F-ED9890EB000E.png"
  },
  {
    "primaryColor": "#000000",
    "secondaryColor": "#333333",
    "bodyColor": "#FFFFFF",
    "textColor": "#000000",
    "actionColor": "#E94444",
    "successColor": "#38cc31",
    "borderGray": "#ccc",
    "primaryFont": "laurentine",
    "secondaryFont": "Playfair",
    "bodyRegularFont": "Montserrat",
    "bodyMediumFont": "Poppins-Medium",
    "bodyBoldFont": "georgia",
    "headingFont": "BonheurRoyale-Regular",
    "imageTop": "https://ecsiondevstorage.blob.core.windows.net/wedding-storage/B55775AD-6E90-49F0-9B0C-70835196AE8A.png",
    "imageBottom": "https://ecsiondevstorage.blob.core.windows.net/wedding-storage/B1091D31-40D6-4BD9-92F4-911EFD221BD1.png",
     "bgImage": "https://ecsiondevstorage.blob.core.windows.net/wedding-storage/ED11F672-FE3A-41B1-871C-827F2862F6A7.png",
    "bgResponsiveImage": "https://ecsiondevstorage.blob.core.windows.net/wedding-storage/43A098EF-C27D-467D-B53F-ED9890EB000E.png"
  }
]
