{
    "invitation-title": "",
    "your-name": "Shamita",
    "partner-name": "Pranav",
    "your-parent-name": "SUNITA & RAJESH SHARMA",
    "partner-parent-name": "(S/O MEENAKSHI & ANIL VERMA)",
    "invitation-full-date": "",
    "invitation-time": "",
    "invitation-venue":"",
    "invitation-address": "",
    "couple-img1": "",
    "couple-img2": "",
    "couple-img3": "",
    "invitation-description": "REQUEST THE HONOUR OF YOUR PRESENCE AT THE WEDDING OF THEIR DAUGHTER",
    "invitation-message": "",
    "invitation-date": "",
    "invitation-month": "",
    "invitation-month-text": "",
    "invitation-year": "",
    "following-party": "#WEDDINGHASHTAG",
    "invitation-full-date-text": "",
    "invitation-week-day": "",
    "yourInitial": "",
    "partnerInitial": ""
  }