  {
      "invitation-title": "",
      "your-name": "PRADNYA",
      "partner-name": "SHEKHAR",
      "your-parent-name": "",
      "partner-parent-name": "",
      "invitation-full-date": "",
      "invitation-time": "",
      "invitation-venue":"",
      "invitation-address": "",
      "couple-img1": "",
      "couple-img2": "",
      "couple-img3": "",
      "invitation-description": "WELCOME TO THE WEDDING OF",
      "invitation-message": "",
      "invitation-date": "12",
      "invitation-month": "",
      "invitation-month-text": "DECEMBER",
      "invitation-year": "2025",
      "following-party": "",
      "invitation-full-date-text": "",
      "invitation-week-day": "",
      "yourInitial": "",
      "partnerInitial": ""
    }