{
    "invitation-title": "TOGETHER WITH THEIR FAMILIES",
    "your-name": "Pradnya",
    "partner-name": "Shekhar",
    "your-parent-name": "",
    "partner-parent-name": "",
    "invitation-full-date": "",
    "invitation-time": "AT 10 O'CLOCK IN THE MORNING",
    "invitation-venue":"THE LEELA PALACE",
    "invitation-address": "CHANAKYAPURI, NEW DELHI",
    "couple-img1": "",
    "couple-img2": "",
    "couple-img3": "",
    "invitation-description": "INVITE YOU TO THEIR WEDDING CELEBRATION",
    "invitation-message": "",
    "invitation-date": "12",
    "invitation-month": "",
    "invitation-month-text": "DECEMBER",
    "invitation-year": "2025",
    "following-party": "",
    "invitation-full-date-text": "",
    "invitation-week-day": "ON SUNDAY",
    "yourInitial": "",
    "partnerInitial": ""
  }