[

    {
        "primaryColor": "#13234D",
        "secondaryColor": "#333333",
        "bodyColor": "#FFF3E8",
        "textColor": "#13234D",
        "actionColor": "#E94444",
        "successColor": "#38cc31",
        "borderGray": "#ccc",
        "primaryFont": "Playfair Display",
        "secondaryFont": "Playfair Display",
        "bodyRegularFont": "Poppins-Regular",
        "bodyMediumFont": "Poppins-Medium",
        "bodyBoldFont": "georgia",
        "tertiaryFont": "Poppins",
        "headingFont": "BonheurRoyale-Regular",
        "bgImage": "https://ecsiondevstorage.blob.core.windows.net/wedding-storage/9B3ADF53-9158-41AA-9B08-04D92B3B149E.svg",
        "bgResponsiveImage": "https://ecsiondevstorage.blob.core.windows.net/wedding-storage/9EC2B4B7-CC38-4C14-8E79-6E0ABDD32E5E.png"
        }
    
      
    ]