{
    "invitation-title": "",
    "your-name": "Jatin",
    "partner-name": "Chahat",
    "your-parent-name": "",
    "partner-parent-name": "",
    "invitation-full-date": "",
    "invitation-time": "6:00 PM",
    "invitation-venue":"RAJWADA PALACE",
    "invitation-address": "TATA PARSI SCHOOL ROAD, OPPOSITE GANDHI SAGAR LAKE,NAGPUR",
    "couple-img1": "",
    "couple-img2": "",
    "couple-img3": "",
    "invitation-description": "TOGETHER WITH THEIR FAMILIES",
    "invitation-message": "",
    "invitation-date": "14TH",
    "invitation-month": "",
    "invitation-month-text": "FEB",
    "invitation-year": "",
    "following-party": "",
    "invitation-full-date-text": "",
    "invitation-week-day": "SUNDAY",
    "yourInitial": "",
    "partnerInitial": ""
  }