[

    {
        "primaryColor": "#13234D",
        "secondaryColor": "#333333",
        "bodyColor": "#FFF3E8",
        "textColor": "#13234D",
        "actionColor": "#E94444",
        "successColor": "#38cc31",
        "borderGray": "#ccc",
        "primaryFont": "Blongoc-Script",
        "secondaryFont": "Poppins",
        "bodyRegularFont": "Poppins-Regular",
        "bodyMediumFont": "Poppins-Medium",
        "bodyBoldFont": "georgia",
        "tertiaryFont": "Poppins",
        "headingFont": "BonheurRoyale-Regular",
        "bgImage": "https://ecsiondevstorage.blob.core.windows.net/wedding-storage/ECB617C1-6A7B-42FB-8CC9-E7AF4F9B6172.png",
        "bgResponsiveImage": "https://ecsiondevstorage.blob.core.windows.net/wedding-storage/3F67C414-0E8C-4DEF-88D5-61F6CA80667C.png"
        }
    
      
    ]