{
    "invitation-title": "",
    "your-name": "Jayesh",
    "partner-name": "Chetna",
    "your-parent-name": "",
    "partner-parent-name": "",
    "invitation-full-date": " ",
    "invitation-time": "5:00 PM",
    "invitation-venue":"LAL KOTHI LAWNS",
    "invitation-address": "BHILGAON ROAD, BHILGAON, NAGPUR",
    "couple-img1": "",
    "couple-img2": "",
    "couple-img3": "",
    "invitation-description": "TOGETHER WITH THEIR FAMILIES",
    "invitation-message": "",
    "invitation-date": "15TH ",
    "invitation-month": "",
    "invitation-month-text": "SEPTEMBER",
    "invitation-year": "2025",
    "following-party": "",
    "invitation-full-date-text": "",
    "invitation-week-day": "SUNDAY ",
    "yourInitial": "",
    "partnerInitial": ""
  }