        [

            {
                "primaryColor": "#CE9C27",
                "secondaryColor": "#333333",
                "bodyColor": "#FFF3E8",
                "textColor": "#000000",
                "actionColor": "#E94444",
                "successColor": "#38cc31",
                "borderGray": "#ccc",
                "primaryFont": "Sholaria",
                "secondaryFont": "Playfair Display",
                "bodyRegularFont": "Poppins-Regular",
                "bodyMediumFont": "Poppins-Medium",
                "bodyBoldFont": "georgia",
                "tertiaryFont": "abrilfatfaceRegular",
                "headingFont": "BonheurRoyale-Regular",
                "bgImage": "https://ecsiondevstorage.blob.core.windows.net/wedding-storage/10FC14DE-39E1-4223-ABC7-9547E077CA36.svg",
                "bgResponsiveImage": "https://ecsiondevstorage.blob.core.windows.net/wedding-storage/10FC14DE-39E1-4223-ABC7-9547E077CA36.svg"
                }
            ]