[

    {
        "primaryColor": "#051002",
        "secondaryColor": "#333333",
        "bodyColor": "#FFF3E8",
        "textColor": "#051002",
        "actionColor": "#E94444",
        "successColor": "#38cc31",
        "borderGray": "#ccc",
        "primaryFont": "The-Longlight",
        "secondaryFont": "Poppins",
        "bodyRegularFont": "Poppins-Regular",
        "bodyMediumFont": "Poppins-Medium",
        "bodyBoldFont": "georgia",
        "tertiaryFont": "abrilfatfaceRegular",
        "headingFont": "BonheurRoyale-Regular",
        "bgImage": "https://ecsiondevstorage.blob.core.windows.net/wedding-storage/5E05799D-8695-4B56-80B2-BEAF2BE40A49.png",
        "bgResponsiveImage": "https://ecsiondevstorage.blob.core.windows.net/wedding-storage/A6A4F97C-4049-4E33-8F59-5D5BD98EC81B.png"
        }
    ]