{
    "invitation-title": "",
    "your-name": "Natasha",
    "partner-name": "Hardik",
    "your-parent-name": "",
    "partner-parent-name": "",
    "invitation-full-date": "",
    "invitation-time": " AT 5 PM",
    "invitation-venue":"THE ORCHID HOTEL",
    "invitation-address": "ADJACENT TO BALEWADI STADIUM, PUNE-BANGALORE HIGHWAY, BALEWADI, PUNE",
    "couple-img1": "",
    "couple-img2": "",
    "couple-img3": "",
    "invitation-description": "REQUEST YOUR GRACIOUS PRESENCE AT THE WEDDING OF THEIR DAUGHTER",
    "invitation-message": "",
    "invitation-date": "28",
    "invitation-month": "",
    "invitation-month-text": "FEBRUARY",
    "invitation-year": "2026",
    "following-party": "",
    "invitation-full-date-text": "",
    "invitation-week-day": "SATURDAY",
    "yourInitial": "",
    "partnerInitial": ""
  }