[
    {
        "primaryColor": "#B52A58",
        "secondaryColor": "#333333",
        "bodyColor": "#FFF3E8",
        "textColor": "#B52A58",
        "actionColor": "#E94444",
        "successColor": "#38cc31",
        "borderGray": "#ccc",
        "primaryFont": "birallinaRegular",
        "secondaryFont": "Montserrat",
        "bodyRegularFont": "Poppins-Regular",
        "bodyMediumFont": "Poppins-Medium",
        "bodyBoldFont": "georgia",
        "headingFont": "BonheurRoyale-Regular",
        "imageTop": "https://ecsiondevstorage.blob.core.windows.net/wedding-storage/9691E62F-9884-4C4F-8B14-EE98230D0F69.png",
        "imageBottom": "https://ecsiondevstorage.blob.core.windows.net/wedding-storage/121A7BA4-FD28-474A-8895-A166FE5E96A8.png",
        "bgImage": "https://ecsiondevstorage.blob.core.windows.net/wedding-storage/A7B1280E-8EB5-4EED-93E3-CEC4ADEE0118.png",
        "bgResponsiveImage": "https://ecsiondevstorage.blob.core.windows.net/wedding-storage/5349DC96-4B46-4196-8408-52CD719E00EB.png"
    },
    {
        "primaryColor": "#B52A58",
        "secondaryColor": "#333333",
        "bodyColor": "#FFFFFF",
        "textColor": "#B52A58",
        "actionColor": "#E94444",
        "successColor": "#38cc31",
        "borderGray": "#ccc",
        "primaryFont": "birallinaRegular",
        "secondaryFont": "Montserrat",
        "bodyRegularFont": "Poppins-Regular",
        "bodyMediumFont": "Poppins-Medium",
        "bodyBoldFont": "georgia",
        "headingFont": "BonheurRoyale-Regular",
        "imageTop": "https://ecsiondevstorage.blob.core.windows.net/wedding-storage/9691E62F-9884-4C4F-8B14-EE98230D0F69.png",
        "imageBottom": "https://ecsiondevstorage.blob.core.windows.net/wedding-storage/121A7BA4-FD28-474A-8895-A166FE5E96A8.png",
        "bgImage": "https://ecsiondevstorage.blob.core.windows.net/wedding-storage/A7B1280E-8EB5-4EED-93E3-CEC4ADEE0118.png",
        "bgResponsiveImage": "https://ecsiondevstorage.blob.core.windows.net/wedding-storage/5349DC96-4B46-4196-8408-52CD719E00EB.png"
    },
    {
        "primaryColor": "#4A3227",
        "secondaryColor": "#333333",
        "bodyColor": "#F5DEA0",
        "textColor": "#4A3227",
        "actionColor": "#E94444",
        "successColor": "#38cc31",
        "borderGray": "#ccc",
        "primaryFont": "birallinaRegular",
        "secondaryFont": "Montserrat",
        "bodyRegularFont": "Poppins-Regular",
        "bodyMediumFont": "Poppins-Medium",
        "bodyBoldFont": "georgia",
        "headingFont": "BonheurRoyale-Regular",
        "imageTop": "https://ecsiondevstorage.blob.core.windows.net/wedding-storage/9691E62F-9884-4C4F-8B14-EE98230D0F69.png",
        "imageBottom": "https://ecsiondevstorage.blob.core.windows.net/wedding-storage/121A7BA4-FD28-474A-8895-A166FE5E96A8.png",
        "bgImage": "https://ecsiondevstorage.blob.core.windows.net/wedding-storage/A7B1280E-8EB5-4EED-93E3-CEC4ADEE0118.png",
        "bgResponsiveImage": "https://ecsiondevstorage.blob.core.windows.net/wedding-storage/5349DC96-4B46-4196-8408-52CD719E00EB.png"
    },
    {
        "primaryColor": "#FFFFFF",
        "secondaryColor": "#333333",
        "bodyColor": "#00244A",
        "textColor": "#FFFFFF",
        "actionColor": "#E94444",
        "successColor": "#38cc31",
        "borderGray": "#ccc",
        "primaryFont": "birallinaRegular",
        "secondaryFont": "Montserrat",
        "bodyRegularFont": "Poppins-Regular",
        "bodyMediumFont": "Poppins-Medium",
        "bodyBoldFont": "georgia",
        "headingFont": "BonheurRoyale-Regular",
        "imageTop": "https://ecsiondevstorage.blob.core.windows.net/wedding-storage/9691E62F-9884-4C4F-8B14-EE98230D0F69.png",
        "imageBottom": "https://ecsiondevstorage.blob.core.windows.net/wedding-storage/121A7BA4-FD28-474A-8895-A166FE5E96A8.png",
        "bgImage": "https://ecsiondevstorage.blob.core.windows.net/wedding-storage/A7B1280E-8EB5-4EED-93E3-CEC4ADEE0118.png",
        "bgResponsiveImage": "https://ecsiondevstorage.blob.core.windows.net/wedding-storage/5349DC96-4B46-4196-8408-52CD719E00EB.png"
    }
]