{
  "invitation-title": "Save the date",
  "your-name": "Vinita",
  "partner-name": "Chirag",
  "invitation-full-date": "18 March 2027",
  "invitation-time": "From 4:00 pm Saturday onwards",
  "invitation-address": " Ceremony Sta. Mery Church Reception Hotel Palace",
  "couple-img1": "",
  "couple-img2": "",
  "couple-img3": "",
  "invitation-description": "You are invited to the wedding of",
  "invitation-message": "",
  "invitation-date": "",
  "invitation-month": "",
  "invitation-month-text": " ",
  "invitation-year": "",
  "following-party": "Following The Party",
  "invitation-full-date-text": "",
  "invitation-week-day": "Sunday",
  "yourInitial": "",
  "partnerInitial": ""
}