{
    "invitation-title": "SAVE THE DATE",
    "your-name": "AMISHA",
    "partner-name": "DEEPAK",
    "your-parent-name": "",
    "partner-parent-name": "",
    "invitation-full-date": "10 SEPT 2025",
    "invitation-time": "10:30 AM",
    "invitation-venue":"",
    "invitation-address": "",
    "couple-img1": "",
    "couple-img2": "",
    "couple-img3": "",
    "invitation-description": "",
    "invitation-message": "",
    "invitation-date": "",
    "invitation-month": "",
    "invitation-month-text": "",
    "invitation-year": "",
    "following-party": "",
    "invitation-full-date-text": "",
    "invitation-week-day": "FRIDAY",
    "yourInitial": "A",
    "partnerInitial": "D"
  }