        [

            {
                "primaryColor": "#0E2F24",
                "secondaryColor": "#333333",
                "bodyColor": "#FFF3E8",
                "textColor": "#0E2F24",
                "actionColor": "#E94444",
                "successColor": "#38cc31",
                "borderGray": "#ccc",
                "primaryFont": "georgia",
                "secondaryFont": "georgia",
                "bodyRegularFont": "Poppins-Regular",
                "bodyMediumFont": "Poppins-Medium",
                "bodyBoldFont": "georgia",
                "tertiaryFont": "georgiab",
                "headingFont": "BonheurRoyale-Regular",
                "bgImage": "https://ecsiondevstorage.blob.core.windows.net/wedding-storage/9AB5B759-EC16-4BE4-BE06-879E531FB3C6.svg",
                "bgResponsiveImage": "https://ecsiondevstorage.blob.core.windows.net/wedding-storage/B475C1C9-9F4F-457F-B4A1-146D7714A4AF.png"
                }
            ]