{
    "invitation-title": "PLEASE JOIN US THE MARRIAGE OF",
    "your-name": "AMISHA",
    "partner-name": "DEEPAK",
    "your-parent-name": "",
    "partner-parent-name": "",
    "invitation-full-date": "10 SEPT 2025",
    "invitation-time": "10:30 AM",
    "invitation-venue":"MAHALLE SABHAGRIH",
    "invitation-address": "ADHYAPAK NAGAR, MANEWADA, NAGPUR",
    "couple-img1": "",
    "couple-img2": "",
    "couple-img3": "",
    "invitation-description": "AT THE",
    "invitation-message": "",
    "invitation-date": "",
    "invitation-month": "",
    "invitation-month-text": "",
    "invitation-year": "",
    "following-party": "",
    "invitation-full-date-text": "",
    "invitation-week-day": "FRIDAY",
    "yourInitial": "",
    "partnerInitial": ""
  }