{
    "your-name": "ISHA",
    "partner-name": "CHIRAG",
    "your-parent-name": "",
    "partner-parent-name": "",
    "invitation-full-date": "",
    "invitation-time": "From 4:00 pm onwards",
    "invitation-venue": "Hotel Nagpur Ashok",
    "invitation-address": "Wardhaman Nagar Colony Nagpur",
    "couple-img1": "",
    "couple-img2": "",
    "couple-img3": "",
    "invitation-description": "Request your gracious presence at the Wedding of their daughter",
    "invitation-date": "23",
    "invitation-month": "",
    "invitation-month-text": "December",
    "invitation-year": "2024",
    "following-party": "Following the party",
    "invitation-full-date-text": "",
    "invitation-week-day": "Saturday",
    "yourInitial": "",
    "partnerInitial": ""
}