[
  {
    "primaryColor": "#A50D0D",
    "secondaryColor": "#91593B",
    "bodyColor": "#F8E7E7",
    "textColor": "#000000",
    "actionColor": "#E94444",
    "successColor": "#38cc31",
    "borderGray": "#ccc",
    "primaryFont": "Playfair Display",
    "secondaryFont": "Montserrat",
    "tertiaryFont": "Alex Brush",
    "bodyRegularFont": "Poppins-Regular",
    "bodyMediumFont": "Poppins-Medium",
    "bodyBoldFont": "Montserrat",
    "headingFont": "BonheurRoyale-Regular",
    "bgImage": "https://ecsiondevstorage.blob.core.windows.net/wedding-storage/28D4729A-CCC9-4C2A-9D6D-32CC2FD0FCB5.png",
    "bgResponsiveImage": "https://ecsiondevstorage.blob.core.windows.net/wedding-storage/28D4729A-CCC9-4C2A-9D6D-32CC2FD0FCB5.png"
  },
  {
    "primaryColor": "#FFFFFF",
    "secondaryColor": "#91593B",
    "bodyColor": "#651D2E",
    "textColor": "#FFFFFF",
    "actionColor": "#E94444",
    "successColor": "#38cc31",
    "borderGray": "#ccc",
    "primaryFont": "Playfair Display",
    "secondaryFont": "Montserrat",
    "tertiaryFont": "Alex Brush",
    "bodyRegularFont": "Poppins-Regular",
    "bodyMediumFont": "Poppins-Medium",
    "bodyBoldFont": "Montserrat",
    "headingFont": "BonheurRoyale-Regular",
    "bgImage": "https://ecsiondevstorage.blob.core.windows.net/wedding-storage/28D4729A-CCC9-4C2A-9D6D-32CC2FD0FCB5.png",
    "bgResponsiveImage": "https://ecsiondevstorage.blob.core.windows.net/wedding-storage/28D4729A-CCC9-4C2A-9D6D-32CC2FD0FCB5.png"
  },
  {
    "primaryColor": "#FFFFFF",
    "secondaryColor": "#FFFFFF",
    "bodyColor": "#3F2A4E",
    "textColor": "#FFFFFF",
    "actionColor": "#E94444",
    "successColor": "#38cc31",
    "borderGray": "#ccc",
    "primaryFont": "Playfair Display",
    "secondaryFont": "Montserrat",
    "tertiaryFont": "Alex Brush",
    "bodyRegularFont": "Poppins-Regular",
    "bodyMediumFont": "Poppins-Medium",
    "bodyBoldFont": "Montserrat",
    "headingFont": "BonheurRoyale-Regular",
    "bgImage": "https://ecsiondevstorage.blob.core.windows.net/wedding-storage/28D4729A-CCC9-4C2A-9D6D-32CC2FD0FCB5.png",
    "bgResponsiveImage": "https://ecsiondevstorage.blob.core.windows.net/wedding-storage/28D4729A-CCC9-4C2A-9D6D-32CC2FD0FCB5.png"
  },
  {
    "primaryColor": "#A50D0D",
    "secondaryColor": "#FFFFFF",
    "bodyColor": "#CCD395",
    "textColor": "#000000",
    "actionColor": "#E94444",
    "successColor": "#38cc31",
    "borderGray": "#ccc",
    "primaryFont": "Playfair Display",
    "secondaryFont": "Montserrat",
    "tertiaryFont": "Alex Brush",
    "bodyRegularFont": "Poppins-Regular",
    "bodyMediumFont": "Poppins-Medium",
    "bodyBoldFont": "Montserrat",
    "headingFont": "BonheurRoyale-Regular",
    "bgImage": "https://ecsiondevstorage.blob.core.windows.net/wedding-storage/28D4729A-CCC9-4C2A-9D6D-32CC2FD0FCB5.png",
    "bgResponsiveImage": "https://ecsiondevstorage.blob.core.windows.net/wedding-storage/28D4729A-CCC9-4C2A-9D6D-32CC2FD0FCB5.png"
  },
  {
    "primaryColor": "#A50D0D",
    "secondaryColor": "#FFFFFF",
    "bodyColor": "#FFFBE5",
    "textColor": "#000000",
    "actionColor": "#E94444",
    "successColor": "#38cc31",
    "borderGray": "#ccc",
    "primaryFont": "Playfair Display",
    "secondaryFont": "Montserrat",
    "tertiaryFont": "Alex Brush",
    "bodyRegularFont": "Poppins-Regular",
    "bodyMediumFont": "Poppins-Medium",
    "bodyBoldFont": "Montserrat",
    "headingFont": "BonheurRoyale-Regular",
    "bgImage": "https://ecsiondevstorage.blob.core.windows.net/wedding-storage/28D4729A-CCC9-4C2A-9D6D-32CC2FD0FCB5.png",
    "bgResponsiveImage": "https://ecsiondevstorage.blob.core.windows.net/wedding-storage/28D4729A-CCC9-4C2A-9D6D-32CC2FD0FCB5.png"
  }
]