{
    "your-name": "ISHA",
    "partner-name": "CHIRAG",
    "your-parent-name": "  (D/O Smt. Rupa Devi & Shri Radhey Shyam)",
    "partner-parent-name": "(S/O Smt. Parvati & Shri Mohan Bajoria)",
    "invitation-full-date": "",
    "invitation-time": "From 4:00 pm onwards",
    "invitation-venue": "Hotel Nagpur Ashok",
    "invitation-address": "Aath Rasta Chowk Laxminagar Nagpur",
    "couple-img1": "",
    "couple-img2": "",
    "couple-img3": "",
    "invitation-description": "Request your gracious presence at the Wedding of their daughter",
    "invitation-date": "01",
    "invitation-month": "",
    "invitation-month-text": "February",
    "invitation-year": "2024",
    "following-party": "Following the party",
    "invitation-full-date-text": "",
    "invitation-week-day": "Saturday",
    "yourInitial": "",
    "partnerInitial": ""
}