[
    {
        "primaryColor": "#562F0B",
        "secondaryColor": "#333333",
        "bodyColor": "#EFEDE5",
        "textColor": "#f5deb3",
        "actionColor": "#E94444",
        "successColor": "#38cc31",
        "borderGray": "#ccc",
        "primaryFont": "beautyRomantic",
        "secondaryFont": "georgia",
        "tertiaryFont": "gregonia",
        "bodyRegularFont": "Poppins-Regular",
        "bodyMediumFont": "Poppins-Medium",
        "bodyBoldFont": "georgia",
        "headingFont": "BonheurRoyale-Regular",
        "imageTop": "https://ecsiondevstorage.blob.core.windows.net/wedding-storage/EF33220E-1108-4154-887C-27D11716ABD0.png",
        "imageBottom": "https://ecsiondevstorage.blob.core.windows.net/wedding-storage/F0A64649-F1CE-4A7A-AFBD-692D7697486E.png",
        "bgImage": "https://ecsiondevstorage.blob.core.windows.net/wedding-storage/A49272FA-CF03-462A-AAFB-C453566DF152.png",
        "bgResponsiveImage": "https://ecsiondevstorage.blob.core.windows.net/wedding-storage/8D232CE1-6624-47C7-9BA2-C2B1698386A1.png"
    },
    {
        "primaryColor": "#562F0B",
        "secondaryColor": "#333333",
        "bodyColor": " #FFFFFF",
        "textColor": "#f5deb3",
        "actionColor": "#E94444",
        "successColor": "#38cc31",
        "borderGray": "#ccc",
        "primaryFont": "beautyRomantic",
        "secondaryFont": "georgia",
        "tertiaryFont": "gregonia",
        "bodyRegularFont": "Poppins-Regular",
        "bodyMediumFont": "Poppins-Medium",
        "bodyBoldFont": "georgia",
        "headingFont": "BonheurRoyale-Regular",
        "imageTop": "https://ecsiondevstorage.blob.core.windows.net/wedding-storage/EF33220E-1108-4154-887C-27D11716ABD0.png",
        "imageBottom": "https://ecsiondevstorage.blob.core.windows.net/wedding-storage/F0A64649-F1CE-4A7A-AFBD-692D7697486E.png",
        "bgImage": "https://ecsiondevstorage.blob.core.windows.net/wedding-storage/A49272FA-CF03-462A-AAFB-C453566DF152.png",
        "bgResponsiveImage": "https://ecsiondevstorage.blob.core.windows.net/wedding-storage/8D232CE1-6624-47C7-9BA2-C2B1698386A1.png"
    },
    {
        "primaryColor": "#562F0B",
        "secondaryColor": "#333333",
        "bodyColor": "#EDAE8A",
        "textColor": "#f5deb3",
        "actionColor": "#E94444",
        "successColor": "#38cc31",
        "borderGray": "#ccc",
        "primaryFont": "beautyRomantic",
        "secondaryFont": "georgia",
        "tertiaryFont": "gregonia",
        "bodyRegularFont": "Poppins-Regular",
        "bodyMediumFont": "Poppins-Medium",
        "bodyBoldFont": "georgia",
        "headingFont": "BonheurRoyale-Regular",
        "imageTop": "https://ecsiondevstorage.blob.core.windows.net/wedding-storage/EF33220E-1108-4154-887C-27D11716ABD0.png",
        "imageBottom": "https://ecsiondevstorage.blob.core.windows.net/wedding-storage/F0A64649-F1CE-4A7A-AFBD-692D7697486E.png",
        "bgImage": "https://ecsiondevstorage.blob.core.windows.net/wedding-storage/A49272FA-CF03-462A-AAFB-C453566DF152.png",
        "bgResponsiveImage": "https://ecsiondevstorage.blob.core.windows.net/wedding-storage/8D232CE1-6624-47C7-9BA2-C2B1698386A1.png"
    },
    {
        "primaryColor": "#562F0B",
        "secondaryColor": "#333333",
        "bodyColor": "#C7B568",
        "textColor": "#f5deb3",
        "actionColor": "#E94444",
        "successColor": "#38cc31",
        "borderGray": "#ccc",
        "primaryFont": "beautyRomantic",
        "secondaryFont": "Poppins",
        "tertiaryFont": "gregonia",
        "bodyRegularFont": "Poppins-Regular",
        "bodyMediumFont": "Poppins-Medium",
        "bodyBoldFont": "georgia",
        "headingFont": "BonheurRoyale-Regular",
        "imageTop": "https://ecsiondevstorage.blob.core.windows.net/wedding-storage/EF33220E-1108-4154-887C-27D11716ABD0.png",
        "imageBottom": "https://ecsiondevstorage.blob.core.windows.net/wedding-storage/F0A64649-F1CE-4A7A-AFBD-692D7697486E.png",
        "bgImage": "https://ecsiondevstorage.blob.core.windows.net/wedding-storage/A49272FA-CF03-462A-AAFB-C453566DF152.png",
        "bgResponsiveImage": "https://ecsiondevstorage.blob.core.windows.net/wedding-storage/8D232CE1-6624-47C7-9BA2-C2B1698386A1.png"
    }
]