{
    "invitation-title": "Save the date",
    "your-name": "Shubham",
    "partner-name": "Rddhima",
    "invitation-full-date": "",
    "invitation-time": "From 4:00pm onwards",
    "invitation-address": " Ceremony Sta. Mery Church Reception Hotel Palace",
    "couple-img1": "",
    "couple-img2": "",
    "couple-img3": "",
    "invitation-description": "Request Your Gracious Presence At The Wedding Of Their Daughter",
    "invitation-message": "",
  "invitation-date": "26",
    "invitation-month": "",
    "invitation-month-text": "October",
    "invitation-year": "2025",
    "following-party": "Following The Party",
    "invitation-full-date-text": "",
    "invitation-week-day": "Monday",
    "yourInitial": "",
    "partnerInitial": ""
  }