[
    {
        "primaryColor": "#0C0B0B",
        "secondaryColor": "#0C0B0B",
        "bodyColor": "#FFFAE8",
        "textColor": "#AF3129",
        "actionColor": "#E94444",
        "successColor": "#38cc31",
        "borderGray": "#ccc",
        "primaryFont": "meldyte",
        "secondaryFont": "Poppins",
        "tertiaryFont": "georgia",
        "bodyRegularFont": "Poppins-Regular",
        "bodyMediumFont": "Poppins-Medium",
        "bodyBoldFont": "georgia",
        "headingFont": "BonheurRoyale-Regular",
        "imageTop": "https://ecsiondevstorage.blob.core.windows.net/wedding-storage/7F3E6B60-A8C0-4B63-81AD-13AC7BBC9D65.png",
        "imageBottom": "https://ecsiondevstorage.blob.core.windows.net/wedding-storage/22AE9129-89F0-4258-BF0C-605987889D76.png",
        "bgImage": "https://ecsiondevstorage.blob.core.windows.net/wedding-storage/D10E70B3-33B2-46CE-A5F2-ADA0305FED7C.png",
        "bgResponsiveImage": "https://ecsiondevstorage.blob.core.windows.net/wedding-storage/AA8496C1-E49E-423B-B1D2-4E3CFB2B2F3F.png"
    },
    {
        "primaryColor": "#0C0B0B",
        "secondaryColor": "#333333",
        "bodyColor": "#FFFFFF",
        "textColor": "#AF3129",
        "actionColor": "#E94444",
        "successColor": "#38cc31",
        "borderGray": "#ccc",
       "primaryFont": "meldyte",
        "secondaryFont": "Poppins",
        "tertiaryFont": "georgia",
        "bodyRegularFont": "Poppins-Regular",
        "bodyMediumFont": "Poppins-Medium",
        "bodyBoldFont": "georgia",
        "headingFont": "BonheurRoyale-Regular",
        "imageTop": "https://ecsiondevstorage.blob.core.windows.net/wedding-storage/7F3E6B60-A8C0-4B63-81AD-13AC7BBC9D65.png",
        "imageBottom": "https://ecsiondevstorage.blob.core.windows.net/wedding-storage/22AE9129-89F0-4258-BF0C-605987889D76.png",
         "bgImage": "https://ecsiondevstorage.blob.core.windows.net/wedding-storage/D10E70B3-33B2-46CE-A5F2-ADA0305FED7C.png",
        "bgResponsiveImage": "https://ecsiondevstorage.blob.core.windows.net/wedding-storage/AA8496C1-E49E-423B-B1D2-4E3CFB2B2F3F.png"
    },
    {
        "primaryColor": "#FFFFFF",
        "secondaryColor": "#333333",
        "bodyColor": "#3E3A1E",
        "textColor": "#FFFFFF",
        "actionColor": "#E94444",
        "successColor": "#38cc31",
        "borderGray": "#ccc",
      "primaryFont": "meldyte",
        "secondaryFont": "Poppins",
        "tertiaryFont": "georgia",
        "bodyRegularFont": "Poppins-Regular",
        "bodyMediumFont": "Poppins-Medium",
        "bodyBoldFont": "georgia",
        "headingFont": "BonheurRoyale-Regular",
        "imageTop": "https://ecsiondevstorage.blob.core.windows.net/wedding-storage/7F3E6B60-A8C0-4B63-81AD-13AC7BBC9D65.png",
        "imageBottom": "https://ecsiondevstorage.blob.core.windows.net/wedding-storage/22AE9129-89F0-4258-BF0C-605987889D76.png",
       "bgImage": "https://ecsiondevstorage.blob.core.windows.net/wedding-storage/D10E70B3-33B2-46CE-A5F2-ADA0305FED7C.png",
        "bgResponsiveImage": "https://ecsiondevstorage.blob.core.windows.net/wedding-storage/AA8496C1-E49E-423B-B1D2-4E3CFB2B2F3F.png"
    },
    {
        "primaryColor": "#F7F3EB",
        "secondaryColor": "#F7F3EB",
        "bodyColor": "#2F2417",
        "textColor": "#EAE2D2",
        "actionColor": "#E94444",
        "successColor": "#38cc31",
        "borderGray": "#ccc",
       "primaryFont": "meldyte",
        "secondaryFont": "Poppins",
        "tertiaryFont": "georgia",
        "bodyRegularFont": "Poppins-Regular",
        "bodyMediumFont": "Poppins-Medium",
        "bodyBoldFont": "georgia",
        "headingFont": "BonheurRoyale-Regular",
        "imageTop": "https://ecsiondevstorage.blob.core.windows.net/wedding-storage/7F3E6B60-A8C0-4B63-81AD-13AC7BBC9D65.png",
        "imageBottom": "https://ecsiondevstorage.blob.core.windows.net/wedding-storage/22AE9129-89F0-4258-BF0C-605987889D76.png",
        "bgImage": "https://ecsiondevstorage.blob.core.windows.net/wedding-storage/D10E70B3-33B2-46CE-A5F2-ADA0305FED7C.png",
        "bgResponsiveImage": "https://ecsiondevstorage.blob.core.windows.net/wedding-storage/AA8496C1-E49E-423B-B1D2-4E3CFB2B2F3F.png"
    }
]