{
    "invitation-title": "SAVE THE DATE",
    "your-name": "Bhumik",
    "partner-name": "Ruchita",
    "invitation-full-date": "  ",
    "invitation-time": "  AT 5.00 PM",
    "invitation-address": " Ceremony Sta. Mery Church Reception Hotel Palace",
    "couple-img1": "",
    "couple-img2": "",
    "couple-img3": "",
    "invitation-description": "Request Your Gracious Presence At The Wedding Of Their Son",
    "invitation-message":"",
    "invitation-date": "20",
    "invitation-month": "04",
    "invitation-month-text": "",
    "invitation-year": "27",
    "following-party": "Following The Party",
    "invitation-full-date-text": "",
    "invitation-week-day": "Saturday",
    "yourInitial": "",
    "partnerInitial": ""
  }