{
    "invitation-title": "",
    "your-name": "Aashima",
    "partner-name": "Rajiv",
    "your-parent-name": "",
    "partner-parent-name": "",
    "invitation-full-date": "",
    "invitation-time": "AT 11:00 AM",
    "invitation-venue":"ROYAL PEPPER",
    "invitation-address": "SECTOR 3 G BLOCK OPPOSITE H‑32 PARK ROHINI DELHI",
    "couple-img1": "",
    "couple-img2": "",
    "couple-img3": "",
    "invitation-description": "INVITE YOU TO CELEBRATE THEIR MARRIAGE",
    "invitation-message": "",
    "invitation-date": "28",
    "invitation-month": "",
    "invitation-month-text": "JANUARY",
    "invitation-year": "2026",
    "following-party": "",
    "invitation-full-date-text": "",
    "invitation-week-day": "SATURDAY",
    "yourInitial": "",
    "partnerInitial": ""
  }