{
    "invitation-title": "",
    "your-name": "MAHIRA",
    "partner-name": "SHAN",
    "your-parent-name": "",
    "partner-parent-name": "",
    "invitation-full-date": "23 AUGUST 2025",
    "invitation-time": " ",
    "invitation-venue":"",
    "invitation-address": "NAGPUR, MAHARASHTRA",
    "couple-img1": "",
    "couple-img2": "",
    "couple-img3": "",
    "invitation-description": "FOR THE WEDDING OF",
    "invitation-message": "",
    "invitation-date": "",
    "invitation-month": "",
    "invitation-month-text": "",
    "invitation-year": "",
    "following-party": "",
    "invitation-full-date-text": "",
    "invitation-week-day": "",
    "yourInitial": "",
    "partnerInitial": ""
  }