{
    "invitation-title": "PLEASE JOIN OUR WDDING PARTY",
    "your-name": "Bhavya",
    "partner-name": "Charu",
    "your-parent-name": "",
    "partner-parent-name": "",
    "invitation-full-date": "",
    "invitation-time": "",
    "invitation-venue":"SANGRAM HALL",
    "invitation-address": "NEAR SWARGATE, PUNE, MAHARASHTRA 411002",
    "couple-img1": "",
    "couple-img2": "",
    "couple-img3": "",
    "invitation-description": "REQUEST YOUR GRACIOUS PRESENCE AT THE WEDDING OF THEIR DAUGHTER",
    "invitation-message": "",
    "invitation-date": "23",
    "invitation-month": "",
    "invitation-month-text": "AUGUST",
    "invitation-year": "2025",
    "following-party": "",
    "invitation-full-date-text": "",
    "invitation-week-day": "SAT",
    "yourInitial": "",
    "partnerInitial": ""
  }