[

    {
        "primaryColor": "#966755",
        "secondaryColor": "#333333",
        "bodyColor": "#FFF3E8",
        "textColor": "#2c2c2c",
        "actionColor": "#E94444",
        "successColor": "#38cc31",
        "borderGray": "#ccc",
        "primaryFont": "brittanySignature",
        "secondaryFont": "Montserrat",
        "bodyRegularFont": "Poppins-Regular",
        "bodyMediumFont": "Poppins-Medium",
        "bodyBoldFont": "georgia",
        "tertiaryFont": "abrilfatfaceRegular",
        "headingFont": "BonheurRoyale-Regular",
        "bgImage": "https://ecsiondevstorage.blob.core.windows.net/wedding-storage/B1E620D1-DC38-4B0E-B420-E4B7DC5C16EF.svg",
        "bgResponsiveImage": "https://ecsiondevstorage.blob.core.windows.net/wedding-storage/520CC483-00F4-45BF-AB7C-515EE5715C2D.png"
        }
    ]