[
    {
      "primaryColor": "#FFFFFF",
      "secondaryColor": "#333333",
      "bodyColor": "#06203A",
      "textColor": "#FFFFFF",
      "actionColor": "#E94444",
      "successColor": "#38cc31",
      "borderGray": "#ccc",
      "primaryFont": "winlove",
      "secondaryFont": "Playfair Display",
      "bodyRegularFont": "Montserrat",
      "bodyMediumFont": "Poppins-Medium",
      "bodyBoldFont": "georgia",
      "headingFont": "BonheurRoyale-Regular",
      "imageTop": "https://ecsiondevstorage.blob.core.windows.net/wedding-storage/1FF4EFB5-2F1A-4150-BF2E-49D5FF27EB87.png",
      "imageBottom": "https://ecsiondevstorage.blob.core.windows.net/wedding-storage/849F7453-0D9A-4136-B726-D9F027319E72.png",
      "bgImage": "https://ecsiondevstorage.blob.core.windows.net/wedding-storage/40B823AB-0F15-48A4-8E5D-064B870363CD.png",
      "bgResponsiveImage": "https://ecsiondevstorage.blob.core.windows.net/wedding-storage/994B0014-9DF4-4ABA-BC1D-00D5088F425C.png"
    },
    {
      "primaryColor": "#FFFFFF",
      "secondaryColor": "#333333",
      "bodyColor": "#12447E",
      "textColor": "#FFFFFF",
      "actionColor": "#E94444",
      "successColor": "#38cc31",
      "borderGray": "#ccc",
      "primaryFont": "winlove",
      "secondaryFont": "Playfair Display",
      "bodyRegularFont": "Montserrat",
      "bodyMediumFont": "Poppins-Medium",
      "bodyBoldFont": "georgia",
      "headingFont": "BonheurRoyale-Regular",
      "imageTop": "https://ecsiondevstorage.blob.core.windows.net/wedding-storage/1FF4EFB5-2F1A-4150-BF2E-49D5FF27EB87.png",
      "imageBottom": "https://ecsiondevstorage.blob.core.windows.net/wedding-storage/849F7453-0D9A-4136-B726-D9F027319E72.png",
      "bgImage": "https://ecsiondevstorage.blob.core.windows.net/wedding-storage/40B823AB-0F15-48A4-8E5D-064B870363CD.png",
      "bgResponsiveImage": "https://ecsiondevstorage.blob.core.windows.net/wedding-storage/994B0014-9DF4-4ABA-BC1D-00D5088F425C.png"
    },
    {
      "primaryColor": "#000000",
      "secondaryColor": "#333333",
      "bodyColor": "#D4FC89",
      "textColor": "#000000",
      "actionColor": "#E94444",
      "successColor": "#38cc31",
      "borderGray": "#ccc",
      "primaryFont": "winlove",
      "secondaryFont": "Playfair Display",
      "bodyRegularFont": "Montserrat",
      "bodyMediumFont": "Poppins-Medium",
      "bodyBoldFont": "georgia",
      "headingFont": "BonheurRoyale-Regular",
      "imageTop": "https://ecsiondevstorage.blob.core.windows.net/wedding-storage/1FF4EFB5-2F1A-4150-BF2E-49D5FF27EB87.png",
      "imageBottom": "https://ecsiondevstorage.blob.core.windows.net/wedding-storage/849F7453-0D9A-4136-B726-D9F027319E72.png",
     "bgImage": "https://ecsiondevstorage.blob.core.windows.net/wedding-storage/40B823AB-0F15-48A4-8E5D-064B870363CD.png",
      "bgResponsiveImage": "https://ecsiondevstorage.blob.core.windows.net/wedding-storage/994B0014-9DF4-4ABA-BC1D-00D5088F425C.png"
    },
    {
      "primaryColor": "#000000",
      "secondaryColor": "#333333",
      "bodyColor": "#FFFFFF",
      "textColor": "#000000",
      "actionColor": "#E94444",
      "successColor": "#38cc31",
      "borderGray": "#ccc",
      "primaryFont": "winlove",
      "secondaryFont": "Playfair Display",
      "bodyRegularFont": "Montserrat",
      "bodyMediumFont": "Poppins-Medium",
      "bodyBoldFont": "georgia",
      "headingFont": "BonheurRoyale-Regular",
      "imageTop": "https://ecsiondevstorage.blob.core.windows.net/wedding-storage/1FF4EFB5-2F1A-4150-BF2E-49D5FF27EB87.png",
      "imageBottom": "https://ecsiondevstorage.blob.core.windows.net/wedding-storage/849F7453-0D9A-4136-B726-D9F027319E72.png",
       "bgImage": "https://ecsiondevstorage.blob.core.windows.net/wedding-storage/40B823AB-0F15-48A4-8E5D-064B870363CD.png",
      "bgResponsiveImage": "https://ecsiondevstorage.blob.core.windows.net/wedding-storage/994B0014-9DF4-4ABA-BC1D-00D5088F425C.png"
    }
  ]
  