{
    "id": "79268",
    "name": "Beleza By The Beach",
    "city": "Goa",
    "city_tier": "Tier 4",
    "pricing_category": "Premium",
    "category_slug": "wedding-venues",
    "vendor_price": "1500",
    "locality_name": "NULL",
    "vendor_rating": "4.80",
    "phone": [
        "+919850073977"
    ],
    "geo_coordinates": "15.2806,73.9113",
    "pricing": {
        "highest_veg": 1500,
        "highest_non_veg": 1500,
        "lowest_deal_veg": 1500,
        "lowest_deal_non_veg": 1500,
        "notes": "Prices vary based on event scale and menu selection"
    },
    "banquet_halls": {
        "outdoor-area": [
            {
                "name": "Nazare Lawns (Beach-front venue)",
                "max_seating": 150,
                "max_floating": 200
            },
            {
                "name": "Sereno Indoor Venue",
                "max_seating": 40,
                "max_floating": 90
            }
        ],
        "indoor-area": [
            {
                "name": "Tentação Lawns",
                "max_seating": 50,
                "max_floating": 100
            },
            {
                "name": "Praia Brança",
                "max_seating": 70,
                "max_floating": 100
            }
        ]
    },
    "price_per_plate": [
        {
            "source": "Official",
            "veg": 1500,
            "non_veg": 1500
        }
    ],
    "avg_star_rating": "4.80",
    "additional_info": {
        "faq": [
            {
                "question": "How long has Beleza By The Beach been operating?",
                "answer": "8 years 1 month",
                "slug": "been-on-wedmegood-since"
            },
            {
                "question": "How many rooms are available at Beleza By The Beach?",
                "answer": "93 Rooms",
                "slug": "room-count"
            },
            {
                "question": "What is Beleza By The Beach's catering policy?",
                "answer": "Inhouse catering only",
                "slug": "catering-policy"
            },
            {
                "question": "What is Beleza By The Beach's decor policy?",
                "answer": "Outside decorators permitted",
                "slug": "decor-policy"
            },
            {
                "question": "What event spaces are available at Beleza By The Beach?",
                "answer": "Indoor, Outdoor, Poolside, Terrace / Rooftop",
                "slug": "space"
            },
            {
                "question": "What are Beleza By The Beach's room rates?",
                "answer": "15,000 per room",
                "slug": "room-price"
            },
            {
                "question": "What amenities does Beleza By The Beach offer?",
                "answer": "Beachfront / Beach view, Outside Decorator Allowed",
                "slug": "features"
            },
            {
                "question": "Start of Venue",
                "answer": "2009",
                "slug": "start-of-venue"
            },
            {
                "question": "Parking",
                "answer": "There is sufficient parking available",
                "slug": "parking"
            },
            {
                "question": "What is Beleza By The Beach's alcohol policy?",
                "answer": "In house alcohol available, Outside alcohol not  permitted",
                "slug": "outside-alcohol"
            },
            {
                "question": "What is Beleza By The Beach's DJ policy?",
                "answer": "In house DJ not available , Outside DJ permitted",
                "slug": "dj-policy"
            },
            {
                "question": "What is the capacity of Nazare Lawns (Beach-front venue) at Beleza By The Beach?",
                "answer": "Fixed capacity: 150, Floating capacity: 200",
                "slug": "capacity-nazare-lawns-beach-front-venue"
            },
            {
                "question": "What type of space is Nazare Lawns (Beach-front venue) at Beleza By The Beach?",
                "answer": "Outdoor Area",
                "slug": "space-type-nazare-lawns-beach-front-venue"
            },
            {
                "question": "What is the capacity of Sereno Indoor Venue at Beleza By The Beach?",
                "answer": "Fixed capacity: 40, Floating capacity: 90",
                "slug": "capacity-sereno-indoor-venue"
            },
            {
                "question": "What type of space is Sereno Indoor Venue at Beleza By The Beach?",
                "answer": "Outdoor Area",
                "slug": "space-type-sereno-indoor-venue"
            },
            {
                "question": "What is the capacity of Tentação Lawns at Beleza By The Beach?",
                "answer": "Fixed capacity: 50, Floating capacity: 100",
                "slug": "capacity-tenta-o-lawns"
            },
            {
                "question": "What type of space is Tentação Lawns at Beleza By The Beach?",
                "answer": "Poolside Area",
                "slug": "space-type-tenta-o-lawns"
            },
            {
                "question": "What is the capacity of Praia Brança at Beleza By The Beach?",
                "answer": "Fixed capacity: 70, Floating capacity: 100",
                "slug": "capacity-praia-bran-a"
            },
            {
                "question": "What type of space is Praia Brança at Beleza By The Beach?",
                "answer": "Indoor Area",
                "slug": "space-type-praia-bran-a"
            }
        ],
        "phone": [
            "+919850073977"
        ],
        "address": [
            {
                "id": 3037,
                "latitude": "15.2806417",
                "longitude": "73.91136510000001",
                "is_primary": true,
                "display_address": "Colva Beach, Thondwaddo,, Betalbatim, Goa 403708"
            }
        ],
        "veg_price": "1500",
        "information": "Beleza By The Beach situated in Goa will make your wedding give it a grand touch, with a large scale location offering all the services you'll require throughout the event. Offering a great staff at your service and instilled with basic aminities Beleza By The Beach have everything settled. Making sure the couple is treated as top priority and easing the wedding process with no troubles, the event will run smoothly. Keeping in mind the stress and hectic work load it can be pulling a wedding off, Beleza By The Beach are sensitive to it and will have your back at all times. Being associated with WMG for more than 1 year, Beleza By The Beach have been host to many weddings. Book them now! With a well equipped, modern amenities Beleza By The Beach have plenty luxurious rooms and suites, which can surely make anyone fall in love with Beleza By The Beach. In fact, when it comes to the good, Beleza By The Beach have a an abundance of dine and drink. Beleza By The Beach also offer many halls that can accommodate each plenty guests along with a pre-function area that is equipped with an in-built bar. Enjoy taking your wedding vows at terrace-wedding venue or outdoor functions.",
        "nonveg_price": "1500",
        "activeAddress": {
            "id": 3037,
            "latitude": "15.2806417",
            "longitude": "73.91136510000001",
            "is_primary": true,
            "display_address": "Colva Beach, Thondwaddo,, Betalbatim, Goa 403708"
        },
        "locality_name": "",
        "vendor_rating": 4.8,
        "in_high_demand": false,
        "concierge_phone": "0124-6812345",
        "vendor_rating_text": "Superb",
        "portfolio_image_count": 31
    },
    "rating_summary": {
        "5_star": 27,
        "4_star": 1,
        "3_star": 0,
        "2_star": 1,
        "1_star": 0
    },
    "testimonials": [
        {
            "reviewer_name": "ishna kaul",
            "description": "This was the perfect venue for us. It has a beachside lawn, multiple closed halls for smaller events, a small rice-paddy field side lawns etc. The food was terrific! Loved all the Goan dishes especially! The rooms are big, spacious and sparkly. The staff was so cooperative that they even stitched buttons for one of the guests who tore all his during Joota Chhupaayi!"
        },
        {
            "reviewer_name": "Varnika Gupta",
            "description": "We had our wedding this year at Beleza. It's a very beautiful property with clean rooms, the green open ambience and the very warm hospitality. It was love at first sight for us.\n\nWe chose Beleza for many reasons. The spacious rooms, the scrumptious food, the yummy cake they baked for us during our reccee for my parents' anniversary, the polite and gracious staff, the warm hospitality, the transparency in their dealings, the beautiful views and the interesting cocktails. Amanda was a gem to work with.\n\nAll through the planning process the whole staff we dealt with was so cooperative and helpful. They had great ideas for the venues and the small things in terms of operations and guests' comfort. The three days of the wedding went very smoothly. The transfers and pickups were managed seamlessly, the welcome was warm and efficient. The food was such a hit! \n\nI know they made the occasion beautiful for us by making sure we had everything we needed. It went off without a hitch and all our guests were so happy and comfortable with the arrangements and the hospitality.\n\nThank you Team Beleza! You made it genuinely memorable. "
        },
        {
            "reviewer_name": "Amanda Desales",
            "description": "We had our wedding at Beleza in November 2023 and I cannot recommend this place enough!! \nWe started planning very early and one of the key reasons we picked this is because of Amanda. During our initial calls, her attention to detail, patience and foresight made us feel like we were in the right hands. When we finally visited in person, turns out, these qualities reflected in each and every staff member we encountered. Everyone was so helpful and diligent, it just helped ascertain we made the right decision. \nFast forward to the wedding, the folks of Beleza were rock stars! They do so many weddings but it still felt like everything they said and did was personalised for us. The front office and guests services made checkin and guest management look like a breeze. Housekeeping was attentive to every beck and call. And the FOOD!!! People to this day keep raving about the amazing spread across all meals. \nAlong with our amazing planners, Beleza made all of our wedding dreams come through. For that, well always be very grateful! "
        },
        {
            "reviewer_name": "Jonathan",
            "description": "Beleza is a hidden gem in a peaceful area of South Goa. Were really happy we chose it for our wedding. A big thank you to Amanda for making everything perfect; she ensured everything went smoothly."
        },
        {
            "reviewer_name": "Ankita Gangwani",
            "description": "Beleza is the perfect wedding location for a dream destination wedding. The venues, the food and the rooms everything was absolutely brilliant. The team makes everything happen on time and I would really like to appreciate how Amanda is always available to discuss any points. Thanks again for making my big day specials. I wouldnt have it any other way. "
        },
        {
            "reviewer_name": "Rachael Weiner",
            "description": "Beleza was the most amazing location we could have ever imagined for our wedding. They helped us not only manage the basic requirements, like rooms and decor. They also helped us plan how to make the food so that both our Indian and American families could enjoy. They helped our families with every little thing. Thank you so much to Amanda and the entire team at Beleza. "
        },
        {
            "reviewer_name": "Anika Akoobhai",
            "description": "This was the most incredible venue for a destination wedding in Goa . It has both Bali vibes and the beach . But most importantly the food is incredible, the manager Amanda is so accommodating and the property has so much to see and do. Everyone who attended our wedding felt they were somewhere exotic and couldn't stop raving about the food no matter the cuisine type."
        },
        {
            "reviewer_name": "Sally Grüneisen",
            "description": "We cannot thank Beleza by the Beach enough for making our wedding on May 9, 2022, an absolutely unforgettable experience.\n\nAs a couple from Luxembourg, Europe, and North India, we had visitors from various parts of India, Europe, and even the US. And I'm thrilled to say that every single guest fell in love with this wonderful resort.\n\nFirst and foremost, the food was exceptional. The resort offered a delightful blend of Indian and European cuisine, catering to all our guests' diverse tastes. The variety and quality of the dishes served were simply outstanding.\n\nThe breathtaking view of the beach and surroundings added an extra layer of magic to our wedding festivities. It was the perfect backdrop for our special day, and our guests couldn't stop raving about the beauty of the place.\n\nBut what truly sets Beleza apart is its incredible staff. The team was not only helpful but also incredibly warm and welcoming. Every time we had questions or requests, they went above and beyond to assist us.\n\nBeleza by the Beach proved to be the best place to get married. The familial atmosphere combined with the stunning location and outstanding service made our wedding an event to remember. We would wholeheartedly recommend this resort to anyone looking to have a memorable wedding or a relaxing vacation in Goa.\n\nThank you, Beleza by the Beach, for making our wedding dreams come true. You have our heartfelt gratitude, and we can't wait to return and relive the magic of this special place."
        },
        {
            "reviewer_name": "Nora Mathias",
            "description": "Recently we had the pleasure to choose Beleza By The Beach located in Colva, South Goa to host a three day destination wedding with approx. 160 guests and we couldn't be happier with our decision.\n\nThe whole experience at this property is going to be remembered by each one of us and on behalf of my entire family we want to profusely thank Amanda Fernandes and her team Chef Pravin, Arvind, Gabriel, Rakhi, Madonna, Nelson and the whole team (my apologies for missing out names).\n\nThe resort's attention to detail is impressive and the level of service is unmatched. We had guests from across the globe and they cannot, still, stop talking about their time at the resort during the wedding which was an experience.\n\nAbout the property/location:\nOur stay at this resort were absolutely incredible. From the moment we arrived, we were overcome by the beautiful yet quaint surroundings and luxurious rooms.\nThe amenities at this resort are top-notch whether we were lounging by the pool, dining at their on-site restaurants, the services provided during the events, fast and efficient room service.\n\nThe location of this resort is unbeatable. Situated right on the beach on one side and the green paddy fields on the other, access to breathtaking ocean view made the ambience.\n\nStaff:\nFrom the concierge to the room service.... each and every staff had a smile that made us feel at home, extremely comfortable and happy. The staff was attentive and friendly and went above and beyond to make our stay unforgettable.\n\nFood:\nA special mention to the Chef and everyone in the kitchen team involved in delivering the food for all our meals. Absolutely scrumptious. Generally, at weddings, one of the main concern remains about the food and if the guests have enjoyed it. There was not a single meal that didn't end with \"That was amazing, Absolutely delicious\".\n\nAll in All..... Thank you Beleza By the Beach for providing us with such an unforgettable experience, for their impeccable service and hospitality. This resort is a perfect destination for anyone looking to experience luxury, comfort, and relaxation in a beautiful setting. We highly recommend it!\n\nTo the entire team of Beleza By the Beach....Take a bow, Bravo."
        },
        {
            "reviewer_name": "Robert Salafia",
            "description": "We had our end of Feb Wedding in belezza by the beach. What a gorgeous location, from the paddy field where you can have breakfast, to the beachside lawn. Just beautiful, very green with very pretty flowers. The rooms are spacious with balconies, kept very clean and are comfortable. The team is just brilliant, very professional. Big shout-out to Amanda, she can sort out almost everything. The whole team are always ready to help, very courteous. The food was delicious. We ordered almost every dish in their wedding menu. Their breakfast ( again, by the paddy field) had more than enough assortments. We had a lot of foreigners so the chef even curtailed the spices to their palate. Accommodated friends with allergies with their own food. The beachside lawn for the pheera was picturesque. We even held our Catholic Wedding reception in it. It's not huge but for a crowd of 110-130 it's perfect. Can do a lot of variations based on your wedding planner. All in all this place has a very baliesque-vibe, natural beauty with it's greenery and even the cosy/ intimate bungalow layout, while still keeping the Goa friendliness and atmosphere. Annoyed at giving a 5 star review because I feel the place is a hidden gem and will get to popular and lose it's touch, but they totally deserve it. Made the whole experience perfect for us. "
        },
        {
            "reviewer_name": "Namita Hishikar",
            "description": "Amanda and her whole team were from the very beginning professional super thoughtful and kind throughout the journey of our wedding planning and execution. The whole wedding went by without any hassles and everything was organised and arranged perfectly. Another point to mention is the in house chef/ kitchen all the dishes were delicious. Our guests were very pleased with their stay and service. \nI would recommend this hidden gem of a hotel in a heartbeat! "
        },
        {
            "reviewer_name": "Ankit Chowdhary",
            "description": "Let me start by saying that Beleza is one of the best, underrated resorts in Goa. Ive been to Goa several times over the last 15 years and have felt that Beleza has been top notch in terms of service, people, location, quality of rooms and food. \n\nWe did our wedding in Beleza recently and Amanda was of great help and support. They are very accommodative with your schedules, changes, guests requests, rooming and everything that you need to make the wedding a stress free affair. Chef Praveen and team go out of their way to accommodate dietary preferences, menu selections and timings. The housekeeping and operations team were widely appreciated by all the guests for the quality and responsiveness of their work. They have great venue options for the events with rice fields, pool side, beach side, lawns of banquet needs so you can have a variety of different themes. The rooms are fantastic, very well maintained and spacious. I would highly recommend Beleza for a trip, wedding or anything at all!"
        },
        {
            "reviewer_name": "Kavita Gokarn",
            "description": "Excellent service hospitality and lovely food and ambience. Lovely backdrop of green fields and beach. Staff very cooperative and polite. Amanda was superb. Thanks Beleza team. "
        },
        {
            "reviewer_name": "Preshita Saha",
            "description": "Right from the onset, I enjoyed dealing with every department and I'm in awe of the passion and professionalism displayed by everyone at the property. \n\nOur guests and us all thoroughly enjoyed the warm hospitality, the excellent service and the delicious food (and ofcourse the unending views!) at the hotel. Everyone is still sending me messages about the fish curries! "
        },
        {
            "reviewer_name": "Ravinder Dahiya",
            "description": "We had hosted our daughter's wedding at Beleza in Nov 2022 and are we glad that we chose this venue.....this was everything we had dreamed of and more. The whole experience from the beginning till the actual conduct of the event was wonderful.\nBeleza is the perfect place to host a small wedding. The entire staff in all departments at all levels is extremely cordial and responsive to your requirements. They will make you feel as if you are at home. The venue is ideal for those looking for a beach wedding. The food menu is full of choices and the quality of food is excellent.\nThank you Beleza for such a memorable experience for us as well as our guests."
        },
        {
            "reviewer_name": "Ankita Sansarwal",
            "description": "Planning a destination wedding all by yourself is a huge task, but finalising the venue takes off half of your responsibilities. We went through almost around 15 venues before booking Beleza. But, at last as it turned out, it was our first and last choice. Analytically speaking, it is a full package deal which caters to all your needs at one place:\n1. Breathtaking View 2. Super Supportive Staff 3. Amazing Hospitality 4. Yummiest Food 5. Cost Effective 6. Flexible with last moment changes If your are planning for your wedding in Goa, go for it without thinking twice. Hats off to Beleza & Team for making our wedding such a memorable moment for all of us."
        },
        {
            "reviewer_name": "Neha Dwivedi",
            "description": "Cant put in words how amazing this venue was for our wedding. \n\nAfter having planned and replanned our wedding multiple times due to COVID related issues, considering venues both in the US and in India, we finally decided to have our wedding in Goa. Picking Beleza as our venue, and Fergie as our wedding planner was the best decision we could have made. \n\nBeleza is a gorgeous property with many options for lawns and indoor spaces to choose from. The lawns overlook the sea, which is exactly what wed envisioned for our wedding. The rooms were pretty, the food was delicious, and the greenery all around the property made it look like a beautiful little escape. Staff working at the property were professional, welcoming and responsive which is exactly what you need when having a wedding juggling a million things. \n\nI heard all the praises for manager Amanda and how wonderful she was to work with throughout the planning process. And Chefs Sam, Pravin and Narayan absolutely crushed it with their food. \n\nI couldnt have been happier with Beleza as the venue for our wedding, and as a place for us to have hosted all our family. "
        },
        {
            "reviewer_name": "Geeta Dubey",
            "description": "It was a wonderful experience! We hosted our daughter's wedding here on May 22nd-23rd. Everything went very smoothly with the help and guidance of the Manager Amenda and Prashant. The catering service was commendable! Chef Pravin, Narayan, Nelson and Sam gave their best. The food was very tasty. All our guest were happy with their time to time service."
        },
        {
            "reviewer_name": "DAMAN BHANDARI",
            "description": "This was my first real Goa trip to attend my really close friend's sister wedding and man-o-man this wedding and the entire location was unreal.\n\nI don't think the experience could have been more better because Beleza, their entire management & the staff was spot on and perfect in terms of managing everything!\n\nThe resort and the view was straight out of a Bollywood movie and the Bride & the Groom were definitely the star cast of the movie. Loved every bit of it, thank you to Beleza for making this dream come true wedding happen so seamlessly!"
        },
        {
            "reviewer_name": "ZEHEN MUSIC",
            "description": "You know how in life you sometimes feel like youve discovered something that is so wholesome and perfect that youre worried about too many people finding out about it? Thats how I feel about Beleza.\nI happened to go there for a company offsite and 5minutes in - looked around me and thought - I have to bring my family here. And I did just that a few months later.\n\nSeveral months ago when we were planning for a May Wedding in Goa - I had no doubt in my mind that the venue HAD to be Beleza by the Beach. (But theyre usually booked up so dont waste any time) - Because I KNEW that it was perfect: Amazing rooms, mind-blowing food that makes you feel happy, and MOST SPECIAL OF ALL - Staff that is great at what they do and are so happy and comfortable and busy being awesome at their jobs - that their joy transfer to you, the guest.\n\nWhen I connected with the main Manager Amanda - Little did I know what I was in for. Organising a whole wedding is a scary thought in itself but with Amanda - it felt like I was talking to an old friend. She helped me navigate things like only a true well-wisher would. Chef Pravin helped me wrap my head around planning meals for my extended family with a sense of humour that I really didnt see coming and its the kind that makes you forget that you should be stressed about planning what is probably the biggest event in your lifetime. And everyone else, Manager Prashant, Mr. Nelson, Chef Narayan, Madonna and Joyston at the reception desks, Chef Sam, the Bartenders, or ANY Beleza employee you see walking around feels like someone from your family - in that you KNOW theyre there for you no matter what and if theres ANYTHING you need - theyve got your back - unconditionally.\n\nAll of Beleza is so perfect - they deserve all the fame and recognition they can get. \n\nHoping to visit again real soon - its 1000% my favourite holiday place forever. "
        },
        {
            "reviewer_name": "Santosh Kumar Dubey",
            "description": "We organized our daughter's marriage ceremony on 23rd May 2022.we are very happy with everything offered by Beleza team. Amazing ambience, delicious and quality food. We are so impressed with this beach resort that we will visit again. Thanks to my daughter Tanushree for choosing and finalizing it for her sister's marriage. "
        },
        {
            "reviewer_name": "Karan Arora",
            "description": "We organised a wedding here in March 2022. From the day 1 of planning till the day the everyone checked out it was just a breeze working with the Team at Beleza. \n\nAmanda, from the Beleza team who was our point of contact for the wedding is a superhero. She helped us relentlessly in organising everything and executing it to perfection. She was always available, extremely proactive, and supportive. \n\nThe property itself is great, the rooms are elegantly designed. The Nazare lawns overlooking the beach is an extremely beautiful venue for wedding functions, especially as the sun sets. Great landscape of palm trees define this lawn. The restaurant area with a garden also double up as an intimate space for events. There is also an indoor space to continue your parties which is great as well. There is direct beach access, 2 pools and a great spa for the guests staying there. \n\nAlso a special call out about this place is the food. Absolutely amazing! Chef Pravin, chef Sam cook up a wonderful feast. The seafood is impeccable, and the variety of options is tremendous. Do not miss out on the butter garlic prawns and the lamb chops!\n\n From a alcohol perspective, all major brands are available here, even if they arent they help is arranging everything and also whip up great cocktails. \n\nInfact we hadnt seen the place physically till the time we reached the property 2 days before the wedding functions and had planned everything remotely but everything turned out absolutely fantastic. \n\nI would highly highly recommend this place if you are looking to plan a wedding in goa. Just ask for Amanda and shell help you out with everything, and can also suggest you great decor and entertainment vendors. A big thanks to the entire Beleza team! Definitely going back there soon!"
        },
        {
            "reviewer_name": "Astaaq Ahmed",
            "description": "Beleza is a hidden gem in a sea of some of the most over-commercialised venues/hotels in Goa. Amanda, Richard and their team took immense care of us every step of the way. The venues are beautiful, the service is impeccable, the food is delicious and the staff is more than accommodating. Our family and friends were well looked after, and I think it's going to be a good while before everyone comes off this high. Honestly can't recommend this venue enough!"
        },
        {
            "reviewer_name": "Akanksha Dabadghao",
            "description": "I had my wedding there in Dec 2021. Words are not enough to describe how beautiful the hotel and venue is. Amanda and her team were excellent to work with, and the hospitality they provided to all our guests during the events were outstanding. The food tasted excellent as well. Thank you to everyone at the resort for making our wedding such a success :)"
        },
        {
            "reviewer_name": "Radhika",
            "description": "Recently we had event and was totally satisfied with their service.The cost is reasonable and most importantly we will get prompt response for our queries.."
        },
        {
            "reviewer_name": "sheetal vanwari",
            "description": "Everyone has these expectations of a fairy-tale wedding. Well, I didn't:P But I got it in reality because of Beleza! We chose it over other venues coz the people were so nice esp Amanda. The place is warm, lovely & romantic with the lawn right next to the beach..it's literally made for a picture perfect shaadi.  \n\nOur wedding got postponed due to covid & the transition to a date in nov was so smooth. The weather was better, people were more relaxed and even though it rained the wedding was absolutely perfect. \n\nWhat the guests loved - \nThe huge rooms esp the bathroom\nThe impeccable service \nAnd most of all the FOOD. it was insanely good.. people are still msg us about it! \n\nWhat we loved - \nAmanda - she's just incredibly awesome. It was like having a friend arrange your wedding. even my makeup artist was recommended by her. \nOur villas n suites - Gorgeous! And really well priced\nFOOD - I was too excited to eat but whatever little I managed was amazing! \n\nSome of the insta obsessed friends loved how many naturally beautiful spots Beleza has for pics\n\nif you're planning to get married in Goa, you have to do it at Beleza. if you're not getting married in Goa, change ur plan and do it here:)\n\n**I want to give a 5 star review but app is not allowing! "
        },
        {
            "reviewer_name": "Deckupbydam",
            "description": "We had the most dreamy and beautiful wedding, all thanks to the entire team of Beleza by the Beach! They were so accommodating and hospitable that the entire family was super impressed! It has a beautiful location and outstanding food selection! Thank you so much Beleza for such an outstanding arrangement! "
        },
        {
            "reviewer_name": "Cynthia Roopa",
            "description": "It's was an amazing experience at Beleza. Mesmerizing beauty of the resort and exceptional service and hospitality from the staffs made our big day(wedding) a perfect beach destination wedding! Food at Beleza restaurants were awesome! I would recommend Beleza anyday for beautiful place, hospitality and delicious food! special callout to Amanda,who helped us in preparation of the wedding.\n\nFrom Sriraksha and Cynthia"
        },
        {
            "reviewer_name": "Mili Peter",
            "description": "The property is beautiful no doubt but the management is very poor. They were not accomodating atall. We gave them some requets and they said that it will be done before the guets came but nothing was done. They did not give us the full property. And allthough we only had 100 guets ven then the number of waiters were less. And their hospitatlity was really sucky. They were very rigid and strict."
        }
    ],
    "SEO Meta Title": "Beleza By The Beach | Premium Wedding Venues in Goa",
    "SEO Meta Description": "Beleza By The Beach Goa for your dream wedding. Premium  indoor halls &  outdoor areas & ₹1500 for veg & ₹1500 for non-veg. Enquire now!",
    "FOCUS keyword": "wedding venues NULL premium",
    "slug": "beleza-by-the-beach-wedding-venues-goa-null",
    "estimated_room_count": 1
}