[

    {
        "primaryColor": "#076171",
        "secondaryColor": "#333333",
        "bodyColor": "#FFF3E8",
        "textColor": "#076171",
        "actionColor": "#E94444",
        "successColor": "#38cc31",
        "borderGray": "#ccc",
        "primaryFont": "Ronald-Tumb",
        "secondaryFont": "Poppins",
        "bodyRegularFont": "Poppins-Regular",
        "bodyMediumFont": "Poppins-Medium",
        "bodyBoldFont": "georgia",
        "tertiaryFont": "georgiab",
        "headingFont": "BonheurRoyale-Regular",
        "bgImage": "https://ecsiondevstorage.blob.core.windows.net/wedding-storage/AE768737-6E17-4BCF-92BC-37DACFEC785F.svg",
        "bgResponsiveImage": "https://ecsiondevstorage.blob.core.windows.net/wedding-storage/FE25BC63-6353-41B2-872C-C9D0E2F799BD.png"
        }
    
      
    ]