[

    {
        "primaryColor": "#076171",
        "secondaryColor": "#333333",
        "bodyColor": "#FFF3E8",
        "textColor": "#076171",
        "actionColor": "#E94444",
        "successColor": "#38cc31",
        "borderGray": "#ccc",
        "primaryFont": "Ronald-Tumb",
        "secondaryFont": "Poppins",
        "bodyRegularFont": "Poppins-Regular",
        "bodyMediumFont": "Poppins-Medium",
        "bodyBoldFont": "georgia",
        "tertiaryFont": "georgiab",
        "headingFont": "BonheurRoyale-Regular",
        "bgImage": "https://ecsiondevstorage.blob.core.windows.net/wedding-storage/2D8BA32F-E731-4DAE-B178-FA36ED916F98.svg",
        "bgResponsiveImage": "https://ecsiondevstorage.blob.core.windows.net/wedding-storage/A9CA6450-D903-4B13-A84F-98ABA3DFB387.png"
        }
    
      
    ]