{
    "invitation-title": "",
   "your-name": "ROSHANI",
    "partner-name": "PRATIk",
    "your-parent-name": "RASHMI AND DHIRAJ SONI",
    "partner-parent-name": "(S/O REKHA AND SURESH VERMA)",
    "invitation-full-date": "",
    "invitation-time": "",
    "invitation-venue":"",
    "invitation-address": "",
    "couple-img1": "",
    "couple-img2": "",
    "couple-img3": "",
    "invitation-description": "REQUEST YOUR GRACIOUS PRESENCE ON THE AUSPICIOUS OCCASION OF THE WEDDING OF THEIR DAUGHTER",
    "invitation-message": "",
    "invitation-date": "",
    "invitation-month": "",
    "invitation-month-text": "",
    "invitation-year": "",
    "following-party": "#WEDDINGHASHTAG",
    "invitation-full-date-text": "",
    "invitation-week-day": "",
    "yourInitial": "",
    "partnerInitial": ""
  }