[

    {
        "primaryColor": "#966A2C",
        "secondaryColor": "#333333",
        "bodyColor": "#FFF3E8",
        "textColor": "#966A2C",
        "actionColor": "#E94444",
        "successColor": "#38cc31",
        "borderGray": "#ccc",
        "primaryFont": "Sardinia",
        "secondaryFont": "Playfair Display",
        "bodyRegularFont": "Poppins-Regular",
        "bodyMediumFont": "Poppins-Medium",
        "bodyBoldFont": "georgia",
        "tertiaryFont": "abrilfatfaceRegular",
        "headingFont": "BonheurRoyale-Regular",
        "bgImage": "https://ecsiondevstorage.blob.core.windows.net/wedding-storage/4A7E71DD-F976-4CE4-9C13-FC213CDE0BC1.png",
        "bgResponsiveImage": "https://ecsiondevstorage.blob.core.windows.net/wedding-storage/BC088731-CD13-45F6-BB07-49582C1CABAE.png"
        }
    ]