{
    "invitation-title": "",
    "your-name": "Aashima",
    "partner-name": "Rajiv",
    "your-parent-name": "",
    "partner-parent-name": "",
    "invitation-full-date": "23 August 2017",
    "invitation-time": "AT 10:00 AM",
    "invitation-venue":"DEEPLAXMI CELEBRATION",
    "invitation-address": "NEAR OM SHREE LAXMI NARAYAN VIDYA MANDIR NAGPUR",
    "couple-img1": "",
    "couple-img2": "",
    "couple-img3": "",
    "invitation-description": "INVITE YOU TO CELEBRATE THEIR MARRIAGE",
    "invitation-message": "",
    "invitation-date": "28",
    "invitation-month": "",
    "invitation-month-text": "JANUARY",
    "invitation-year": "2026",
    "following-party": "",
    "invitation-full-date-text": "",
    "invitation-week-day": "SATURDAY",
    "yourInitial": "",
    "partnerInitial": ""
  }