[

    {
        "primaryColor": "#000000",
        "secondaryColor": "#333333",
        "bodyColor": "#FFF3E8",
        "textColor": "#000000",
        "actionColor": "#E94444",
        "successColor": "#38cc31",
        "borderGray": "#ccc",
        "primaryFont": "milaMiguella",
        "secondaryFont": "georgia",
        "bodyRegularFont": "Poppins-Regular",
        "bodyMediumFont": "Poppins-Medium",
        "bodyBoldFont": "georgia",
        "tertiaryFont": "abrilfatfaceRegular",
        "headingFont": "BonheurRoyale-Regular",
        "bgImage": "https://ecsiondevstorage.blob.core.windows.net/wedding-storage/1A16022E-F791-4A8A-BF10-5CC6BA4FA8DB.svg",
        "bgResponsiveImage": "https://ecsiondevstorage.blob.core.windows.net/wedding-storage/C0988687-C1DB-437B-B722-04878C6F7417.png"
        }
    ]