{
    "invitation-title": "TOGETHER WITH THEIR FAMILIES",
    "your-name": "Krishma",
    "partner-name": "Ayansh",
    "your-parent-name": "",
    "partner-parent-name": "",
    "invitation-full-date": "",
    "invitation-time": "AT TEN IN THE MORNING",
    "invitation-venue":"THE ROYAL PLAZA",
    "invitation-address": "ASHOKA ROAD CONNAUGHT PLACE NEW DELHI ",
    "couple-img1": "",
    "couple-img2": "",
    "couple-img3": "",
    "invitation-description": "INVITE YOU TO CELEBRATE THEIR MARRIAGE",
    "invitation-message": "",
    "invitation-date": "09",
    "invitation-month": "",
    "invitation-month-text": "DECEMBER",
    "invitation-year": "2026",
    "following-party": "",
    "invitation-full-date-text": "",
    "invitation-week-day": "",
    "yourInitial": "",
    "partnerInitial": ""
  }