[

    {
        "primaryColor": "#051002",
        "secondaryColor": "#333333",
        "bodyColor": "#FFF3E8",
        "textColor": "#051002",
        "actionColor": "#E94444",
        "successColor": "#38cc31",
        "borderGray": "#ccc",
        "primaryFont": "parisienneRegular",
        "secondaryFont": "Poppins",
        "bodyRegularFont": "Poppins-Regular",
        "bodyMediumFont": "Poppins-Medium",
        "bodyBoldFont": "georgia",
        "tertiaryFont": "abrilfatfaceRegular",
        "headingFont": "BonheurRoyale-Regular",
        "bgImage": "https://ecsiondevstorage.blob.core.windows.net/wedding-storage/C6D95C10-76C8-4C8C-A3D6-875FF19BE244.svg",
        "bgResponsiveImage": "https://ecsiondevstorage.blob.core.windows.net/wedding-storage/AED61DC0-35D2-43C6-9356-3B4D1784AF8C.png"
        }
    ]