[

    {
        "primaryColor": "#257A65",
        "secondaryColor": "#333333",
        "bodyColor": "#FFF3E8",
        "textColor": "#000000",
        "actionColor": "#E94444",
        "successColor": "#38cc31",
        "borderGray": "#ccc",
        "primaryFont": "Avokovie",
        "secondaryFont": "Poppins",
        "bodyRegularFont": "Poppins-Regular",
        "bodyMediumFont": "Poppins-Medium",
        "bodyBoldFont": "georgia",
        "tertiaryFont": "georgia",
        "headingFont": "BonheurRoyale-Regular",
        "bgImage": "https://ecsiondevstorage.blob.core.windows.net/wedding-storage/5781926B-CF23-40E3-B42D-99D59AFF6532.svg",
        "bgResponsiveImage": "https://ecsiondevstorage.blob.core.windows.net/wedding-storage/4D7E3D6F-3EF8-423C-A3DB-C7FB7BA01D4E.png"
        }
    
        
    ]