{
    "invitation-title": "TOGETHER WITH THEIR FAMILIES",
    "your-name": "Tanu",
    "partner-name": "Akshay",
    "your-parent-name": "",
    "partner-parent-name": "",
    "invitation-full-date": "",
    "invitation-time": "AT 10 O'CLOCK IN THE MORNING",
    "invitation-venue":"SAHARA STAR",
    "invitation-address": "OPP. DOMESTIC AIRPORT, VILE PARLE EAST, MUMBAI",
    "couple-img1": "",
    "couple-img2": "",
    "couple-img3": "",
    "invitation-description": "INVITE YOU TO THEIR WEDDING CELEBRATION",
    "invitation-message": "",
    "invitation-date": "15",
    "invitation-month": "",
    "invitation-month-text": "JANUARY",
    "invitation-year": "2026",
    "following-party": "",
    "invitation-full-date-text": "",
    "invitation-week-day": "ON FRIDAY",
    "yourInitial": "",
    "partnerInitial": ""
}