{
    "invitation-title": "Save The Date",
    "your-name": "Adeline",
    "partner-name": "Frank",
    "invitation-full-date": "23 december 2027",
    "invitation-time": "From 4:00 pm Saturday onwards",
    "invitation-address": "Ceremony Sta. Mery Church Reception Hotel Palace",
    "couple-img1": "",
    "couple-img2": "",
    "couple-img3": "",
    "invitation-description": "Request your gracious presence at the Wedding of their daughter",
    "invitation-date": "",
    "invitation-month": "",
    "invitation-month-text": "",
    "invitation-year": "",
    "following-party": "Following the party",
    "invitation-full-date-text":"",
    "invitation-week-day": "",
     "yourInitial": "",
     "partnerInitial": ""
  }