{
    "invitation-title": "Wedding Invitation",
    "your-name": "Adeline",
    "partner-name": "Frank",
    "your-parent-name": "  (D/O smt.Rupa Devi & Sri. Radhey Shyam )",
    "partner-parent-name": "(S/O smt.Parvati & Shri. Mohan Bajoria )",
    "invitation-full-date": "23 december 2027",
    "invitation-time": "From 4:00 pm Saturday onwards",
    "invitation-address": "Ceremony Sta. Mery Church Reception Hotel Palace",
    "couple-img1": "",
    "couple-img2": "",
    "couple-img3": "",
    "invitation-description": "Request your gracious presence at the Wedding of their daughter",
    "invitation-date": "23",
    "invitation-month": "",
    "invitation-month-text": "August",
    "invitation-year": "2025",
    "following-party": "Following the party",
    "invitation-full-date-text":"",
    "invitation-week-day": "",
     "yourInitial": "",
     "partnerInitial": ""
  }