  {
      "invitation-title": "",
      "your-name": "KHUSHI",
      "partner-name": "AYANSH",
      "your-parent-name": "",
      "partner-parent-name": "",
      "invitation-full-date": "",
      "invitation-time": "",
      "invitation-venue":"",
      "invitation-address": "PUNE, MAHARASHTRA",
      "couple-img1": "",
      "couple-img2": "",
      "couple-img3": "",
      "invitation-description": "",
      "invitation-message": "",
      "invitation-date": "15",
      "invitation-month": "",
      "invitation-month-text": "MAY",
      "invitation-year": "2026",
      "following-party": "",
      "invitation-full-date-text": "",
      "invitation-week-day": "",
      "yourInitial": "",
      "partnerInitial": ""
    }