[

    {
        "primaryColor": "#AC8548",
        "secondaryColor": "#333333",
        "bodyColor": "#FFF3E8",
        "textColor": "#AC8548",
        "actionColor": "#E94444",
        "successColor": "#38cc31",
        "borderGray": "#ccc",
        "primaryFont": "blinkaScript",
        "secondaryFont": "Playfair Display",
        "bodyRegularFont": "Poppins-Regular",
        "bodyMediumFont": "Poppins-Medium",
        "bodyBoldFont": "georgia",
        "tertiaryFont": "abrilfatfaceRegular",
        "headingFont": "BonheurRoyale-Regular",
        "bgImage": "https://ecsiondevstorage.blob.core.windows.net/wedding-storage/B4BBB388-F601-43E8-810C-1F61FFACB00F.png",
        "bgResponsiveImage": "https://ecsiondevstorage.blob.core.windows.net/wedding-storage/908E4E16-C30B-4444-8A57-36A31196158C.png"
        }
    
      
    ]