[

    {
              "primaryColor": "#AC8548",
        "secondaryColor": "#333333",
        "bodyColor": "#FFF3E8",
        "textColor": "#AC8548",
        "actionColor": "#E94444",
        "successColor": "#38cc31",
        "borderGray": "#ccc",
        "primaryFont": "blinkaScript",
        "secondaryFont": "Playfair Display",
        "bodyRegularFont": "Poppins-Regular",
        "bodyMediumFont": "Poppins-Medium",
        "bodyBoldFont": "georgia",
        "tertiaryFont": "abrilfatfaceRegular",
        "headingFont": "BonheurRoyale-Regular",
        "bgImage": "https://ecsiondevstorage.blob.core.windows.net/wedding-storage/742B7866-F1CC-459E-9546-25136484E215.png",
        "bgResponsiveImage": "https://ecsiondevstorage.blob.core.windows.net/wedding-storage/CA716973-8D84-48FF-A91A-A7E110F2C0D0.png"
        }
    
      
    ]