{
    "invitation-title": "TOGETHER WITH THEIR FAMILIES",
    "your-name": "Khushi",
    "partner-name": "Ayansh",
    "your-parent-name": "",
    "partner-parent-name": "",
    "invitation-full-date": "",
    "invitation-time": "",
    "invitation-venue":"ROYAL ORCHID CENTRAL",
    "invitation-address": "MARISOFT ANNEXE, KALYANI NAGAR, PUNE",
    "couple-img1": "",
    "couple-img2": "",
    "couple-img3": "",
    "invitation-description": "INVITE YOU TO CELEBRATE THEIR MARRIAGE",
    "invitation-message": "",
    "invitation-date": "25",
    "invitation-month": "",
    "invitation-month-text": "MAY",
    "invitation-year": "2026",
    "following-party": "",
    "invitation-full-date-text": "",
    "invitation-week-day": "SATURDAY",
    "yourInitial": "",
    "partnerInitial": ""
  }