[

    {
        "primaryColor": "#000000",
        "secondaryColor": "#333333",
        "bodyColor": "#FFFFFF",
        "textColor": "#000000",
        "actionColor": "#E94444",
        "successColor": "#38cc31",
        "borderGray": "#ccc",
        "primaryFont": "laurentine",
        "secondaryFont": "Montserrat",
        "bodyRegularFont": "Poppins-Regular",
        "bodyMediumFont": "Poppins-Medium",
        "bodyBoldFont": "georgia",
        "tertiaryFont": "Playfair Display",
        "headingFont": "BonheurRoyale-Regular",
        "imageTop": "https://ecsiondevstorage.blob.core.windows.net/wedding-storage/245E39AE-E976-42DF-8E68-E5978F72353C.png",
        "imageBottom": "https://ecsiondevstorage.blob.core.windows.net/wedding-storage/062DE298-7DD0-4631-91FA-5DC01BAF31DF.png",
        "bgImage": "https://ecsiondevstorage.blob.core.windows.net/wedding-storage/B777FC0D-3394-4917-A742-5E97064BD470.png",
        "bgResponsiveImage": "https://ecsiondevstorage.blob.core.windows.net/wedding-storage/1425C00C-BE7E-4A72-97C6-E4DBF439ABE1.png"
        },
    
        {
        "primaryColor": "#000000",
        "secondaryColor": "#333333",
        "bodyColor": "#FBF0F0",
        "textColor": "#000000",
        "actionColor": "#E94444",
        "successColor": "#38cc31",
        "borderGray": "#ccc",
        "primaryFont": "laurentine",
        "secondaryFont": "Montserrat",
        "bodyRegularFont": "Poppins-Regular",
        "bodyMediumFont": "Poppins-Medium",
        "bodyBoldFont": "georgia",
        "tertiaryFont": "Playfair Display",
        "headingFont": "BonheurRoyale-Regular",
        "imageTop": "https://ecsiondevstorage.blob.core.windows.net/wedding-storage/245E39AE-E976-42DF-8E68-E5978F72353C.png",
        "imageBottom": "https://ecsiondevstorage.blob.core.windows.net/wedding-storage/062DE298-7DD0-4631-91FA-5DC01BAF31DF.png",
        "bgImage": "https://ecsiondevstorage.blob.core.windows.net/wedding-storage/95103CCA-06F1-41AD-9B5A-CD6DB427A9BB.png",
        "bgResponsiveImage": "https://ecsiondevstorage.blob.core.windows.net/wedding-storage/0AD06E3E-6056-4E7F-9600-30ABD1151417.png"
        },
        
        {
        "primaryColor": "#FFFFFF",
        "secondaryColor": "#333333",
        "bodyColor": "#330B09",
        "textColor": "#FFFFFF",
        "actionColor": "#E94444",
        "successColor": "#38cc31",
        "borderGray": "#ccc",
        "primaryFont": "laurentine",
        "secondaryFont": "Montserrat",
        "bodyRegularFont": "Poppins-Regular",
        "bodyMediumFont": "Poppins-Medium",
        "bodyBoldFont": "georgia",
        "tertiaryFont": "Playfair Display",
        "headingFont": "BonheurRoyale-Regular",
        "imageTop": "https://ecsiondevstorage.blob.core.windows.net/wedding-storage/245E39AE-E976-42DF-8E68-E5978F72353C.png",
        "imageBottom": "https://ecsiondevstorage.blob.core.windows.net/wedding-storage/062DE298-7DD0-4631-91FA-5DC01BAF31DF.png",
        "bgImage": "https://ecsiondevstorage.blob.core.windows.net/wedding-storage/95103CCA-06F1-41AD-9B5A-CD6DB427A9BB.png",
        "bgResponsiveImage": "https://ecsiondevstorage.blob.core.windows.net/wedding-storage/0AD06E3E-6056-4E7F-9600-30ABD1151417.png"
        },
    
        {
        "primaryColor": "#FFFFFF",
        "secondaryColor": "#333333",
        "bodyColor": "#000000",
        "textColor": "#FFFFFF",
        "actionColor": "#E94444",
        "successColor": "#38cc31",
        "borderGray": "#ccc",
        "primaryFont": "laurentine",
        "secondaryFont": "Montserrat",
        "bodyRegularFont": "Poppins-Regular",
        "bodyMediumFont": "Poppins-Medium",
        "bodyBoldFont": "Playfair Display",
        "tertiaryFont": "Playfair Display",
        "headingFont": "BonheurRoyale-Regular",
        "imageTop": "https://ecsiondevstorage.blob.core.windows.net/wedding-storage/245E39AE-E976-42DF-8E68-E5978F72353C.png",
        "imageBottom": "https://ecsiondevstorage.blob.core.windows.net/wedding-storage/062DE298-7DD0-4631-91FA-5DC01BAF31DF.png",
        "bgImage": "https://ecsiondevstorage.blob.core.windows.net/wedding-storage/95103CCA-06F1-41AD-9B5A-CD6DB427A9BB.png",
        "bgResponsiveImage": "https://ecsiondevstorage.blob.core.windows.net/wedding-storage/0AD06E3E-6056-4E7F-9600-30ABD1151417.png"
        }
    ]