[

    {
        "primaryColor": "#966A2C",
        "secondaryColor": "#333333",
        "bodyColor": "#FFF3E8",
        "textColor": "#966A2C",
        "actionColor": "#E94444",
        "successColor": "#38cc31",
        "borderGray": "#ccc",
        "primaryFont": "Playfair Display",
        "secondaryFont": "Playfair Display",
        "bodyRegularFont": "Poppins-Regular",
        "bodyMediumFont": "Poppins-Medium",
        "bodyBoldFont": "georgia",
        "tertiaryFont": "abrilfatfaceRegular",
        "headingFont": "BonheurRoyale-Regular",
        "bgImage": "https://ecsiondevstorage.blob.core.windows.net/wedding-storage/318D037E-095C-4130-A4C6-F20F2D387ACE.png",
        "bgResponsiveImage": "https://ecsiondevstorage.blob.core.windows.net/wedding-storage/5DCE8A70-BA16-454C-B8E3-E13AEEF6DD56.png"
        }
    
      
    ]