[

    {
        "primaryColor": "#966A2C",
        "secondaryColor": "#333333",
        "bodyColor": "#FFF3E8",
        "textColor": "#966A2C",
        "actionColor": "#E94444",
        "successColor": "#38cc31",
        "borderGray": "#ccc",
        "primaryFont": "Playfair Display",
        "secondaryFont": "Playfair Display",
        "bodyRegularFont": "Poppins-Regular",
        "bodyMediumFont": "Poppins-Medium",
        "bodyBoldFont": "georgia",
        "tertiaryFont": "abrilfatfaceRegular",
        "headingFont": "BonheurRoyale-Regular",
       "bgImage": "https://ecsiondevstorage.blob.core.windows.net/wedding-storage/E489E2A0-6FC9-46A2-9D3C-D97335FFA053.png",
        "bgResponsiveImage": "https://ecsiondevstorage.blob.core.windows.net/wedding-storage/B2DB72E4-8F55-42DF-8533-B49DA4AE459F.png"
          }
    
      
    ]