[

    {
        "primaryColor": "#13234D",
        "secondaryColor": "#333333",
        "bodyColor": "#FFF3E8",
        "textColor": "#13234D",
        "actionColor": "#E94444",
        "successColor": "#38cc31",
        "borderGray": "#ccc",
        "primaryFont": "Blongoc-Script",
        "secondaryFont": "Poppins",
        "bodyRegularFont": "Poppins-Regular",
        "bodyMediumFont": "Poppins-Medium",
        "bodyBoldFont": "georgia",
        "tertiaryFont": "Poppins",
        "headingFont": "BonheurRoyale-Regular",
        "bgImage": "https://ecsiondevstorage.blob.core.windows.net/wedding-storage/83720401-FBF3-4D72-8A52-69ABE1A71CA7.png",
        "bgResponsiveImage": "https://ecsiondevstorage.blob.core.windows.net/wedding-storage/BBA66825-7CEB-44A2-8798-611038D52555.png"
        }
    
      
    ]