{
  "invitation-title": "Wedding Invitation",
  "your-name": "Aaliya",
  "partner-name": "Ranbir",
  "your-parent-name": "  (D/O smt.Rupa Devi & Sri. Radhey Shyam )",
  "partner-parent-name": "(S/O smt.Parvati & Shri. Mohan Bajoria )",
  "invitation-full-date": "18 March 2027",
  "invitation-time": "From 4:00 pm Saturday onwards",
  "invitation-address": " Ceremony Sta. Mery Church Reception Hotel Palace",
  "couple-img1": "",
  "couple-img2": "",
  "couple-img3": "",
  "invitation-description": "You are invited to the wedding of",
  "invitation-message": "",
  "invitation-date": "",
  "invitation-month": "",
  "invitation-month-text": " ",
  "invitation-year": "",
  "following-party": "Following The Party",
  "invitation-full-date-text": "",
  "invitation-week-day": "",
  "yourInitial": "",
  "partnerInitial": ""
}