[

    {
   "primaryColor": "#41517B",
        "secondaryColor": "#A46B1D",
        "bodyColor": "#FFF3E8",
        "textColor": "#41517B",
        "actionColor": "#E94444",
        "successColor": "#38cc31",
        "borderGray": "#ccc",
        "primaryFont": "centralwellRegular",
        "secondaryFont": "Times New Roman",
        "bodyRegularFont": "Poppins-Regular",
        "bodyMediumFont": "Poppins-Medium",
        "bodyBoldFont": "georgia",
        "tertiaryFont": "Montserrat",
        "headingFont": "BonheurRoyale-Regular",
        "bgImage": "https://ecsiondevstorage.blob.core.windows.net/wedding-storage/491ED8BA-131F-45B2-B524-86DA4DDC80A5.svg",
        "bgResponsiveImage": "https://ecsiondevstorage.blob.core.windows.net/wedding-storage/4390FCDA-4AD6-4B1F-9062-C1599E0D811F.webp"
        }
    ]