{
    "invitation-title": "With The Heavenly Blessings Of Grandparents",
    "your-name": "Akruti",
    "partner-name": "Mayur",
    "your-parent-name": "SUNITA & RAJESH SHARMA",
    "partner-parent-name": "",
    "your-grandparent-name": "LATE SMT. KAMLA & LATE SHRI. MADHUSUDAN SHARMA",
    "partner-grandparent-name": "",
    "invitation-full-date": "",
    "invitation-time": "SUNDAY 10:00 AM ONWARDS",
    "invitation-venue":"ROYAL ORCHID CENTRAL",
    "invitation-address": "MARISOFT ANNEX, KALYANI NAGAR, PUNE",
    "couple-img1": "",
    "couple-img2": "",
    "couple-img3": "",
    "invitation-description": "Request The Pleasure Of Your Company At The Wedding Of Their Daughter",
    "invitation-message": "",
    "invitation-date": "12",
    "invitation-month": "",
    "invitation-month-text": "MARCH",
    "invitation-year": "2026",
    "following-party": "",
    "invitation-full-date-text": "",
    "invitation-week-day": "",
    "yourInitial": "",
    "partnerInitial": ""
  }