[
    {
        "primaryColor": "#B52A58",
        "secondaryColor": "#333333",
        "bodyColor": " #F7F0F2",
        "textColor": " #B52A58",
        "actionColor": "#E94444",
        "successColor": "#38cc31",
        "borderGray": "#ccc",
        "primaryFont": "louvreAndVenus",
        "secondaryFont": "Montserrat",
        "tertiaryFont": "georgia",
        "bodyRegularFont": "Poppins-Regular",
        "bodyMediumFont": "Poppins-Medium",
        "bodyBoldFont": "georgia",
        "headingFont": "BonheurRoyale-Regular",
        "imageTop": "https://ecsiondevstorage.blob.core.windows.net/wedding-storage/33FDE3A9-C6D4-42BC-92BE-D238D8D3DFA1.png",
        "imageBottom": "https://ecsiondevstorage.blob.core.windows.net/wedding-storage/51EE7DBB-9814-4DFD-B2DE-8B4DBC135CE5.png",
        "bgImage": "https://ecsiondevstorage.blob.core.windows.net/wedding-storage/92917FD1-CC43-4F23-B332-71C2EDBF1DB6.png",
        "bgResponsiveImage": "https://ecsiondevstorage.blob.core.windows.net/wedding-storage/5B076816-4686-40BB-A459-C8B440E5F3FB.png"
    },
    {
        "primaryColor": "#B52A58",
        "secondaryColor": "#333333",
        "bodyColor": " #F1F1F1",
        "textColor": "#B52A58",
        "actionColor": "#E94444",
        "successColor": "#38cc31",
        "borderGray": "#ccc",
        "primaryFont": "louvreAndVenus",
        "secondaryFont": "Montserrat",
        "bodyRegularFont": "Poppins-Regular",
        "bodyMediumFont": "Poppins-Medium",
        "bodyBoldFont": "georgia",
        "headingFont": "BonheurRoyale-Regular",
        "imageTop": "https://ecsiondevstorage.blob.core.windows.net/wedding-storage/33FDE3A9-C6D4-42BC-92BE-D238D8D3DFA1.png",
        "imageBottom": "https://ecsiondevstorage.blob.core.windows.net/wedding-storage/51EE7DBB-9814-4DFD-B2DE-8B4DBC135CE5.png",
        "bgImage": "https://ecsiondevstorage.blob.core.windows.net/wedding-storage/92917FD1-CC43-4F23-B332-71C2EDBF1DB6.png",
        "bgResponsiveImage": "https://ecsiondevstorage.blob.core.windows.net/wedding-storage/5B076816-4686-40BB-A459-C8B440E5F3FB.png"
    },
    {
        "primaryColor": "#B52A58",
        "secondaryColor": "#333333",
        "bodyColor": "#FFF6D0",
        "textColor": "#B52A58",
        "actionColor": "#E94444",
        "successColor": "#38cc31",
        "borderGray": "#ccc",
        "primaryFont": "louvreAndVenus",
        "secondaryFont": "Montserrat",
        "bodyRegularFont": "Poppins-Regular",
        "bodyMediumFont": "Poppins-Medium",
        "bodyBoldFont": "georgia",
        "headingFont": "BonheurRoyale-Regular",
        "imageTop": "https://ecsiondevstorage.blob.core.windows.net/wedding-storage/33FDE3A9-C6D4-42BC-92BE-D238D8D3DFA1.png",
        "imageBottom": "https://ecsiondevstorage.blob.core.windows.net/wedding-storage/51EE7DBB-9814-4DFD-B2DE-8B4DBC135CE5.png",
        "bgImage": "https://ecsiondevstorage.blob.core.windows.net/wedding-storage/92917FD1-CC43-4F23-B332-71C2EDBF1DB6.png",
        "bgResponsiveImage": "https://ecsiondevstorage.blob.core.windows.net/wedding-storage/5B076816-4686-40BB-A459-C8B440E5F3FB.png"
    },
    {
        "primaryColor": "#FFCC91",
        "secondaryColor": "#333333",
        "bodyColor": "#043463",
        "textColor": "#FFCC91",
        "actionColor": "#E94444",
        "successColor": "#38cc31",
        "borderGray": "#ccc",
        "primaryFont": "louvreAndVenus",
        "secondaryFont": "Montserrat",
        "bodyRegularFont": "Poppins-Regular",
        "bodyMediumFont": "Poppins-Medium",
        "bodyBoldFont": "georgia",
        "headingFont": "BonheurRoyale-Regular",
        "imageTop": "https://ecsiondevstorage.blob.core.windows.net/wedding-storage/33FDE3A9-C6D4-42BC-92BE-D238D8D3DFA1.png",
        "imageBottom": "https://ecsiondevstorage.blob.core.windows.net/wedding-storage/51EE7DBB-9814-4DFD-B2DE-8B4DBC135CE5.png",
        "bgImage": "https://ecsiondevstorage.blob.core.windows.net/wedding-storage/92917FD1-CC43-4F23-B332-71C2EDBF1DB6.png",
        "bgResponsiveImage": "https://ecsiondevstorage.blob.core.windows.net/wedding-storage/5B076816-4686-40BB-A459-C8B440E5F3FB.png"
    }
]