{
    "invitation-title": "Wedding Invitation",
    "your-name": "Ridhima",
    "partner-name": "Ranjan",
    "your-parent-name": "  (D/O smt.Rupa Devi & Sri. Radhey Shyam )",
    "partner-parent-name": "(S/O smt.Parvati & Shri. Mohan Bajoria )",
    "invitation-full-date": "",
    "invitation-time": "From 4:00pm onwards",
    "invitation-address": " Ceremony Sta. Mery Church Reception Hotel Palace",
    "couple-img1": "",
    "couple-img2": "",
    "couple-img3": "",
    "invitation-description": "Request Your Gracious Presence At The Wedding Of Their Daughter",
    "invitation-message": "",
    "invitation-date": "18",
    "invitation-month": "",
    "invitation-month-text": "October ",
    "invitation-year": "2027",
    "following-party": "Following The Party",
    "invitation-full-date-text": "",
    "invitation-week-day": "Saturday",
    "yourInitial": "",
    "partnerInitial": ""
  }