{
  "your-name": "Sagar",
  "partner-name": "Shital",
  "your-parent-name": "D/O smt.Rupa Devi & Sri. Radhey Shyam",
  "partner-parent-name": "S/O smt.Parvati & Shri. Mohan Bajoria",
  "invitation-full-date": "",
  "invitation-time": "AT 5 PM",
  "invitation-venue": "Rajwada Palace",
  "invitation-address": "Mahal Nagpur",
  "couple-img1": "",
  "couple-img2": "",
  "couple-img3": "",
  "invitation-description": "Request your gracious presence at the Wedding of their daughter",
  "invitation-message": "",
  "invitation-date": "28",
  "invitation-month": "",
  "invitation-month-text": "February",
  "invitation-year": "2026",
  "following-party": "Reception to follow",
  "invitation-full-date-text": "",
  "invitation-week-day": "Saturday",
  "yourInitial": "",
  "partnerInitial": ""
}