[
    {
        "primaryColor": "#B787B6",
        "secondaryColor": "#333333",
        "bodyColor": "#000000",
        "textColor": "#FFFFFF",
        "actionColor": "#E94444",
        "successColor": "#38cc31",
        "borderGray": "#ccc",
        "primaryFont": "winlove",
        "secondaryFont": "Playfair Display",
        "bodyRegularFont": "Poppins-Regular",
        "bodyMediumFont": "Poppins-Medium",
        "bodyBoldFont": "georgia",
        "tertiaryFont": "Poppins",
        "headingFont": "BonheurRoyale-Regular",
        "imageTop": "https://ecsiondevstorage.blob.core.windows.net/wedding-storage/6F19D7EA-4D3A-481E-A09A-0EAB6F3C7CF5.png",
        "imageBottom": "https://ecsiondevstorage.blob.core.windows.net/wedding-storage/13E85DD0-F637-4DF9-8CE1-AA2E613C17B5.png",
        "bgImage": "https://ecsiondevstorage.blob.core.windows.net/wedding-storage/14940F6B-E9D8-4958-A9C9-BD61B3579020.png",
        "bgResponsiveImage": "https://ecsiondevstorage.blob.core.windows.net/wedding-storage/EE7FD19D-7851-4741-8E0C-F06A4BD1A61E.png"
        },

        {
        "primaryColor": "#B787B6",
        "secondaryColor": "#333333",
        "bodyColor": "#380D38",
        "textColor": "#FFFFFF",
        "actionColor": "#E94444",
        "successColor": "#38cc31",
        "borderGray": "#ccc",
        "primaryFont": "winlove",
        "secondaryFont": "Playfair Display",
        "bodyRegularFont": "Poppins-Regular",
        "bodyMediumFont": "Poppins-Medium",
        "bodyBoldFont": "georgia",
        "tertiaryFont": "Poppins",
        "headingFont": "BonheurRoyale-Regular",
        "imageTop": "https://ecsiondevstorage.blob.core.windows.net/wedding-storage/6F19D7EA-4D3A-481E-A09A-0EAB6F3C7CF5.png",
        "imageBottom": "https://ecsiondevstorage.blob.core.windows.net/wedding-storage/13E85DD0-F637-4DF9-8CE1-AA2E613C17B5.png",
        "bgImage": "https://ecsiondevstorage.blob.core.windows.net/wedding-storage/14940F6B-E9D8-4958-A9C9-BD61B3579020.png",
        "bgResponsiveImage": "https://ecsiondevstorage.blob.core.windows.net/wedding-storage/EE7FD19D-7851-4741-8E0C-F06A4BD1A61E.png"
        },

        {
        "primaryColor": "#000000",
        "secondaryColor": "#333333",
        "bodyColor": "#F1BFFA",
        "textColor": "#000000",
        "actionColor": "#E94444",
        "successColor": "#38cc31",
        "borderGray": "#ccc",
        "primaryFont": "winlove",
        "secondaryFont": "Playfair Display",
        "bodyRegularFont": "Poppins-Regular",
        "bodyMediumFont": "Poppins-Medium",
        "bodyBoldFont": "georgia",
        "tertiaryFont": "Poppins",
        "headingFont": "BonheurRoyale-Regular",
        "imageTop": "https://ecsiondevstorage.blob.core.windows.net/wedding-storage/6F19D7EA-4D3A-481E-A09A-0EAB6F3C7CF5.png",
        "imageBottom": "https://ecsiondevstorage.blob.core.windows.net/wedding-storage/13E85DD0-F637-4DF9-8CE1-AA2E613C17B5.png",
        "bgImage": "https://ecsiondevstorage.blob.core.windows.net/wedding-storage/14940F6B-E9D8-4958-A9C9-BD61B3579020.png",
        "bgResponsiveImage": "https://ecsiondevstorage.blob.core.windows.net/wedding-storage/EE7FD19D-7851-4741-8E0C-F06A4BD1A61E.png"
        },

        {
        "primaryColor": "#B787B6",
        "secondaryColor": "#333333",
        "bodyColor": "#FFFFFF",
        "textColor": "#000000",
        "actionColor": "#E94444",
        "successColor": "#38cc31",
        "borderGray": "#ccc",
        "primaryFont": "winlove",
        "secondaryFont": "Playfair Display",
        "bodyRegularFont": "Poppins-Regular",
        "bodyMediumFont": "Poppins-Medium",
        "bodyBoldFont": "georgia",
        "tertiaryFont": "Poppins",
        "headingFont": "BonheurRoyale-Regular",
        "imageTop": "https://ecsiondevstorage.blob.core.windows.net/wedding-storage/6F19D7EA-4D3A-481E-A09A-0EAB6F3C7CF5.png",
        "imageBottom": "https://ecsiondevstorage.blob.core.windows.net/wedding-storage/13E85DD0-F637-4DF9-8CE1-AA2E613C17B5.png",
        "bgImage": "https://ecsiondevstorage.blob.core.windows.net/wedding-storage/14940F6B-E9D8-4958-A9C9-BD61B3579020.png",
        "bgResponsiveImage": "https://ecsiondevstorage.blob.core.windows.net/wedding-storage/EE7FD19D-7851-4741-8E0C-F06A4BD1A61E.png"
        }
]