  {
    "invitation-title": "Save the Date",
    "your-name": "Mayuri   ",
    "partner-name": "Shubham  ",
    "invitation-full-date": "18 March 2024",
    "invitation-time": "From 4:00 pm Saturday onwards",
    "invitation-address": "Ceremony Sta. Mery Church Reception Hotel Palace",
    "couple-img1": "",
    "couple-img2": "",
    "couple-img3": "",
    "invitation-description": "Request your grorious presence at the Wedding of there daugher",
    "invitation-message": "",
    "invitation-date": "",
    "invitation-month": "",
    "invitation-month-text": " ",
    "invitation-year": "",
    "following-party": "Reception to follow",
    "invitation-full-date-text": "",
    "invitation-week-day": "",
    "yourInitial": "",
    "partnerInitial": ""
  }