[
  {
    "primaryColor": "#A50D0D",
    "secondaryColor": "#91593B",
    "bodyColor": "#F8E7E7",
    "textColor": "#000000",
    "actionColor": "#E94444",
    "successColor": "#38cc31",
    "borderGray": "#ccc",
    "primaryFont": "Playfair Display",
    "secondaryFont": "Montserrat",
    "tertiaryFont": "Alex Brush",
    "bodyRegularFont": "Poppins-Regular",
    "bodyMediumFont": "Poppins-Medium",
    "bodyBoldFont": "Montserrat",
    "headingFont": "BonheurRoyale-Regular",
    "bgImage": "https://ecsiondevstorage.blob.core.windows.net/wedding-storage/1D516D27-51FE-4CC2-AD7B-98517D1A10C9.png",
    "bgResponsiveImage": "https://ecsiondevstorage.blob.core.windows.net/wedding-storage/4554A631-5FD7-4ACE-A317-4896089BAD32.png"
  },
  {
    "primaryColor": "#A50D0D",
    "secondaryColor": "#91593B",
    "bodyColor": "#EBDBD9",
    "textColor": "#000000",
    "actionColor": "#E94444",
    "successColor": "#38cc31",
    "borderGray": "#ccc",
    "primaryFont": "Playfair Display",
    "secondaryFont": "Montserrat",
    "tertiaryFont": "Alex Brush",
    "bodyRegularFont": "Poppins-Regular",
    "bodyMediumFont": "Poppins-Medium",
    "bodyBoldFont": "Montserrat",
    "headingFont": "BonheurRoyale-Regular",
    "bgImage": "https://ecsiondevstorage.blob.core.windows.net/wedding-storage/1D516D27-51FE-4CC2-AD7B-98517D1A10C9.png",
    "bgResponsiveImage": "https://ecsiondevstorage.blob.core.windows.net/wedding-storage/4554A631-5FD7-4ACE-A317-4896089BAD32.png"
  },
  {
    "primaryColor": "#A50D0D",
    "secondaryColor": "#FFFFFF",
    "bodyColor": "#FFFDEA",
    "textColor": "#000000",
    "actionColor": "#E94444",
    "successColor": "#38cc31",
    "borderGray": "#ccc",
    "primaryFont": "Playfair Display",
    "secondaryFont": "Montserrat",
    "tertiaryFont": "Alex Brush",
    "bodyRegularFont": "Poppins-Regular",
    "bodyMediumFont": "Poppins-Medium",
    "bodyBoldFont": "Montserrat",
    "headingFont": "BonheurRoyale-Regular",
    "bgImage": "https://ecsiondevstorage.blob.core.windows.net/wedding-storage/1D516D27-51FE-4CC2-AD7B-98517D1A10C9.png",
    "bgResponsiveImage": "https://ecsiondevstorage.blob.core.windows.net/wedding-storage/4554A631-5FD7-4ACE-A317-4896089BAD32.png"
  },
  {
    "primaryColor": "#FFFFFF",
    "secondaryColor": "#FFFFFF",
    "bodyColor": "#1A4A46",
    "textColor": "#FFFFFF",
    "actionColor": "#E94444",
    "successColor": "#38cc31",
    "borderGray": "#ccc",
    "primaryFont": "Playfair Display",
    "secondaryFont": "Montserrat",
    "tertiaryFont": "Alex Brush",
    "bodyRegularFont": "Poppins-Regular",
    "bodyMediumFont": "Poppins-Medium",
    "bodyBoldFont": "Montserrat",
    "headingFont": "BonheurRoyale-Regular",
    "bgImage": "https://ecsiondevstorage.blob.core.windows.net/wedding-storage/1D516D27-51FE-4CC2-AD7B-98517D1A10C9.png",
    "bgResponsiveImage": "https://ecsiondevstorage.blob.core.windows.net/wedding-storage/4554A631-5FD7-4ACE-A317-4896089BAD32.png"
  },
  {
    "primaryColor": "#FFFFFF",
    "secondaryColor": "#FFFFFF",
    "bodyColor": "#0E0B41",
    "textColor": "#FFFFFF",
    "actionColor": "#E94444",
    "successColor": "#38cc31",
    "borderGray": "#ccc",
    "primaryFont": "Playfair Display",
    "secondaryFont": "Montserrat",
    "tertiaryFont": "Alex Brush",
    "bodyRegularFont": "Poppins-Regular",
    "bodyMediumFont": "Poppins-Medium",
    "bodyBoldFont": "Montserrat",
    "headingFont": "BonheurRoyale-Regular",
    "bgImage": "https://ecsiondevstorage.blob.core.windows.net/wedding-storage/1D516D27-51FE-4CC2-AD7B-98517D1A10C9.png",
    "bgResponsiveImage": "https://ecsiondevstorage.blob.core.windows.net/wedding-storage/4554A631-5FD7-4ACE-A317-4896089BAD32.png"
  }
]