[
  {
    "primaryColor": "#A50D0D",
    "secondaryColor": "#91593B",
    "bodyColor": "#F8E7E7",
    "textColor": "#000000",
    "actionColor": "#E94444",
    "successColor": "#38cc31",
    "borderGray": "#ccc",
    "primaryFont": "Playfair Display",
    "secondaryFont": "Montserrat",
    "tertiaryFont": "Alex Brush",
    "bodyRegularFont": "Poppins-Regular",
    "bodyMediumFont": "Poppins-Medium",
    "bodyBoldFont": "Montserrat",
    "headingFont": "BonheurRoyale-Regular",
    "bgImage": "https://ecsiondevstorage.blob.core.windows.net/wedding-storage/B04800B8-22AE-41B7-B759-7B45757000A5.png",
    "bgResponsiveImage": "https://ecsiondevstorage.blob.core.windows.net/wedding-storage/294304C7-EF55-435F-8547-78E3E60BEA03.png"
  },
  {
    "primaryColor": "#A50D0D",
    "secondaryColor": "#91593B",
    "bodyColor": "#EBDBD9",
    "textColor": "#000000",
    "actionColor": "#E94444",
    "successColor": "#38cc31",
    "borderGray": "#ccc",
    "primaryFont": "Playfair Display",
    "secondaryFont": "Montserrat",
    "tertiaryFont": "Alex Brush",
    "bodyRegularFont": "Poppins-Regular",
    "bodyMediumFont": "Poppins-Medium",
    "bodyBoldFont": "Montserrat",
    "headingFont": "BonheurRoyale-Regular",
    "bgImage": "https://ecsiondevstorage.blob.core.windows.net/wedding-storage/B04800B8-22AE-41B7-B759-7B45757000A5.png",
    "bgResponsiveImage": "https://ecsiondevstorage.blob.core.windows.net/wedding-storage/294304C7-EF55-435F-8547-78E3E60BEA03.png"
  },
  {
    "primaryColor": "#A50D0D",
    "secondaryColor": "#FFFFFF",
    "bodyColor": "#FFFDEA",
    "textColor": "#000000",
    "actionColor": "#E94444",
    "successColor": "#38cc31",
    "borderGray": "#ccc",
    "primaryFont": "Playfair Display",
    "secondaryFont": "Montserrat",
    "tertiaryFont": "Alex Brush",
    "bodyRegularFont": "Poppins-Regular",
    "bodyMediumFont": "Poppins-Medium",
    "bodyBoldFont": "Montserrat",
    "headingFont": "BonheurRoyale-Regular",
    "bgImage": "https://ecsiondevstorage.blob.core.windows.net/wedding-storage/B04800B8-22AE-41B7-B759-7B45757000A5.png",
    "bgResponsiveImage": "https://ecsiondevstorage.blob.core.windows.net/wedding-storage/294304C7-EF55-435F-8547-78E3E60BEA03.png"
  },
  {
    "primaryColor": "#FFFFFF",
    "secondaryColor": "#FFFFFF",
    "bodyColor": "#1A4A46",
    "textColor": "#FFFFFF",
    "actionColor": "#E94444",
    "successColor": "#38cc31",
    "borderGray": "#ccc",
    "primaryFont": "Playfair Display",
    "secondaryFont": "Montserrat",
    "tertiaryFont": "Alex Brush",
    "bodyRegularFont": "Poppins-Regular",
    "bodyMediumFont": "Poppins-Medium",
    "bodyBoldFont": "Montserrat",
    "headingFont": "BonheurRoyale-Regular",
    "bgImage": "https://ecsiondevstorage.blob.core.windows.net/wedding-storage/B04800B8-22AE-41B7-B759-7B45757000A5.png",
    "bgResponsiveImage": "https://ecsiondevstorage.blob.core.windows.net/wedding-storage/294304C7-EF55-435F-8547-78E3E60BEA03.png"
  },
  {
    "primaryColor": "#FFFFFF",
    "secondaryColor": "#FFFFFF",
    "bodyColor": "#0E0B41",
    "textColor": "#FFFFFF",
    "actionColor": "#E94444",
    "successColor": "#38cc31",
    "borderGray": "#ccc",
    "primaryFont": "Playfair Display",
    "secondaryFont": "Montserrat",
    "tertiaryFont": "Alex Brush",
    "bodyRegularFont": "Poppins-Regular",
    "bodyMediumFont": "Poppins-Medium",
    "bodyBoldFont": "Montserrat",
    "headingFont": "BonheurRoyale-Regular",
    "bgImage": "https://ecsiondevstorage.blob.core.windows.net/wedding-storage/B04800B8-22AE-41B7-B759-7B45757000A5.png",
    "bgResponsiveImage": "https://ecsiondevstorage.blob.core.windows.net/wedding-storage/294304C7-EF55-435F-8547-78E3E60BEA03.png"
  }
]