[
  {
    "primaryColor": "#A50D0D",
    "secondaryColor": "#91593B",
    "bodyColor": "#F8E7E7",
    "textColor": "#000000",
    "actionColor": "#E94444",
    "successColor": "#38cc31",
    "borderGray": "#ccc",
    "primaryFont": "Playfair Display",
    "secondaryFont": "Montserrat",
    "tertiaryFont": "Alex Brush",
    "bodyRegularFont": "Poppins-Regular",
    "bodyMediumFont": "Poppins-Medium",
    "bodyBoldFont": "Montserrat",
    "headingFont": "BonheurRoyale-Regular",
    "bgImage": "https://ecsiondevstorage.blob.core.windows.net/wedding-storage/F71A5B4F-E9E4-47F6-B0BA-7B1E51A51FDE.png",
    "bgResponsiveImage": "https://ecsiondevstorage.blob.core.windows.net/wedding-storage/0C4A467E-E477-4054-98FE-C7CDE553B972.png"
  },
  {
    "primaryColor": "#A50D0D",
    "secondaryColor": "#91593B",
    "bodyColor": "#EBDBD9",
    "textColor": "#000000",
    "actionColor": "#E94444",
    "successColor": "#38cc31",
    "borderGray": "#ccc",
    "primaryFont": "Playfair Display",
    "secondaryFont": "Montserrat",
    "tertiaryFont": "Alex Brush",
    "bodyRegularFont": "Poppins-Regular",
    "bodyMediumFont": "Poppins-Medium",
    "bodyBoldFont": "Montserrat",
    "headingFont": "BonheurRoyale-Regular",
    "bgImage": "https://ecsiondevstorage.blob.core.windows.net/wedding-storage/F71A5B4F-E9E4-47F6-B0BA-7B1E51A51FDE.png",
    "bgResponsiveImage": "https://ecsiondevstorage.blob.core.windows.net/wedding-storage/0C4A467E-E477-4054-98FE-C7CDE553B972.png"
  },
  {
    "primaryColor": "#A50D0D",
    "secondaryColor": "#FFFFFF",
    "bodyColor": "#FFFDEA",
    "textColor": "#000000",
    "actionColor": "#E94444",
    "successColor": "#38cc31",
    "borderGray": "#ccc",
    "primaryFont": "Playfair Display",
    "secondaryFont": "Montserrat",
    "tertiaryFont": "Alex Brush",
    "bodyRegularFont": "Poppins-Regular",
    "bodyMediumFont": "Poppins-Medium",
    "bodyBoldFont": "Montserrat",
    "headingFont": "BonheurRoyale-Regular",
    "bgImage": "https://ecsiondevstorage.blob.core.windows.net/wedding-storage/F71A5B4F-E9E4-47F6-B0BA-7B1E51A51FDE.png",
    "bgResponsiveImage": "https://ecsiondevstorage.blob.core.windows.net/wedding-storage/0C4A467E-E477-4054-98FE-C7CDE553B972.png"
  },
  {
    "primaryColor": "#FFFFFF",
    "secondaryColor": "#FFFFFF",
    "bodyColor": "#1A4A46",
    "textColor": "#FFFFFF",
    "actionColor": "#E94444",
    "successColor": "#38cc31",
    "borderGray": "#ccc",
    "primaryFont": "Playfair Display",
    "secondaryFont": "Montserrat",
    "tertiaryFont": "Alex Brush",
    "bodyRegularFont": "Poppins-Regular",
    "bodyMediumFont": "Poppins-Medium",
    "bodyBoldFont": "Montserrat",
    "headingFont": "BonheurRoyale-Regular",
    "bgImage": "https://ecsiondevstorage.blob.core.windows.net/wedding-storage/F71A5B4F-E9E4-47F6-B0BA-7B1E51A51FDE.png",
    "bgResponsiveImage": "https://ecsiondevstorage.blob.core.windows.net/wedding-storage/0C4A467E-E477-4054-98FE-C7CDE553B972.png"
  },
  {
    "primaryColor": "#FFFFFF",
    "secondaryColor": "#FFFFFF",
    "bodyColor": "#0E0B41",
    "textColor": "#FFFFFF",
    "actionColor": "#E94444",
    "successColor": "#38cc31",
    "borderGray": "#ccc",
    "primaryFont": "Playfair Display",
    "secondaryFont": "Montserrat",
    "tertiaryFont": "Alex Brush",
    "bodyRegularFont": "Poppins-Regular",
    "bodyMediumFont": "Poppins-Medium",
    "bodyBoldFont": "Montserrat",
    "headingFont": "BonheurRoyale-Regular",
    "bgImage": "https://ecsiondevstorage.blob.core.windows.net/wedding-storage/F71A5B4F-E9E4-47F6-B0BA-7B1E51A51FDE.png",
    "bgResponsiveImage": "https://ecsiondevstorage.blob.core.windows.net/wedding-storage/0C4A467E-E477-4054-98FE-C7CDE553B972.png"
  }
]