{
  "invitation-title": "Save the Date",
  "your-name": "Mayuri   ",
  "partner-name": "Shubham  ",
  "invitation-full-date": "   ",
  "invitation-time": "From 4:00pm Sunday onwards",
  "invitation-address": " Ceremony Sta. Mery Church Reception Hotel Palace",
  "couple-img1": "",
  "couple-img2": "",
  "couple-img3": "",
  "invitation-description": "WELCOME TO THE WEDDING",
  "invitation-message": "",
  "invitation-date": "18",
  "invitation-month": "",
  "invitation-month-text": "March ",
  "invitation-year": "2025",
  "following-party": "Reception to follow",
  "invitation-full-date-text": "",
  "invitation-week-day": "",
  "yourInitial": "",
  "partnerInitial": ""
}