[

    {
        "primaryColor": "#051002",
        "secondaryColor": "#333333",
        "bodyColor": "#FFF3E8",
        "textColor": "#051002",
        "actionColor": "#E94444",
        "successColor": "#38cc31",
        "borderGray": "#ccc",
        "primaryFont": "bellandhaSignatureRegular",
        "secondaryFont": "Playfair Display",
        "bodyRegularFont": "Poppins-Regular",
        "bodyMediumFont": "Poppins-Medium",
        "bodyBoldFont": "georgia",
        "tertiaryFont": "abrilfatfaceRegular",
        "headingFont": "BonheurRoyale-Regular",
        "bgImage": "https://ecsiondevstorage.blob.core.windows.net/wedding-storage/43B0CF3F-4309-4F34-BDD8-E228B5FEDFFB.png",
        "bgResponsiveImage": "https://ecsiondevstorage.blob.core.windows.net/wedding-storage/7953D7BA-BD0F-4EC2-AFE0-83764186FA13.png"
        }
    ]