{
  "id": "15253",
  "name": "Umaid Palace -  A Lakeside Heritage Palace Resort",
  "city": "Jaipur",
  "city_tier": "Tier 2",
  "pricing_category": "Premium",
  "category_slug": "wedding-venues",
  "vendor_price": "2500",
  "locality_name": "NULL",
  "vendor_rating": "4.80",
  "phone": [
    "+919799936888",
    "+919829920306"
  ],
  "geo_coordinates": "26.8931,76.3375",
  "pricing": {
    "highest_veg": 3000,
    "highest_non_veg": 3000,
    "lowest_deal_veg": 2500,
    "lowest_deal_non_veg": 2500,
    "notes": "Prices vary based on event scale and menu selection"
  },
  "banquet_halls": {
    "outdoor-area": [
      {
        "name": "Celebrations Lawns",
        "max_seating": 50,
        "max_floating": 500
      },
      {
        "name": "Upper Deck",
        "max_seating": 50,
        "max_floating": 200
      },
      {
        "name": "Baradari",
        "max_seating": 50,
        "max_floating": 150
      },
      {
        "name": "Palki Patio",
        "max_seating": 50,
        "max_floating": 300
      }
    ],
    "indoor-area": [
      {
        "name": "Poolside",
        "max_seating": 50,
        "max_floating": 250
      },
      {
        "name": "Ranbanka Banquet Hall",
        "max_seating": 50,
        "max_floating": 300
      },
      {
        "name": "Rajput Room - Banquet Hall",
        "max_seating": 50,
        "max_floating": 50
      }
    ]
  },
  "price_per_plate": [
    {
      "source": "Official",
      "veg": 2500,
      "non_veg": 3000
    }
  ],
  "avg_star_rating": "4.80",
  "additional_info": {
    "faq": [
      {
        "question": "How long has Umaid Palace -  A Lakeside Heritage Palace Resort been operating?",
        "answer": "6 years 4 months",
        "slug": "been-on-wedmegood-since"
      },
      {
        "question": "How many rooms are available at Umaid Palace -  A Lakeside Heritage Palace Resort?",
        "answer": "73 Rooms",
        "slug": "room-count"
      },
      {
        "question": "What is Umaid Palace -  A Lakeside Heritage Palace Resort's catering policy?",
        "answer": "Inhouse & outside catering allowed",
        "slug": "catering-policy"
      },
      {
        "question": "What is Umaid Palace -  A Lakeside Heritage Palace Resort's decor policy?",
        "answer": "Outside decorators permitted",
        "slug": "decor-policy"
      },
      {
        "question": "What event spaces are available at Umaid Palace -  A Lakeside Heritage Palace Resort?",
        "answer": "Indoor, Outdoor, Poolside, Terrace / Rooftop",
        "slug": "space"
      },
      {
        "question": "Small Party Venue",
        "answer": "Less than 50 Pax allowed",
        "slug": "small-party-venue"
      },
      {
        "question": "What are Umaid Palace -  A Lakeside Heritage Palace Resort's room rates?",
        "answer": "9,500 per room",
        "slug": "room-price"
      },
      {
        "question": "What amenities does Umaid Palace -  A Lakeside Heritage Palace Resort offer?",
        "answer": "Small Function Venue, Outside Decorator Allowed, Outside Caterer Allowed, Outside Alcohol Allowed",
        "slug": "features"
      },
      {
        "question": "Start of Venue",
        "answer": "2001",
        "slug": "start-of-venue"
      },
      {
        "question": "Parking",
        "answer": "There is sufficient parking available",
        "slug": "parking"
      },
      {
        "question": "What is Umaid Palace -  A Lakeside Heritage Palace Resort's alcohol policy?",
        "answer": "In house alcohol not available, Outside alcohol  permitted",
        "slug": "outside-alcohol"
      },
      {
        "question": "What is Umaid Palace -  A Lakeside Heritage Palace Resort's DJ policy?",
        "answer": "In house DJ not available , Outside DJ permitted",
        "slug": "dj-policy"
      },
      {
        "question": "What is the capacity of Celebrations Lawns at Umaid Palace -  A Lakeside Heritage Palace Resort?",
        "answer": "Fixed capacity: 50, Floating capacity: 500",
        "slug": "capacity-celebrations-lawns"
      },
      {
        "question": "What type of space is Celebrations Lawns at Umaid Palace -  A Lakeside Heritage Palace Resort?",
        "answer": "View Outdoor Area",
        "slug": "space-type-celebrations-lawns"
      },
      {
        "question": "What is the capacity of Poolside at Umaid Palace -  A Lakeside Heritage Palace Resort?",
        "answer": "Fixed capacity: 50, Floating capacity: 250",
        "slug": "capacity-poolside"
      },
      {
        "question": "What type of space is Poolside at Umaid Palace -  A Lakeside Heritage Palace Resort?",
        "answer": "View Poolside Area",
        "slug": "space-type-poolside"
      },
      {
        "question": "What is the capacity of Upper Deck at Umaid Palace -  A Lakeside Heritage Palace Resort?",
        "answer": "Fixed capacity: 50, Floating capacity: 200",
        "slug": "capacity-upper-deck"
      },
      {
        "question": "What type of space is Upper Deck at Umaid Palace -  A Lakeside Heritage Palace Resort?",
        "answer": "View Outdoor Area",
        "slug": "space-type-upper-deck"
      },
      {
        "question": "What is the capacity of Ranbanka Banquet Hall at Umaid Palace -  A Lakeside Heritage Palace Resort?",
        "answer": "Fixed capacity: 50, Floating capacity: 300",
        "slug": "capacity-ranbanka-banquet-hall"
      },
      {
        "question": "What type of space is Ranbanka Banquet Hall at Umaid Palace -  A Lakeside Heritage Palace Resort?",
        "answer": "Indoor Area",
        "slug": "space-type-ranbanka-banquet-hall"
      },
      {
        "question": "What is the capacity of Rajput Room - Banquet Hall at Umaid Palace -  A Lakeside Heritage Palace Resort?",
        "answer": "Fixed capacity: 50, Floating capacity: 50",
        "slug": "capacity-rajput-room-banquet-hall"
      },
      {
        "question": "What type of space is Rajput Room - Banquet Hall at Umaid Palace -  A Lakeside Heritage Palace Resort?",
        "answer": "View Indoor Area",
        "slug": "space-type-rajput-room-banquet-hall"
      },
      {
        "question": "What is the capacity of Baradari at Umaid Palace -  A Lakeside Heritage Palace Resort?",
        "answer": "Fixed capacity: 50, Floating capacity: 150",
        "slug": "capacity-baradari"
      },
      {
        "question": "What type of space is Baradari at Umaid Palace -  A Lakeside Heritage Palace Resort?",
        "answer": "View Outdoor Area",
        "slug": "space-type-baradari"
      },
      {
        "question": "What is the capacity of Palki Patio at Umaid Palace -  A Lakeside Heritage Palace Resort?",
        "answer": "Fixed capacity: 50, Floating capacity: 300",
        "slug": "capacity-palki-patio"
      },
      {
        "question": "What type of space is Palki Patio at Umaid Palace -  A Lakeside Heritage Palace Resort?",
        "answer": "View Outdoor Area",
        "slug": "space-type-palki-patio"
      }
    ],
    "phone": [
      "+919799936888",
      "+919829920306"
    ],
    "address": [
      {
        "id": 9364,
        "pincode": "303303",
        "latitude": "26.8931931",
        "longitude": "76.3375284",
        "is_primary": true,
        "display_address": "Kalakho, Post Office Kalakho, Jaipur - Agra National Highway, District Dausa"
      }
    ],
    "veg_price": "2500",
    "information": "<h1 class=\"venue-name\">Umaid Palace - A Lakeside Heritage Palace Resort</h1> <p class=\"venue-feature\"> <span class=\"location\">Located near Jaipur</span> and just a <span class=\"travel-time\">2-hour drive</span> from <span class=\"area\">Delhi - NCR</span>, Umaid Palace - A Lakeside Heritage Palace Resort is a stunning lakeside heritage palace resort featuring <span class=\"room-count\">73 luxurious rooms</span>. Spanning over <span class=\"area-size\">20 acres</span> of meticulously manicured lawns, the resort boasts a variety of indoor banquet spaces, a scenic poolside area, and a unique boutique outdoor area known as <span class=\"amenity\">Baradari</span>, ideal for phera ceremonies. Additionally, a lovely patio is available for the <span class=\"event-description\">jai mala ceremony</span> and <span class=\"event-description\">sangeet ceremony</span>. </p> <p class=\"venue-feature\"> Recognized as an iconic wedding venue, Umaid Palace - A Lakeside Heritage Palace Resort is nestled in the picturesque rural countryside, offering breathtaking views of lush greenery and surrounding farmlands. It is conveniently connected to both <span class=\"location\">Delhi</span> (<span class=\"travel-time\">2-hour drive from Gurgaon</span>) and <span class=\"location\">Jaipur</span> (<span class=\"travel-time\">1-hour drive</span>). </p> <h2 class=\"event-description\">Space Available at Umaid Palace - A Lakeside Heritage Palace Resort</h2> <p class=\"venue-feature\"> The resort features <span class=\"amenity\">2 expansive lawns</span>, a terrace area, a poolside venue, and banquet halls, providing ample space for various wedding functions. For a more intimate celebration, the <span class=\"event-description\">mehendi at the poolside</span> is a perfect choice, while the <span class=\"event-description\">jaimala and pheras at Baradari</span> cater to grand affairs. </p> <h2 class=\"capacity\">Capacity of Umaid Palace - A Lakeside Heritage Palace Resort</h2> <p class=\"venue-feature\"> Umaid Palace - A Lakeside Heritage Palace Resort offers both outdoor and indoor spaces, accommodating capacities of <span class=\"capacity-number\">1500</span>, <span class=\"capacity-number\">1500</span>, <span class=\"capacity-number\">80</span>, <span class=\"capacity-number\">120</span>, <span class=\"capacity-number\">250</span>, <span class=\"capacity-number\">80</span>, and <span class=\"capacity-number\">80</span> people respectively across its lawns, terrace, poolside, and banquet halls. </p> <h2 class=\"cuisines-offered\">Cuisines Offered in Umaid Palace - A Lakeside Heritage Palace Resort</h2> <p class=\"venue-feature\"> Offering in-house catering services, Umaid Palace - A Lakeside Heritage Palace Resort also allows clients to select an outside caterer based on their needs, facilitating the choice of menu and cuisines tailored to individual tastes and preferences. </p> <h2 class=\"facilities-provided\">Facilities Provided in Umaid Palace - A Lakeside Heritage Palace Resort</h2> <p class=\"venue-feature\"> To ensure a seamless and memorable wedding experience, Umaid Palace - A Lakeside Heritage Palace Resort provides a range of facilities, including: </p> <ul class=\"facility-list\"> <li class=\"amenity\">In-house and outside catering options</li> <li class=\"amenity\">External decorators permitted</li> <li class=\"amenity\">Outside alcohol permitted (in-house alcohol not available)</li> <li class=\"amenity\">Outside DJ permitted (in-house DJ not available)</li> <li class=\"amenity\">Parking available</li> </ul> <h2 class=\"location\">Location of Umaid Palace - A Lakeside Heritage Palace Resort</h2> <p class=\"venue-feature\"> Umaid Palace - A Lakeside Heritage Palace Resort is situated in <span class=\"location\">Jaipur, Dausa</span>. </p> <h2 class=\"venue-cost\">Umaid Palace - A Lakeside Heritage Palace Resort Wedding Venue Cost</h2> <p class=\"venue-feature\"> For detailed information regarding packages and pricing, interested parties are encouraged to contact Umaid Palace - A Lakeside Heritage Palace Resort directly. </p> <h2 class=\"photos\">Photos of Umaid Palace - A Lakeside Heritage Palace Resort</h2> <p class=\"venue-feature\"> To gain a better understanding of the venue’s infrastructure and overall aesthetics, visitors can explore the photos available on Umaid Palace - A Lakeside Heritage Palace Resort's profile. </p>",
    "nonveg_price": "3000",
    "activeAddress": {
      "id": 9364,
      "pincode": "303303",
      "latitude": "26.8931931",
      "longitude": "76.3375284",
      "is_primary": true,
      "display_address": "Kalakho, Post Office Kalakho, Jaipur - Agra National Highway, District Dausa"
    },
    "locality_name": "",
    "vendor_rating": 4.8,
    "in_high_demand": true,
    "concierge_phone": "0124-6812345",
    "vendor_rating_text": "Superb",
    "portfolio_image_count": 78
  },
  "rating_summary": {
    "5_star": 32,
    "4_star": 0,
    "3_star": 0,
    "2_star": 0,
    "1_star": 1
  },
  "testimonials": [
    {
      "reviewer_name": "Ankita ",
      "description": "Loved the look, got so many compliments from everyone. Thank you so much for making my day. Will definitely recommend your service to others"
    },
    {
      "reviewer_name": "Dr. Vishal Singh",
      "description": "Let me take you on a flashback to 20 years ago, when I was a child.\nWe used to pass by this beautiful property on our routine commute between the Pink City, Jaipur, and Bharatpur. I vividly remember being fascinated by this property back then and deciding in my child's mind that one day I would visit this property for sure. I got that chance a couple of years later when I was in my teens. Immediately, I fell in love with this property, its vintage charm, and grandeur! (I've always had a soft spot for heritage, perhaps because of a royal bloodline.) After that first visit, this property became our regular pit-stop. \n\nAfter graduation, when the discussion of my marriage became the most beloved topic at the dining table, the idea of getting married at 'Umaid Palace' came up for the very first time. Back then, it was known as 'Umaid Lake Palace.'\nFortunately, my family adored (and still does) this magnificent property just as much as I do. And let me add that by then, I hadn't even met or known my better half. So, the correct form of the quote would be: 'I kind of decided on my wedding place way before meeting my better half!' \n\nLater, when life made me cross paths with my beloved better half, Dr. Kiran Singh, I proposed to her by saying, 'You'll be walking through the gate of Umaid Palace in a bright red bridal lehenga, and I will be standing right in front of you, smiling, staring straight into your eyes telling you how much I love you! So, will you marry me at Umaid Palace?' \n\nYes... that's exactly how I proposed to her! \n\nAnd guess what, it all happened exactly the way I quoted back then, in the same red bridal lehenga, at the very same Umaid Palace in the winter of 2022 on December 3rd. \n\nBefore we proceed to the property review, I'd like to mention that although Umaid Palace was always my first choice, we still visited almost every hotel/resort in Rajasthan suitable for a royal wedding we imagined, but no property made an impact on us to the extent Umaid did. So, finally, we followed our hearts to UMAID PALACE! \n\n(Properties we visited include Fairmont Jaipur, Alila Fort Bishangarh, Chomu Palace, Tijara Fort, The Vijyaran Palace, Lohagarh Resorts, Jai Mahal Palace Jaipur, Alsisar Palace & Haveli, Laxmi Vilas Palace Bharatpur, Shiv Vilas Resorts Jaipur, etc.) \n\nAs this is a review for Umaid Palace, let me explain our experience in a few straightforward points. \n\nThis property is one of the best for getting married in India if you want your wedding to be 'Regal & Royal.' Let me explain why: \n\n1. The property boasts the largest, most beautifully decorated, and well-maintained lawns, capable of catering to a wedding gala dinner for 2000 guests with ease. (Now you can imagine the kind of space those sprawling lawns offer.) \n\n2. They have a very large, clean swimming pool space that is well curated and perfect for the Haldi ceremony. (With decor, this space looks so beautiful.) \n\n3. They offer the best facade for Varmala! (Its only competitors are Umaid Bhawan Jodhpur, Rambagh Palace Jaipur, Laxmi Niwas Palace Bikaner, and very few others.) If curated and planned well, your Varmala moment will look timeless and heavenly! (Ours was exactly as we imagined.) \n\n4. The way the owners have maintained their property is commendable and deserves appreciation. \n\n5. The owners, Mr. Dhananjay and Mr. Abhijay, are gems of people. They are always eager to help and solve even the smallest issues with no discrepancy or ignorance. Both are very responsive and cooperative. \n\n6. The food deserves a separate review; it's that delicious! After tasting their food for more than 10 years, including our full wedding meals for 3 days, I can strongly say they are the best for the taste buds! Not a single guest complained about the food. \n\n7. The staff, though small in numbers, is very warm and helpful. \n\n8. Their back deck, which hosted our Mehendi ceremony. (You can refer to respective image attached to witness its beauty.) \n\n9. The property is huge and well-spread, a rarity nowadays even among the best wedding hotels. For example, Fairmont Jaipur is considered one of the best properties for destination weddings, but with every passing year, they have cramped their property, especially the lawns, to the point where they are now building a new hotel in their own lawns. \n\n10. Umaid is well-connected from Jaipur, Agra, and now from Delhi & Gurugram too (the Delhi-Mumbai Expressway is passing just 1 km away). \n\nSo, if you dream of a royal and picture-perfect wedding, visit 'Umaid Palace' once. You'll want to get married there! \n\nShukriya with Regards,\nKIVISHA\nDr. Kiran Singh & Dr. Vishal Singh\n\n"
    },
    {
      "reviewer_name": "Yogesh KumarSharma",
      "description": "We had a great time hosting our sons wedding at the lovely umaid palace in november 2024,thank you for taking care of us like, we litreally had a blast.\n\nWe plan to return soon."
    },
    {
      "reviewer_name": "Jagravi Khangarot",
      "description": "We had our wedding at the lovely Umaid Palace in October 2024, it was a splendid atmosphere and we had a 3 night and 4 day wedding for our family and friends for 200 people.\n\nWe are already planning our sisters wedding next year at Umaid Palace Dausa "
    },
    {
      "reviewer_name": "Padmaja Rathore",
      "description": "**Exceptional Experience at Hotel Umaid Palace  Dausa - Rajasthan**\nMy experience at Umaid Palace Dausa was truly delightful. The hospitality staff was incredibly welcoming and attentive, ensuring every need was met. The food was outstanding, with a variety of delicious options. The venue itself is beautifully located. Everything about the hotel, from the service to the ambiance, was top-notch."
    },
    {
      "reviewer_name": "NirmalHada",
      "description": "**Great services offered by team Umaid Palace  We had an amazing time !**\nIt was an absolutely great experience! From the beautiful decoration to the impeccable services everything exceeded our expectations. Loved the services and staff was very co-operative."
    },
    {
      "reviewer_name": "Anna ",
      "description": "nice place to have a wedding if you are planing to book this venue its really a great place"
    },
    {
      "reviewer_name": "Himmat Singh",
      "description": "My partner and I recently had the pleasure of hosting our wedding at the enchanting Umaid Palace, and we were absolutely thrilled with our experience. This review is a testament to the hotel's exceptional qualities, making it an ideal choice for couples seeking a memorable and safe wedding.\n\nFirst and foremost, the ambiance and charm of Umaid Palace - An Organic Retreat were simply mesmerizing. Nestled amidst the serene and picturesque surroundings of rural countryside near Jaipur, the hotel provided a romantic and secluded retreat for our wedding. The tranquil atmosphere, lush gardens, and stunning views created the perfect backdrop for a memorable intimate wedding with your loved ones.\n\nWe were delighted with the varied indoor & outdoor wedding venue options available for couples at the palace. The spacious and elegantly designed rooms exuded a sense of luxury and comfort. The attention to detail was evident, with romantic touches like flower arrangements and scented candles that added to the overall romantic ambiance. The privacy and seclusion offered by the retreat ensured an intimate and cozy atmosphere, making it an ideal setting for our wedding.\n\nIn terms of safety,Umaid Palace went above and beyond our expectations. The hotel's commitment to guest safety was evident throughout our stay. From the moment we arrived, we were greeted by a warm and efficient staff who adhered to strict safety protocols. The hotel followed all necessary hygiene measures, including regular sanitization, and the availability of hand sanitizers in public areas.\n\nMoreover, the hotel's security measures provided us with peace of mind. The property was well-maintained and had a secure entrance, ensuring only guests and authorized personnel could access the premises. The presence of trained security staff added an extra layer of safety, making us feel secure throughout our stay.\nThe dining experience at Umaid Palace was a culinary delight. The on-site restaurant offered a delectable selection of dishes, catering to various dietary preferences. We enjoyed indulging in the flavorful local cuisine as well as international specialties, all expertly prepared by skilled chefs. The restaurant's intimate setting and attentive service created a romantic ambiance that enhanced our dining experience.\n\nAdditionally, the hotel's amenities provided us with ample opportunities for relaxation and rejuvenation. The outdoor pool and beautifully landscaped gardens provided tranquil spaces for unwinding and spending quality time together.\nLastly, the staff at Umaid Palace deserves special mention. They were not only attentive and professional but also genuinely friendly and accommodating. From arranging special alfresco dinners to providing local recommendations for sightseeing outings, they went above and beyond to ensure our stay was truly memorable.\n\nIn conclusion, Umaid Palace, exceeded our expectations as a destination wedding retreat. The hotel's enchanting charm, top-notch safety measures, luxurious accommodations, delightful dining experiences, and attentive service made it an exceptional choice for couples seeking a destination wedding and safe getaway. We highly recommend Umaid Palace, Dausa to all couples looking to create cherished memories in the serene surroundings."
    },
    {
      "reviewer_name": "Dheeru Singh Gurjar",
      "description": "Fantastic Family Run Resort\n\nWe had an amazing experience with the resort when I booked it for my son' wedding ceremony. Good catering and decor. They handled everything in a really good amazing style. We had a great time with Umaid Palace - An Organic Retreat. The food, the service management, the housekeeping everything was absolutely perfect."
    },
    {
      "reviewer_name": "Royal brothers Dausa",
      "description": "Nice Resort\n\nI had a lovely experience with the resort when I booked it for my daughter's pre-wedding functions. Great catering and decor. They handled everything in a really good manner. We had a great experience with Umaid Palace - An Organic Retreat. The food, the management, the decor everything was absolutely perfect."
    },
    {
      "reviewer_name": "RajKakkr",
      "description": "Nice Resort\n\nI had a lovely experience with the resort when I booked it for my daughter's pre-wedding functions. Great catering and decor. They handled everything in a really good manner. We had a great experience with Umaid Palace - An Organic Retreat. The food, the management, the decor everything was absolutely perfect."
    },
    {
      "reviewer_name": "AdhirathGaekwad",
      "description": "Great Hotel!\n\nThis venue is great for functions and events. The management is also good and their charges are also great. We really liked the efforts of the staff members as well. Service was timely. The entire team at Umaid Palace made our wedding more special. Overall great experience."
    },
    {
      "reviewer_name": "Madhan Lal Kumhar",
      "description": "Great venue!\n\nThe venue couldn't have been better for the wedding. They did the arrangements superbly well. They were very cordial. The food was amazing, the mocktail bar was great. Loved their services and hospitality"
    },
    {
      "reviewer_name": "HajariSaini",
      "description": "superb property\n\nThis property is a family run & a lot of emphasis is given on sustainability. We booked it for my daughter's wedding.. they did a marvelous job.. All our guests were very happy with the food and service. The boy's side of the family also appreciated their service. All in all I had a great experience with them. The management and the staff were professional. The guests enjoyed the food and loved the decorations"
    },
    {
      "reviewer_name": "UdaiTanwar",
      "description": "Superb Experience. \n\nThis place is Superb! We had an awesome time here. They were so organised and all the functions went really well. Awesome ambiance and really great vibes. Very nice management as well. The experience was overall great!!"
    },
    {
      "reviewer_name": "ChamanKoli",
      "description": "If you have to describe this place in a word, it would be spectacular! The venue was beautiful and Rooms had character and charm . Nice services and good staff. Perfect for a destination wedding . Food & the service was fabulous."
    },
    {
      "reviewer_name": "ØîîSóûmeñ",
      "description": "This property is insta worthy. Just beautifully done of course it is a heritage property so certainly it will have that royal feel. We had a small wedding here for about 150 people. We chose the place for its ambience. It is quite serene.\n\nFood is super awesome. Staff is always kind and helpful. It really gives u a superb royal feeling. The venue was fabulous. They were very professional and loyal to their commitments made. They served excellent food from starters to desserts. My guests and family were truly impressed by their hospitality and services."
    },
    {
      "reviewer_name": "Sudip Mondal",
      "description": "Umaid Palace is a very beautiful venue & a lovely resort spread over 20 acres. It was so spacious and green. We loved the ambiance. So clean and hygienic and very kind staff members as well. \n\nLovely hospitality and great food. Loved it overall!\n\nWe really enjoyed hosting our daughters wedding at Umaid Palace."
    },
    {
      "reviewer_name": "Kanupriya Krishnawat",
      "description": "Umaid Palace is a very beautiful venue & a lovely resort spread over 20 acres. It was so spacious and green. We loved the ambiance. So clean and hygienic and very kind staff members as well. \n\nLovely hospitality and great food. Loved it overall!\n\nWe really enjoyed hosting our daughters wedding at Umaid Palace."
    },
    {
      "reviewer_name": "ChoudharyDimpi Singh",
      "description": "This property is insta worthy. Just beautifully done of course it is a heritage property so certainly it will have that royal feel. We had a small wedding here for about 150 people. We chose the place for its ambience. It is quite serene.\n\nFood is super awesome. Staff is always kind and helpful. It really gives u a superb royal feeling. The venue was fabulous. They were very professional and loyal to their commitments made. They served excellent food from starters to desserts. My guests and family were truly impressed by their hospitality and services."
    },
    {
      "reviewer_name": "DeepThapa",
      "description": "Perfect Heritage Resort for Intimate Destination Weddings \n\nWe had a lovely stay, the hotel is very authentic and beautiful. Exploring the palace is a whole experience by itself, there are musicians playing the traditional folk music in different areas of the hotel. The service is outstanding and staff are very friendly. The reception was amazing, they greeted us with flowers and live music when we arrived. \n\nThe food arrangements by Umaid Palace were terrific, also the services rendered by the housekeeping staff and the front office staff were really prompt.\n\nThis is a family run resort and the owners are present at the property 24/7, this really makes a huge difference"
    },
    {
      "reviewer_name": "DharmendraSingh",
      "description": "Ideal Venue for Boutique Destination Weddings \n\nThis venue is excellent for functions. We had an amazing experience here. We loved the ambiance and the garden was super spacious. Very nice staff as well. We loved the food and even the decoration was beautifully done.\n\nWe did our haldi at the poolside, sangeet at the patio, mehndi at the deck & pheras at the baradari.\n\nThe food arrangements by Umaid Palace were terrific, also the services rendered by the housekeeping staff and the front office staff were really prompt.\n \nThis is a family run resort and the owners are present at the property 24/7, this really makes a huge difference."
    },
    {
      "reviewer_name": "DhananjaySingh",
      "description": "Perfect Heritage Resort for Intimate Destination Weddings \n\nThis is a family run resort and located 2 hours drive from Gurgaon and 1 hour drive from jaipur"
    },
    {
      "reviewer_name": "PravinKumar",
      "description": "We chose Umaid as our wedding venue on 3-4 Nov.The staff there was quite supportive. Everyone like the hospitality.\nThe property is perfect (lush green, spacious, royal touch) for a picture perfect wedding ceremony.\nIt is located right on the highway which made it quite convenient for the guests to reach here.\nAll guests appraised our decision of choosing Umaid as our wedding destination."
    },
    {
      "reviewer_name": "Rakesh Kumar",
      "description": "It has been an amazing place for wedding of our daughter. Every thing was perfect, above all was staff who always came forward with hospitality and promptness.\nEvery event was organised as per our requirement and all the 100 persons were satisfied with two days stay.\nWe highly recommend the place!"
    },
    {
      "reviewer_name": "tanvi goyal",
      "description": "The moment we stepped inside this place,we(both our families)knew this is the end to our search. The hospitality, food and the vibe of this Palace is unbeatable. All our guests enjoyed their stay to the fullest. \nWe had so much fun in our wedding because of the ambience and accomodating behaviour of the staff. Dhanajay helped in all possible ways to make it memorable by providing everything and anything we needed.\nThis place holds special significance for us. Looking forward to visit soon. \n\n-Anuj and Tanvi"
    },
    {
      "reviewer_name": "Abhinav Nahar",
      "description": "Hello, \n\nWe thank team of umaid lake palace for the wonderful experience for our wedding. Everytime and everything, hospitality, food, environment, property, rooms, views and what not, was beyond imagination. Our guests were so happy, they felt everything is royal, and yet the touch of homely experience added glitter to their experience as well. Abhijay and dhananjay, you are are amazing. This place will be always close to our heart as we tied our knots. \n\nThank you again!! \n\nWe will see you guys very soon to add some more happiness in our wallet. \n\nRegards, \nAbhinav, Ayushi and Nahar Family"
    },
    {
      "reviewer_name": "Maneet Bedi",
      "description": "We had gone through weeks of recee to find a property we (my fiance and me) truly loved and which checked all boxes as well, a unexpected change in plan lead us to Umaid Lake and we loved it in a heartbeat. \n\nDhananjay & Abhijay were accommodating and prompt, they heard all our expectations and requirements and executed well in their capacity. \n\nThe property is beautiful and well maintained and we, along with all our guests loved the overall experience."
    },
    {
      "reviewer_name": "loveleen arora",
      "description": "Its a best option if you want a royal wedding without burning your pocket. It has different venue for all your functions, which can occupy 200 people easily."
    },
    {
      "reviewer_name": "Nikita Purohit",
      "description": "They gave our wedding dates to someone else without informing us. And now m, not even giving us refund of the advance we paid in lacs. We booked @UmaidLakePalace for our wedding on 20th and 21st November 2021. \n\nWhile we were having discussions with them regarding the covid scenario and were not sure about the number of guests allowed in Rajasthan. \nBut we clearly told them not to cancel our booking in our last conversation. Because we were waiting for lockdown rules to relax. \n\nWithout even informing us, They released our wedding date and gave it  to someone else. \n\nAnd not even refunding our advance amount. \nMe and fianc have already been through a hard time during covid. Lost family members during covid itself is a disaster we have faced.  \n\nEvery single penny of that amount is hard earned money of our parents. \nHow someone can run business like this by keeping lacs of someone's hard earned money without giving any service. \nThis is a clear case of fraudulent. \n\nIn the name of heritage property they are stealing money from people whi are not from Rajasthan and then booking Local weddings for same dates without informing or discussing with both parties."
    }
  ],
  "SEO Meta Title": "Umaid Palace -  A Lakeside Heritage Palace Resort | Premium Wedding Venues in Jaipur",
  "SEO Meta Description": "Umaid Palace -  A Lakeside Heritage Palace Resort Jaipur for your dream wedding. Premium  indoor halls &  outdoor areas & ₹2500 for veg & ₹3000 for non-veg. Enquire now!",
  "FOCUS keyword": "wedding venues NULL premium",
  "slug": "umaid-palace-a-lakeside-heritage-palace-resort-wedding-venues-jaipur-null",
  "estimated_room_count": 73,
  "sentiment_analysis": {
    "what_to_expect": "Many clients praise Umaid Palace for its enchanting ambiance, exceptional hospitality, and exquisite dining experiences. The venue is often described as a perfect setting for royal and intimate weddings, with spacious and beautifully maintained grounds that enhance the overall experience. Guests frequently commend the attentive staff and their commitment to making every event memorable, ensuring that all needs are met with warmth and professionalism. The property’s heritage charm and picturesque surroundings contribute to a truly magical atmosphere for celebrations.",
    "what_to_watch_for": "You may wish to confirm the availability of your desired wedding dates well in advance, as a few clients mentioned concerns regarding potential scheduling conflicts. Additionally, it could be beneficial to discuss any specific requirements or expectations with the management to ensure a seamless experience. Occasionally, clients have noted areas to clarify regarding communication during the planning process, so asking for regular updates might be prudent.",
    "listing_card_sentiment": "Umaid Palace offers a stunning venue with exceptional service and delightful cuisine, while clients are encouraged to confirm details early to avoid any occasional miscommunications."
  }
}