[
    {
        "primaryColor": "#EBA882",
        "secondaryColor": "#333333",
        "bodyColor": "#21263A",
        "textColor": "#EBA882",
        "actionColor": "#E94444",
        "successColor": "#38cc31",
        "borderGray": "#ccc",
        "primaryFont": "Abril Fatface",
        "secondaryFont": "Playfair Display",
        "bodyRegularFont": "Poppins-Regular",
        "bodyMediumFont": "Poppins-Medium",
        "bodyBoldFont": "georgia",
        "tertiaryFont": "Playfair Display",
        "headingFont": "BonheurRoyale-Regular",
        "bgImage": "https://ecsiondevstorage.blob.core.windows.net/wedding-storage/E4D6E1B3-D737-41F5-8E27-AC0BEDE0A3AA.png",
        "bgResponsiveImage": "https://ecsiondevstorage.blob.core.windows.net/wedding-storage/E4D6E1B3-D737-41F5-8E27-AC0BEDE0A3AA.png"
    },
    {
        "primaryColor": "#4A2C1C",
        "secondaryColor": "#333333",
        "bodyColor": "#FCEFE6",
        "textColor": "#4A2C1C",
        "actionColor": "#E94444",
        "successColor": "#38cc31",
        "borderGray": "#ccc",
        "primaryFont": "Abril Fatface",
        "secondaryFont": "Playfair Display",
        "bodyRegularFont": "Poppins-Regular",
        "bodyMediumFont": "Poppins-Medium",
        "bodyBoldFont": "georgia",
        "tertiaryFont": "Playfair Display",
        "headingFont": "BonheurRoyale-Regular",
        "bgImage": "https://ecsiondevstorage.blob.core.windows.net/wedding-storage/E4D6E1B3-D737-41F5-8E27-AC0BEDE0A3AA.png",
        "bgResponsiveImage": "https://ecsiondevstorage.blob.core.windows.net/wedding-storage/E4D6E1B3-D737-41F5-8E27-AC0BEDE0A3AA.png"
    },
    {
        "primaryColor": "#F4DED1",
        "secondaryColor": "#333333",
        "bodyColor": "#746458",
        "textColor": "#F4DED1",
        "actionColor": "#E94444",
        "successColor": "#38cc31",
        "borderGray": "#ccc",
        "primaryFont": "Abril Fatface",
        "secondaryFont": "Playfair Display",
        "bodyRegularFont": "Poppins-Regular",
        "bodyMediumFont": "Poppins-Medium",
        "bodyBoldFont": "georgia",
        "tertiaryFont": "Playfair Display",
        "headingFont": "BonheurRoyale-Regular",
        "bgImage": "https://ecsiondevstorage.blob.core.windows.net/wedding-storage/E4D6E1B3-D737-41F5-8E27-AC0BEDE0A3AA.png",
        "bgResponsiveImage": "https://ecsiondevstorage.blob.core.windows.net/wedding-storage/E4D6E1B3-D737-41F5-8E27-AC0BEDE0A3AA.png"
    },
    {
        "primaryColor": "#F4DED1",
        "secondaryColor": "#333333",
        "bodyColor": "#3F4337",
        "textColor": "#F4DED1",
        "actionColor": "#E94444",
        "successColor": "#38cc31",
        "borderGray": "#ccc",
        "primaryFont": "Abril Fatface",
        "secondaryFont": "Playfair Display",
        "bodyRegularFont": "Poppins-Regular",
        "bodyMediumFont": "Poppins-Medium",
        "bodyBoldFont": "georgia",
        "tertiaryFont": "Playfair Display",
        "headingFont": "BonheurRoyale-Regular",
        "bgImage": "https://ecsiondevstorage.blob.core.windows.net/wedding-storage/E4D6E1B3-D737-41F5-8E27-AC0BEDE0A3AA.png",
        "bgResponsiveImage": "https://ecsiondevstorage.blob.core.windows.net/wedding-storage/E4D6E1B3-D737-41F5-8E27-AC0BEDE0A3AA.png"
    },
]