[

    {
        "primaryColor": "#AE9930",
        "secondaryColor": "#333333",
        "bodyColor": "#FFF3E8",
        "textColor": "#000000",
        "actionColor": "#E94444",
        "successColor": "#38cc31",
        "borderGray": "#ccc",
        "primaryFont": "shinyhearts",
        "secondaryFont": "Montserrat",
        "bodyRegularFont": "Poppins-Regular",
        "bodyMediumFont": "Poppins-Medium",
        "bodyBoldFont": "georgia",
        "tertiaryFont": "georgia",
        "headingFont": "BonheurRoyale-Regular",
        "bgImage": "https://ecsiondevstorage.blob.core.windows.net/wedding-storage/C3C00E98-F6C1-4B1E-B217-BA8F43C80816.svg",
        "bgResponsiveImage": "https://ecsiondevstorage.blob.core.windows.net/wedding-storage/CE6C90C4-14BE-4B74-A763-54853A0EDECA.png"
        }
    
      
    ]