{
    "invitation-title": "TOGETHER WITH THEIR FAMILIES",
    "your-name": "Shamita",
    "partner-name": "Pranav",
    "your-parent-name": "",
    "partner-parent-name": "",
    "invitation-full-date": "",
    "invitation-time": "AT 10 O'CLOCK IN THE MORNING",
    "invitation-venue":"THE ROSEATE, NH8",
    "invitation-address": "SAMALKHA, NEW DELHI",
    "couple-img1": "",
    "couple-img2": "",
    "couple-img3": "",
    "invitation-description": "INVITE YOU TO THEIR WEDDING CELEBRATION",
    "invitation-message": "",
    "invitation-date": "27TH",
    "invitation-month": "",
    "invitation-month-text": "FEBRUARY",
    "invitation-year": "2026",
    "following-party": "",
    "invitation-full-date-text": "",
    "invitation-week-day": "ON FRIDAY",
    "yourInitial": "",
    "partnerInitial": ""
  }