[

    {
        "primaryColor": "#FFCA72",
        "secondaryColor": "#333333",
        "bodyColor": "#FFF3E8",
        "textColor": "#FFCA72",
        "actionColor": "#E94444",
        "successColor": "#38cc31",
        "borderGray": "#ccc",
        "primaryFont": "bellandhaSignatureRegular",
        "secondaryFont": "georgia",
        "bodyRegularFont": "Poppins-Regular",
        "bodyMediumFont": "Poppins-Medium",
        "bodyBoldFont": "georgia",
        "tertiaryFont": "abrilfatfaceRegular",
        "headingFont": "BonheurRoyale-Regular",
        "bgImage": "https://ecsiondevstorage.blob.core.windows.net/wedding-storage/8C718EE5-42BB-4A88-B5A3-090BBC6A4837.png",
        "bgResponsiveImage": "https://ecsiondevstorage.blob.core.windows.net/wedding-storage/BFE6B326-FADA-4309-A0DA-56417E7E4C4D.png"
        }
    
      
    ]