[

    {
        "primaryColor": "#997946",
        "secondaryColor": "#333333",
        "bodyColor": "#FFF3E8",
        "textColor": "#997946",
        "actionColor": "#E94444",
        "successColor": "#38cc31",
        "borderGray": "#ccc",
        "primaryFont": "bellandhaSignatureRegular",
        "secondaryFont": "georgia",
        "bodyRegularFont": "Poppins-Regular",
        "bodyMediumFont": "Poppins-Medium",
        "bodyBoldFont": "georgia",
        "tertiaryFont": "georgiab",
        "headingFont": "BonheurRoyale-Regular",
        "bgImage": "https://ecsiondevstorage.blob.core.windows.net/wedding-storage/CC79F119-32EA-4D4F-8417-27002580240C.png",
        "bgResponsiveImage": "https://ecsiondevstorage.blob.core.windows.net/wedding-storage/3A909142-DB94-41F5-AFF3-421E67FA6434.png"
        }
    ]