{
    "invitation-title": "TOGETHER WITH OUR FAMILIES AND FRIENDS",
    "your-name": "Advait",
    "partner-name": "Sophia",
    "your-parent-name": "",
    "partner-parent-name": "",
    "invitation-full-date": "14TH OF AUGUST 2026",
    "invitation-time": "",
    "invitation-venue":"SHREE GANESH MANGAL KARYALAYA",
    "invitation-address": "NEAR NAL STOP, ERANDWANE, PUNE, MAHARASHTRA",
    "couple-img1": "",
    "couple-img2": "",
    "couple-img3": "",
    "invitation-description": "WE INVITE YOU TO CELEBRATE OUR WEDDING",
    "invitation-message": "",
    "invitation-date": "",
    "invitation-month": "",
    "invitation-month-text": "",
    "invitation-year": "",
    "following-party": "",
    "invitation-full-date-text": "",
    "invitation-week-day": "",
    "yourInitial": "",
    "partnerInitial": ""
  }