{
    "invitation-title": "",
    "your-name": "SHAMITA",
    "partner-name": "PRANAV",
    "your-parent-name": "",
    "partner-parent-name": "",
    "invitation-full-date": "",
    "invitation-time": "",
    "invitation-venue":"",
    "invitation-address": "",
    "couple-img1": "",
    "couple-img2": "",
    "couple-img3": "",
    "invitation-description": "The Wedding Of",
    "invitation-message": "",
    "invitation-date": "27",
    "invitation-month": "02",
    "invitation-month-text": "",
    "invitation-year": "2026",
    "following-party": "",
    "invitation-full-date-text": "",
    "invitation-week-day": "",
    "yourInitial": "",
    "partnerInitial": ""
  }