[

    {
        "primaryColor": "#AE9930",
        "secondaryColor": "#333333",
        "bodyColor": "#FFF3E8",
        "textColor": "#000000",
        "actionColor": "#E94444",
        "successColor": "#38cc31",
        "borderGray": "#ccc",
        "primaryFont": "shinyhearts",
        "secondaryFont": "Montserrat",
        "bodyRegularFont": "Poppins-Regular",
        "bodyMediumFont": "Poppins-Medium",
        "bodyBoldFont": "georgia",
        "tertiaryFont": "georgia",
        "headingFont": "BonheurRoyale-Regular",
        "bgImage": "https://ecsiondevstorage.blob.core.windows.net/wedding-storage/D7108FF5-1D19-4516-BEFB-798C0E203321.svg",
        "bgResponsiveImage": "https://ecsiondevstorage.blob.core.windows.net/wedding-storage/30386F47-CB4F-4401-931E-48D1D40D6F2F.png"
        }
    
      
    ]