[

    {
        "primaryColor": "#0E2F24",
        "secondaryColor": "#333333",
        "bodyColor": "#FFF3E8",
        "textColor": "#0E2F24",
        "actionColor": "#E94444",
        "successColor": "#38cc31",
        "borderGray": "#ccc",
        "primaryFont": "The-Longlight",
        "secondaryFont": "georgiab",
        "bodyRegularFont": "Poppins-Regular",
        "bodyMediumFont": "Poppins-Medium",
        "bodyBoldFont": "georgia",
        "tertiaryFont": "georgia",
        "headingFont": "BonheurRoyale-Regular",
        "bgImage": "https://ecsiondevstorage.blob.core.windows.net/wedding-storage/7B5C55C8-2EBE-4CB5-90BF-08FBE8B2BF03.png",
        "bgResponsiveImage": "https://ecsiondevstorage.blob.core.windows.net/wedding-storage/CA0B8799-CB78-4992-A0EA-CCB249C76491.png"
        }
    
      
    ]