{
    "invitation-title": "TOGETHER WITH THEIR FAMILIES",
    "your-name": "Yogesh",
    "partner-name": "Janvi",
    "your-parent-name": "",
    "partner-parent-name": "",
    "invitation-full-date": "",
    "invitation-time": "AT 5 PM",
    "invitation-venue":"KUSUMTAI WANKHEDE HALL",
    "invitation-address": "NEAR ALANKAR CINEMA, DHARAMPETH, NAGPUR",
    "couple-img1": "",
    "couple-img2": "",
    "couple-img3": "",
    "invitation-description": "INVITE YOU TO CELEBRATE THEIR MARRIAGE",
    "invitation-message": "",
    "invitation-date": "24",
    "invitation-month": "",
    "invitation-month-text": "FEBRUARY",
    "invitation-year": "2026",
    "following-party": "",
    "invitation-full-date-text": "",
    "invitation-week-day": "SATURDAY",
    "yourInitial": "",
    "partnerInitial": ""
  }