[
    {
        "primaryColor": "#FF8224",
        "secondaryColor": "#333333",
        "bodyColor": "#112B40",
        "textColor": "#FFFFFF",
        "actionColor": "#E94444",
        "successColor": "#38cc31",
        "borderGray": "#ccc",
        "primaryFont": "laurentine",
        "secondaryFont": "Playfair Display",
        "bodyRegularFont": "Poppins-Regular",
        "bodyMediumFont": "Poppins-Medium",
        "bodyBoldFont": "georgia",
        "tertiaryFont": "Open Sans",
        "headingFont": "BonheurRoyale-Regular",
        "imageTop": "https://ecsiondevstorage.blob.core.windows.net/wedding-storage/5196A439-DFD8-4D00-8DF9-0D4F7BF72A48.png",
        "imageBottom": "https://ecsiondevstorage.blob.core.windows.net/wedding-storage/E92882C7-A17B-4F03-AAC7-E34178427208.png",
        "bgImage": "https://ecsiondevstorage.blob.core.windows.net/wedding-storage/61836004-CA9F-43EA-A567-662186671C5D.png",
        "bgResponsiveImage": "https://ecsiondevstorage.blob.core.windows.net/wedding-storage/CF12F2CF-CD3A-4870-BE77-B2D76235AA22.png"
        },

        {
        "primaryColor": "#FF8224",
        "secondaryColor": "#333333",
        "bodyColor": "#344012",
        "textColor": "#FFFFFF",
        "actionColor": "#E94444",
        "successColor": "#38cc31",
        "borderGray": "#ccc",
        "primaryFont": "laurentine",
        "secondaryFont": "Playfair Display",
        "bodyRegularFont": "Poppins-Regular",
        "bodyMediumFont": "Poppins-Medium",
        "bodyBoldFont": "georgia",
        "tertiaryFont": "Open Sans",
        "headingFont": "BonheurRoyale-Regular",
        "imageTop": "https://ecsiondevstorage.blob.core.windows.net/wedding-storage/5196A439-DFD8-4D00-8DF9-0D4F7BF72A48.png",
        "imageBottom": "https://ecsiondevstorage.blob.core.windows.net/wedding-storage/E92882C7-A17B-4F03-AAC7-E34178427208.png",
        "bgImage": "https://ecsiondevstorage.blob.core.windows.net/wedding-storage/61836004-CA9F-43EA-A567-662186671C5D.png",
        "bgResponsiveImage": "https://ecsiondevstorage.blob.core.windows.net/wedding-storage/CF12F2CF-CD3A-4870-BE77-B2D76235AA22.png"
        },

        {
        "primaryColor": "#FF8224",
        "secondaryColor": "#333333",
        "bodyColor": "#DFFDC1",
        "textColor": "#000000",
        "actionColor": "#E94444",
        "successColor": "#38cc31",
        "borderGray": "#ccc",
        "primaryFont": "laurentine",
        "secondaryFont": "Playfair Display",
        "bodyRegularFont": "Poppins-Regular",
        "bodyMediumFont": "Poppins-Medium",
        "bodyBoldFont": "georgia",
        "tertiaryFont": "Open Sans",
        "headingFont": "BonheurRoyale-Regular",
        "imageTop": "https://ecsiondevstorage.blob.core.windows.net/wedding-storage/5196A439-DFD8-4D00-8DF9-0D4F7BF72A48.png",
        "imageBottom": "https://ecsiondevstorage.blob.core.windows.net/wedding-storage/E92882C7-A17B-4F03-AAC7-E34178427208.png",
        "bgImage": "https://ecsiondevstorage.blob.core.windows.net/wedding-storage/61836004-CA9F-43EA-A567-662186671C5D.png",
        "bgResponsiveImage": "https://ecsiondevstorage.blob.core.windows.net/wedding-storage/CF12F2CF-CD3A-4870-BE77-B2D76235AA22.png"
        },

        {
        "primaryColor": "#FF8224",
        "secondaryColor": "#333333",
        "bodyColor": "#FFFFFF",
        "textColor": "#000000",
        "actionColor": "#E94444",
        "successColor": "#38cc31",
        "borderGray": "#ccc",
        "primaryFont": "laurentine",
        "secondaryFont": "Playfair Display",
        "bodyRegularFont": "Poppins-Regular",
        "bodyMediumFont": "Poppins-Medium",
        "bodyBoldFont": "georgia",
        "tertiaryFont": "Open Sans",
        "headingFont": "BonheurRoyale-Regular",
        "imageTop": "https://ecsiondevstorage.blob.core.windows.net/wedding-storage/5196A439-DFD8-4D00-8DF9-0D4F7BF72A48.png",
        "imageBottom": "https://ecsiondevstorage.blob.core.windows.net/wedding-storage/E92882C7-A17B-4F03-AAC7-E34178427208.png",
        "bgImage": "https://ecsiondevstorage.blob.core.windows.net/wedding-storage/61836004-CA9F-43EA-A567-662186671C5D.png",
        "bgResponsiveImage": "https://ecsiondevstorage.blob.core.windows.net/wedding-storage/CF12F2CF-CD3A-4870-BE77-B2D76235AA22.png"
        }
]