[

    {
        "primaryColor": "#F1CF60",
        "secondaryColor": "#333333",
        "bodyColor": "#FFF3E8",
        "textColor": "#5F3B0D",
        "actionColor": "#E94444",
        "successColor": "#38cc31",
        "borderGray": "#ccc",
        "primaryFont": "beautifulPeoplepersonal",
        "secondaryFont": "georgia",
        "bodyRegularFont": "Poppins-Regular",
        "bodyMediumFont": "Poppins-Medium",
        "bodyBoldFont": "georgia",
        "tertiaryFont": "Poppins",
        "headingFont": "BonheurRoyale-Regular",
        "bgImage": "https://ecsiondevstorage.blob.core.windows.net/wedding-storage/8607350B-0C03-4E49-8931-7E71891D03A2.svg",
        "bgResponsiveImage": "https://ecsiondevstorage.blob.core.windows.net/wedding-storage/37AA156F-9B6D-45E8-80F5-E6A609E43126.png"
        }
    
      
    ]