[

    {
        "primaryColor": "#F1CF60",
        "secondaryColor": "#333333",
        "bodyColor": "#FFF3E8",
        "textColor": "#5F3B0D",
        "actionColor": "#E94444",
        "successColor": "#38cc31",
        "borderGray": "#ccc",
        "primaryFont": "beautifulPeoplepersonal",
        "secondaryFont": "georgia",
        "bodyRegularFont": "Poppins-Regular",
        "bodyMediumFont": "Poppins-Medium",
        "bodyBoldFont": "georgia",
        "tertiaryFont": "Poppins",
        "headingFont": "BonheurRoyale-Regular",
        "bgImage": "https://ecsiondevstorage.blob.core.windows.net/wedding-storage/F9CAA9FD-7C9D-4BB1-8DC1-8CBB1886BECF.svg",
        "bgResponsiveImage": "https://ecsiondevstorage.blob.core.windows.net/wedding-storage/5F580890-3E70-4C26-95D5-CDFFB81D1A92.png"
        }
    
      
    ]