[

    {
        "primaryColor": "#F1CF60",
        "secondaryColor": "#333333",
        "bodyColor": "#FFF3E8",
        "textColor": "#5F3B0D",
        "actionColor": "#E94444",
        "successColor": "#38cc31",
        "borderGray": "#ccc",
        "primaryFont": "beautifulPeoplepersonal",
        "secondaryFont": "georgia",
        "bodyRegularFont": "Poppins-Regular",
        "bodyMediumFont": "Poppins-Medium",
        "bodyBoldFont": "georgia",
        "tertiaryFont": "Poppins",
        "headingFont": "BonheurRoyale-Regular",
        "bgImage": "https://ecsiondevstorage.blob.core.windows.net/wedding-storage/1B890222-D3D7-4DC0-8BEB-B155ED0DAA46.svg",
        "bgResponsiveImage": "https://ecsiondevstorage.blob.core.windows.net/wedding-storage/2DCEB066-0425-4C56-8449-D11C18388E83.png"
        }
    
      
    ]