{
    "invitation-title": "TOGETHER WITH THEIR FAMILIES",
    "your-name": "Kajal",
    "partner-name": "Rohan",
    "your-parent-name": "",
    "partner-parent-name": "",
    "invitation-full-date": "",
    "invitation-time": "AT 5 PM",
    "invitation-venue":"EROS HOTEL",
    "invitation-address": "CHANAKYAPURI, NEW DELHI",
    "couple-img1": "",
    "couple-img2": "",
    "couple-img3": "",
    "invitation-description": "INVITE YOU TO THEIR WEDDING CELEBRATION",
    "invitation-message": "",
    "invitation-date": "28",
    "invitation-month": "",
    "invitation-month-text": "JULY",
    "invitation-year": "2026",
    "following-party": "",
    "invitation-full-date-text": "",
    "invitation-week-day": "SATURDAY",
    "yourInitial": "",
    "partnerInitial": ""
  }