[

    {
        "primaryColor": "#8F7D32",
        "secondaryColor": "#333333",
        "bodyColor": "#FFF3E8",
        "textColor": "#8F7D32",
        "actionColor": "#E94444",
        "successColor": "#38cc31",
        "borderGray": "#ccc",
        "primaryFont": "kaylarScript",
        "secondaryFont": "Poppins",
        "bodyRegularFont": "Poppins-Regular",
        "bodyMediumFont": "Poppins-Medium",
        "bodyBoldFont": "georgia",
        "tertiaryFont": "Poppins",
        "headingFont": "BonheurRoyale-Regular",
        "bgImage": "https://ecsiondevstorage.blob.core.windows.net/wedding-storage/ADE76E33-DDE5-4C92-8CEB-26A6AB1BDF74.svg",
        "bgResponsiveImage": "https://ecsiondevstorage.blob.core.windows.net/wedding-storage/85D96160-C817-4578-86E1-273A66AD218F.png"
        }
    
      
    ]