{
    "invitation-title": "",
    "your-name": "Lavanya",
    "partner-name": "Bhavik",
    "your-parent-name": "RASHMI & DHIRAJ SONI",
    "partner-parent-name": "(S/O REKHA & SURESH VERMA)",
    "invitation-full-date": " ",
    "invitation-time": "",
    "invitation-venue":"",
    "invitation-address": "",
    "couple-img1": "",
    "couple-img2": "",
    "couple-img3": "",
    "invitation-description": "REQUEST THE HONOUR OF YOUR PRESENCE AT THE WEDDING OF THEIR DAUGHTER",
    "invitation-message": "",
    "invitation-date": "",
    "invitation-month": "",
    "invitation-month-text": "",
    "invitation-year": "",
    "following-party": "#WEDDINGHASHTAG",
    "invitation-full-date-text": "",
    "invitation-week-day": "",
    "yourInitial": "",
    "partnerInitial": ""
  }