[

    {
        "primaryColor": "#8F7D32",
        "secondaryColor": "#333333",
        "bodyColor": "#FFF3E8",
        "textColor": "#8F7D32",
        "actionColor": "#E94444",
        "successColor": "#38cc31",
        "borderGray": "#ccc",
        "primaryFont": "kaylarScript",
        "secondaryFont": "Poppins",
        "bodyRegularFont": "Poppins-Regular",
        "bodyMediumFont": "Poppins-Medium",
        "bodyBoldFont": "georgia",
        "tertiaryFont": "Poppins",
        "headingFont": "BonheurRoyale-Regular",
        "bgImage": "https://ecsiondevstorage.blob.core.windows.net/wedding-storage/BE7E93BB-5240-44EB-A07B-30DC3FAEA825.svg",
        "bgResponsiveImage": "https://ecsiondevstorage.blob.core.windows.net/wedding-storage/229CDF4D-1A05-4537-BB07-A7F5D7630484.png"
        }
    
      
    ]