{
    "invitation-title": "",
    "your-name": "SHIVANI",
    "partner-name": "PRATIK",
    "your-parent-name": "",
    "partner-parent-name": "",
    "invitation-full-date": "29 DECEMBER 2027",
    "invitation-time": "AT 5 PM ",
    "invitation-venue":"",
    "invitation-address": "NAGPUR MAHARASTRA",
    "couple-img1": "",
    "couple-img2": "",
    "couple-img3": "",
    "invitation-description": "FOR THE WEDDING OF",
    "invitation-message": "",
    "invitation-date": "",
    "invitation-month": "",
    "invitation-month-text": "",
    "invitation-year": "",
    "following-party": "",
    "invitation-full-date-text": "",
    "invitation-week-day": "",
    "yourInitial": "",
    "partnerInitial": ""
  }