    [

        {
            "primaryColor": "#AE4930",
            "secondaryColor": "#333333",
            "bodyColor": "#FFF3E8",
            "textColor": "#AE4930",
            "actionColor": "#E94444",
            "successColor": "#38cc31",
            "borderGray": "#ccc",
            "primaryFont": "Playfair Display",
            "secondaryFont": "Poppins",
            "bodyRegularFont": "Poppins-Regular",
            "bodyMediumFont": "Poppins-Medium",
            "bodyBoldFont": "georgia",
            "tertiaryFont": "Poppins",
            "headingFont": "BonheurRoyale-Regular",
            "bgImage": "https://ecsiondevstorage.blob.core.windows.net/wedding-storage/3AA913D5-68AB-4682-81BB-3522144F1B50.svg",
            "bgResponsiveImage": "https://ecsiondevstorage.blob.core.windows.net/wedding-storage/11E04E8E-3597-4CEE-99C8-B74E0458EFA4.png"
            }
        
        
        ]