[

    {
        "primaryColor": "#AE4930",
        "secondaryColor": "#333333",
        "bodyColor": "#FFF3E8",
        "textColor": "#AE4930",
        "actionColor": "#E94444",
        "successColor": "#38cc31",
        "borderGray": "#ccc",
        "primaryFont": "Avokovie",
        "secondaryFont": "georgia",
        "bodyRegularFont": "Poppins-Regular",
        "bodyMediumFont": "Poppins-Medium",
        "bodyBoldFont": "georgia",
        "tertiaryFont": "georgiab",
        "headingFont": "BonheurRoyale-Regular",
        "bgImage": "https://ecsiondevstorage.blob.core.windows.net/wedding-storage/DE4C544D-8996-49BF-8AC0-4F06C7697F05.svg",
        "bgResponsiveImage": "https://ecsiondevstorage.blob.core.windows.net/wedding-storage/81310F46-D2C3-416A-8BD5-FDBED71DF479.png"
        }
    
      
    ]