{
    "invitation-title": "THE WEDDING OF",
    "your-name": "PALAK",
    "partner-name": "RISHIKESH",
    "your-parent-name": "",
    "partner-parent-name": "",
    "invitation-full-date": "",
    "invitation-time": "AT 10:00 AM",
    "invitation-venue":"RAGA LAWNS",
    "invitation-address": "WORLI NEW, OPP. SASMIRA INSTITUTE, MUMBAI",
    "couple-img1": "",
    "couple-img2": "",
    "couple-img3": "",
    "invitation-description": "",
    "invitation-message": "",
    "invitation-date": "12",
    "invitation-month": "",
    "invitation-month-text": "JANUARY",
    "invitation-year": "2026",
    "following-party": "",
    "invitation-full-date-text": "",
    "invitation-week-day": "",
    "yourInitial": "",
    "partnerInitial": ""
  }