    [

        {
            "primaryColor": "#AE4930",
            "secondaryColor": "#333333",
            "bodyColor": "#FFF3E8",
            "textColor": "#AE4930",
            "actionColor": "#E94444",
            "successColor": "#38cc31",
            "borderGray": "#ccc",
            "primaryFont": "Playfair Display",
            "secondaryFont": "Poppins",
            "bodyRegularFont": "Poppins-Regular",
            "bodyMediumFont": "Poppins-Medium",
            "bodyBoldFont": "georgia",
            "tertiaryFont": "Poppins",
            "headingFont": "BonheurRoyale-Regular",
            "bgImage": "https://ecsiondevstorage.blob.core.windows.net/wedding-storage/79BC8E7F-16A1-4F4F-9174-01A0B7C166D7.svg",
            "bgResponsiveImage": "https://ecsiondevstorage.blob.core.windows.net/wedding-storage/8CC5C8DE-E4E7-414F-AC5C-FBBEB29F61EE.png"
            }
        
        
        ]