[

    {
        "primaryColor": "#342E34",
        "secondaryColor": "#333333",
        "bodyColor": "#DDD5D3",
        "textColor": "#342E34",
        "actionColor": "#E94444",
        "successColor": "#38cc31",
        "borderGray": "#ccc",
        "primaryFont": "romanticCoupleBold",
        "secondaryFont": "Poppins",
        "bodyRegularFont": "Poppins-Regular",
        "bodyMediumFont": "Poppins-Medium",
        "bodyBoldFont": "georgia",
        "tertiaryFont": "georgia",
        "headingFont": "BonheurRoyale-Regular",
        "imageTop": "https://ecsiondevstorage.blob.core.windows.net/wedding-storage/18243838-F90E-492B-8A64-230009E0669F.png",
        "imageBottom": "https://ecsiondevstorage.blob.core.windows.net/wedding-storage/AEFDC855-3E83-417E-A16A-76C0ABE4F33B.png",
        "bgImage": "https://ecsiondevstorage.blob.core.windows.net/wedding-storage/7232D8BA-9514-4D2A-8541-602C3CEA2E12.png",
        "bgResponsiveImage": "https://ecsiondevstorage.blob.core.windows.net/wedding-storage/5E2AD56E-E59D-4018-A6BD-EA3F3668D15D.png"
        },
    
        {
        "primaryColor": "#342E34",
        "secondaryColor": "#333333",
        "bodyColor": "#C6C7B7",
        "textColor": "#342E34",
        "actionColor": "#E94444",
        "successColor": "#38cc31",
        "borderGray": "#ccc",
        "primaryFont": "romanticCoupleBold",
        "secondaryFont": "Poppins",
        "bodyRegularFont": "Poppins-Regular",
        "bodyMediumFont": "Poppins-Medium",
        "bodyBoldFont": "georgia",
        "tertiaryFont": "georgia",
        "headingFont": "BonheurRoyale-Regular",
        "imageTop": "https://ecsiondevstorage.blob.core.windows.net/wedding-storage/18243838-F90E-492B-8A64-230009E0669F.png",
        "imageBottom": "https://ecsiondevstorage.blob.core.windows.net/wedding-storage/AEFDC855-3E83-417E-A16A-76C0ABE4F33B.png",
        "bgImage": "https://ecsiondevstorage.blob.core.windows.net/wedding-storage/7232D8BA-9514-4D2A-8541-602C3CEA2E12.png",
        "bgResponsiveImage": "https://ecsiondevstorage.blob.core.windows.net/wedding-storage/5E2AD56E-E59D-4018-A6BD-EA3F3668D15D.png"
        },
    
        
        {
        "primaryColor": "#FFFFFF",
        "secondaryColor": "#333333",
        "bodyColor": "#3A273E",
        "textColor": "#FFFFFF",
        "actionColor": "#E94444",
        "successColor": "#38cc31",
        "borderGray": "#ccc",
        "primaryFont": "romanticCoupleBold",
        "secondaryFont": "Poppins",
        "bodyRegularFont": "Poppins-Regular",
        "bodyMediumFont": "Poppins-Medium",
        "bodyBoldFont": "georgia",
        "tertiaryFont": "georgia",
        "headingFont": "BonheurRoyale-Regular",
        "imageTop": "https://ecsiondevstorage.blob.core.windows.net/wedding-storage/18243838-F90E-492B-8A64-230009E0669F.png",
        "imageBottom": "https://ecsiondevstorage.blob.core.windows.net/wedding-storage/AEFDC855-3E83-417E-A16A-76C0ABE4F33B.png",
        "bgImage": "https://ecsiondevstorage.blob.core.windows.net/wedding-storage/7232D8BA-9514-4D2A-8541-602C3CEA2E12.png",
        "bgResponsiveImage": "https://ecsiondevstorage.blob.core.windows.net/wedding-storage/5E2AD56E-E59D-4018-A6BD-EA3F3668D15D.png"
        },
    
        {
        "primaryColor": "#FFFFFF",
        "secondaryColor": "#333333",
        "bodyColor": "#3A3B28",
        "textColor": "#FFFFFF",
        "actionColor": "#E94444",
        "successColor": "#38cc31",
        "borderGray": "#ccc",
        "primaryFont": "romanticCoupleBold",
        "secondaryFont": "Poppins",
        "bodyRegularFont": "Poppins-Regular",
        "bodyMediumFont": "Poppins-Medium",
        "bodyBoldFont": "georgia",
        "tertiaryFont": "georgia",
        "headingFont": "BonheurRoyale-Regular",
        "imageTop": "https://ecsiondevstorage.blob.core.windows.net/wedding-storage/18243838-F90E-492B-8A64-230009E0669F.png",
        "imageBottom": "https://ecsiondevstorage.blob.core.windows.net/wedding-storage/AEFDC855-3E83-417E-A16A-76C0ABE4F33B.png",
        "bgImage": "https://ecsiondevstorage.blob.core.windows.net/wedding-storage/7232D8BA-9514-4D2A-8541-602C3CEA2E12.png",
        "bgResponsiveImage": "https://ecsiondevstorage.blob.core.windows.net/wedding-storage/5E2AD56E-E59D-4018-A6BD-EA3F3668D15D.png"
        }
    ]