{
  "invitation-title": "Wedding Invitation",
  "your-name": "Deepika",
  "partner-name": "Ranbeer",
  "your-parent-name": "(D/O smt.Rupa Devi & Sri. Radhey Shyam)",
  "partner-parent-name": "(S/O smt.Parvati & Shri. Mohan Bajoria)",
  "invitation-full-date": "  ",
  "invitation-time": "At 5 Pm",
  "invitation-address": "Ceremony Sta. Mery Church Reception Hotel Palace",
  "couple-img1": "",
  "couple-img2": "",
  "couple-img3": "",
  "invitation-description": "Request your gracious presence at the Wedding of their daughter",
  "invitation-message": "",
  "invitation-date": "18",
  "invitation-month": "",
  "invitation-month-text": "February",
  "invitation-year": "2025",
  "following-party": "Following The Party",
  "invitation-full-date-text": "",
  "invitation-week-day": "Saturday",
  "yourInitial": "",
  "partnerInitial": ""
}