[
    {
      "primaryColor": "#3E0000",
      "secondaryColor": "#91593B",
      "bodyColor": "#FFFFFF",
      "textColor": "#000000",
      "actionColor": "#E94444",
      "successColor": "#38cc31",
      "borderGray": "#ccc",
      "primaryFont": "Playfair Display",
      "secondaryFont": "Montserrat",
      "tertiaryFont": "Alex Brush",
      "bodyRegularFont": "Poppins-Regular",
      "bodyMediumFont": "Poppins-Medium",
      "bodyBoldFont": "Montserrat",
      "headingFont": "BonheurRoyale-Regular",
      "bgImage": "https://ecsiondevstorage.blob.core.windows.net/wedding-storage/E0C5DA89-E313-434E-921A-6B27636B8901.png",
      "bgResponsiveImage": "https://ecsiondevstorage.blob.core.windows.net/wedding-storage/E0C5DA89-E313-434E-921A-6B27636B8901.png"
    },

    {
      "primaryColor": "#3E0000",
      "secondaryColor": "#91593B",
      "bodyColor": "#F0FFF1",
      "textColor": "#000000",
      "actionColor": "#E94444",
      "successColor": "#38cc31",
      "borderGray": "#ccc",
      "primaryFont": "Playfair Display",
      "secondaryFont": "Montserrat",
      "tertiaryFont": "Alex Brush",
      "bodyRegularFont": "Poppins-Regular",
      "bodyMediumFont": "Poppins-Medium",
      "bodyBoldFont": "Montserrat",
      "headingFont": "BonheurRoyale-Regular",
      "bgImage": "https://ecsiondevstorage.blob.core.windows.net/wedding-storage/E0C5DA89-E313-434E-921A-6B27636B8901.png",
      "bgResponsiveImage": "https://ecsiondevstorage.blob.core.windows.net/wedding-storage/E0C5DA89-E313-434E-921A-6B27636B8901.png"
    },
    {
      "primaryColor": "#FFFFFF",
      "secondaryColor": "#FFFFFF",
      "bodyColor": "#414100",
      "textColor": "#000000",
      "actionColor": "#E94444",
      "successColor": "#38cc31",
      "borderGray": "#ccc",
      "primaryFont": "Playfair Display",
      "secondaryFont": "Montserrat",
      "tertiaryFont": "Alex Brush",
      "bodyRegularFont": "Poppins-Regular",
      "bodyMediumFont": "Poppins-Medium",
      "bodyBoldFont": "Montserrat",
      "headingFont": "BonheurRoyale-Regular",
      "bgImage": "https://ecsiondevstorage.blob.core.windows.net/wedding-storage/E0C5DA89-E313-434E-921A-6B27636B8901.png",
      "bgResponsiveImage": "https://ecsiondevstorage.blob.core.windows.net/wedding-storage/E0C5DA89-E313-434E-921A-6B27636B8901.png"
    },
    {
      "primaryColor": "#FFFFFF",
      "secondaryColor": "#FFFFFF",
      "bodyColor": "#002C1A",
      "textColor": "#FFFFFF",
      "actionColor": "#E94444",
      "successColor": "#38cc31",
      "borderGray": "#ccc",
      "primaryFont": "Playfair Display",
      "secondaryFont": "Montserrat",
      "tertiaryFont": "Alex Brush",
      "bodyRegularFont": "Poppins-Regular",
      "bodyMediumFont": "Poppins-Medium",
      "bodyBoldFont": "Montserrat",
      "headingFont": "BonheurRoyale-Regular",
      "bgImage": "https://ecsiondevstorage.blob.core.windows.net/wedding-storage/E0C5DA89-E313-434E-921A-6B27636B8901.png",
      "bgResponsiveImage": "https://ecsiondevstorage.blob.core.windows.net/wedding-storage/E0C5DA89-E313-434E-921A-6B27636B8901.png"
    }
  ]
  