[
  {
    "primaryColor": "#3E0000",
    "secondaryColor": "#91593B",
    "bodyColor": "#FFFFFF",
    "textColor": "#000000",
    "actionColor": "#E94444",
    "successColor": "#38cc31",
    "borderGray": "#ccc",
    "primaryFont": "Playfair Display",
    "secondaryFont": "Montserrat",
    "tertiaryFont": "Alex Brush",
    "bodyRegularFont": "Poppins-Regular",
    "bodyMediumFont": "Poppins-Medium",
    "bodyBoldFont": "Montserrat",
    "headingFont": "BonheurRoyale-Regular",
    "bgImage": "https://ecsiondevstorage.blob.core.windows.net/wedding-storage/4C344C6A-1167-4BE5-BF8A-C51F3E7AE22B.png",
    "bgResponsiveImage": "https://ecsiondevstorage.blob.core.windows.net/wedding-storage/4C344C6A-1167-4BE5-BF8A-C51F3E7AE22B.png"
  },

  {
    "primaryColor": "#3E0000",
    "secondaryColor": "#91593B",
    "bodyColor": "#F0FFF1",
    "textColor": "#000000",
    "actionColor": "#E94444",
    "successColor": "#38cc31",
    "borderGray": "#ccc",
    "primaryFont": "Playfair Display",
    "secondaryFont": "Montserrat",
    "tertiaryFont": "Alex Brush",
    "bodyRegularFont": "Poppins-Regular",
    "bodyMediumFont": "Poppins-Medium",
    "bodyBoldFont": "Montserrat",
    "headingFont": "BonheurRoyale-Regular",
    "bgImage": "https://ecsiondevstorage.blob.core.windows.net/wedding-storage/4C344C6A-1167-4BE5-BF8A-C51F3E7AE22B.png",
    "bgResponsiveImage": "https://ecsiondevstorage.blob.core.windows.net/wedding-storage/4C344C6A-1167-4BE5-BF8A-C51F3E7AE22B.png"
  },
  {
    "primaryColor": "#FFFFFF",
    "secondaryColor": "#FFFFFF",
    "bodyColor": "#414100",
    "textColor": "#000000",
    "actionColor": "#E94444",
    "successColor": "#38cc31",
    "borderGray": "#ccc",
    "primaryFont": "Playfair Display",
    "secondaryFont": "Montserrat",
    "tertiaryFont": "Alex Brush",
    "bodyRegularFont": "Poppins-Regular",
    "bodyMediumFont": "Poppins-Medium",
    "bodyBoldFont": "Montserrat",
    "headingFont": "BonheurRoyale-Regular",
    "bgImage": "https://ecsiondevstorage.blob.core.windows.net/wedding-storage/4C344C6A-1167-4BE5-BF8A-C51F3E7AE22B.png",
    "bgResponsiveImage": "https://ecsiondevstorage.blob.core.windows.net/wedding-storage/4C344C6A-1167-4BE5-BF8A-C51F3E7AE22B.png"
  },
  {
    "primaryColor": "#FFFFFF",
    "secondaryColor": "#FFFFFF",
    "bodyColor": "#002C1A",
    "textColor": "#FFFFFF",
    "actionColor": "#E94444",
    "successColor": "#38cc31",
    "borderGray": "#ccc",
    "primaryFont": "Playfair Display",
    "secondaryFont": "Montserrat",
    "tertiaryFont": "Alex Brush",
    "bodyRegularFont": "Poppins-Regular",
    "bodyMediumFont": "Poppins-Medium",
    "bodyBoldFont": "Montserrat",
    "headingFont": "BonheurRoyale-Regular",
    "bgImage": "https://ecsiondevstorage.blob.core.windows.net/wedding-storage/4C344C6A-1167-4BE5-BF8A-C51F3E7AE22B.png",
    "bgResponsiveImage": "https://ecsiondevstorage.blob.core.windows.net/wedding-storage/4C344C6A-1167-4BE5-BF8A-C51F3E7AE22B.png"
  }
]
