[

    {
        "primaryColor": "#966A2C",
        "secondaryColor": "#333333",
        "bodyColor": "#FFF3E8",
        "textColor": "#966A2C",
        "actionColor": "#E94444",
        "successColor": "#38cc31",
        "borderGray": "#ccc",
        "primaryFont": "Playfair Display",
        "secondaryFont": "Playfair Display",
        "bodyRegularFont": "Poppins-Regular",
        "bodyMediumFont": "Poppins-Medium",
        "bodyBoldFont": "georgia",
        "tertiaryFont": "abrilfatfaceRegular",
        "headingFont": "BonheurRoyale-Regular",
        "bgImage": "https://ecsiondevstorage.blob.core.windows.net/wedding-storage/5CBEED28-D307-4CBE-8F43-8E8BADBC76C0.png",
        "bgResponsiveImage": "https://ecsiondevstorage.blob.core.windows.net/wedding-storage/4E603E79-BC72-4FF7-B210-D2F97F55BAAB.png"
        }
    
      
    ]