{
    "invitation-title": "TOGETHER WITH THEIR FAMILIES",
    "your-name": "Tanvi",
    "partner-name": "Bhavesh",
    "your-parent-name": "",
    "partner-parent-name": "",
    "invitation-full-date": "",
    "invitation-time": "AT TEN IN THE MORNING",
    "invitation-venue":"THE WESTIN",
    "invitation-address": "KOREGAON PARK ANNEXE, 36/3‑B MUNDHWA RD, GHORPADI, PUNE",
    "couple-img1": "",
    "couple-img2": "",
    "couple-img3": "",
    "invitation-description": "INVITE YOU TO CELEBRATE THEIR MARRIAGE",
    "invitation-message": "",
    "invitation-date": "16",
    "invitation-month": "",
    "invitation-month-text": "JANUARY",
    "invitation-year": "2026",
    "following-party": "",
    "invitation-full-date-text": "",
    "invitation-week-day": "SUN",
    "yourInitial": "",
    "partnerInitial": ""
  }