[
    {
      "primaryColor": "#FFFFFF",
      "secondaryColor": "#333333",
      "bodyColor": "#0D1A1C",
      "textColor": "#53BCBC",
      "actionColor": "#E94444",
      "successColor": "#38cc31",
      "borderGray": "#ccc",
      "primaryFont": "laurentine",
      "secondaryFont": "Montserrat",
      "bodyRegularFont": "Montserrat",
      "bodyMediumFont": "Poppins-Medium",
      "bodyBoldFont": "georgia",
      "tertiaryFont": "Playfair Display",
      "headingFont": "BonheurRoyale-Regular",
      "imageTop": "https://ecsiondevstorage.blob.core.windows.net/wedding-storage/DB9CEBB5-999C-4AC1-9062-0638E47547D2.png",
      "imageBottom": "https://ecsiondevstorage.blob.core.windows.net/wedding-storage/E74A7026-B49F-4EB4-885F-59B0C3C7CBAD.png",
      "bgImage": "https://ecsiondevstorage.blob.core.windows.net/wedding-storage/B6B2D92F-3DBD-4DCD-A714-58E0036ED92B.png",
      "bgResponsiveImage": "https://ecsiondevstorage.blob.core.windows.net/wedding-storage/A353BE65-9CCF-4B65-BD16-2912B0A9A6FE.png"
    },
    {
      "primaryColor": "#FFFFFF",
      "secondaryColor": "#333333",
      "bodyColor": "#10464B",
      "textColor": "#53BCBC",
      "actionColor": "#E94444",
      "successColor": "#38cc31",
      "borderGray": "#ccc",
      "primaryFont": "laurentine",
      "secondaryFont": "Montserrat",
      "bodyRegularFont": "Montserrat",
      "bodyMediumFont": "Poppins-Medium",
      "bodyBoldFont": "georgia",
      "tertiaryFont": "Playfair Display",
      "headingFont": "BonheurRoyale-Regular",
      "imageTop": "https://ecsiondevstorage.blob.core.windows.net/wedding-storage/DB9CEBB5-999C-4AC1-9062-0638E47547D2.png",
      "imageBottom": "https://ecsiondevstorage.blob.core.windows.net/wedding-storage/E74A7026-B49F-4EB4-885F-59B0C3C7CBAD.png",
      "bgImage": "https://ecsiondevstorage.blob.core.windows.net/wedding-storage/B6B2D92F-3DBD-4DCD-A714-58E0036ED92B.png",
      "bgResponsiveImage": "https://ecsiondevstorage.blob.core.windows.net/wedding-storage/A353BE65-9CCF-4B65-BD16-2912B0A9A6FE.png"
    },
    {
      "primaryColor": "#000000",
      "secondaryColor": "#333333",
      "bodyColor": "#6FCCCC",
      "textColor": "#000000",
      "actionColor": "#E94444",
      "successColor": "#38cc31",
      "borderGray": "#ccc",
      "primaryFont": "laurentine",
      "secondaryFont": "Montserrat",
      "bodyRegularFont": "Montserrat",
      "bodyMediumFont": "Poppins-Medium",
      "bodyBoldFont": "georgia",
      "tertiaryFont": "Playfair Display",
      "headingFont": "BonheurRoyale-Regular",
      "imageTop": "https://ecsiondevstorage.blob.core.windows.net/wedding-storage/DB9CEBB5-999C-4AC1-9062-0638E47547D2.png",
      "imageBottom": "https://ecsiondevstorage.blob.core.windows.net/wedding-storage/E74A7026-B49F-4EB4-885F-59B0C3C7CBAD.png",
       "bgImage": "https://ecsiondevstorage.blob.core.windows.net/wedding-storage/B6B2D92F-3DBD-4DCD-A714-58E0036ED92B.png",
      "bgResponsiveImage": "https://ecsiondevstorage.blob.core.windows.net/wedding-storage/A353BE65-9CCF-4B65-BD16-2912B0A9A6FE.png"
    },
    {
      "primaryColor": "#000000",
      "secondaryColor": "#333333",
      "bodyColor": "#FFFFFF",
      "textColor": "#000000",
      "actionColor": "#E94444",
      "successColor": "#38cc31",
      "borderGray": "#ccc",
      "primaryFont": "laurentine",
      "secondaryFont": "Montserrat",
      "bodyRegularFont": "Montserrat",
      "bodyMediumFont": "Poppins-Medium",
      "bodyBoldFont": "georgia",
      "tertiaryFont": "Playfair Display",
      "headingFont": "BonheurRoyale-Regular",
      "imageTop": "https://ecsiondevstorage.blob.core.windows.net/wedding-storage/DB9CEBB5-999C-4AC1-9062-0638E47547D2.png",
      "imageBottom": "https://ecsiondevstorage.blob.core.windows.net/wedding-storage/E74A7026-B49F-4EB4-885F-59B0C3C7CBAD.png",
      "bgImage": "https://ecsiondevstorage.blob.core.windows.net/wedding-storage/B6B2D92F-3DBD-4DCD-A714-58E0036ED92B.png",
      "bgResponsiveImage": "https://ecsiondevstorage.blob.core.windows.net/wedding-storage/A353BE65-9CCF-4B65-BD16-2912B0A9A6FE.png"
    }
  ]
  