{
    "invitation-title": "Save The Date",
    "your-name": "KABIR",
    "partner-name": "MYRA",
    "your-parent-name": "",
    "partner-parent-name": "",
    "invitation-full-date": "",
    "invitation-time": "",
    "invitation-venue":"",
    "invitation-address": "IN MUMBAI",
    "couple-img1": "",
    "couple-img2": "",
    "couple-img3": "",
    "invitation-description": "",
    "invitation-message": "",
    "invitation-date": "26",
    "invitation-month": "08",
    "invitation-month-text": "",
    "invitation-year": "2026",
    "following-party": "",
    "invitation-full-date-text": "",
    "invitation-week-day": "",
    "yourInitial": "",
    "partnerInitial": ""
  }