[

    {
        "primaryColor": "#C0AE72",
        "secondaryColor": "#333333",
        "bodyColor": "#FFF3E8",
        "textColor": "#FFFFFF",
        "actionColor": "#E94444",
        "successColor": "#38cc31",
        "borderGray": "#ccc",
        "primaryFont": "italiannoRegular",
        "secondaryFont": "georgia",
        "bodyRegularFont": "Poppins-Regular",
        "bodyMediumFont": "Poppins-Medium",
        "bodyBoldFont": "georgia",
        "tertiaryFont": "angello",
        "headingFont": "BonheurRoyale-Regular",
        "bgImage": "https://ecsiondevstorage.blob.core.windows.net/wedding-storage/6BA0CEC4-56AE-464D-A1FF-A0E957D6AE32.svg",
        "bgResponsiveImage": "https://ecsiondevstorage.blob.core.windows.net/wedding-storage/4B185011-D68F-47FC-812A-EF75AD0BA202.png"
        }
    ]