{
    "invitation-title": "TOGETHER WITH THEIR FAMILIES",
    "your-name": "KABIR",
    "partner-name": "MYRA",
    "your-parent-name": "",
    "partner-parent-name": "",
    "invitation-full-date": "26 | 08 | 2026",
    "invitation-time": "ON SUNDAY 10:00 AM ONWARDS",
    "invitation-venue":"TULIP BANQUET HALL",
    "invitation-address": "GOVINDJI KENI MARG, NAIGAON, DADAR, MUMBAI",
    "couple-img1": "",
    "couple-img2": "",
    "couple-img3": "",
    "invitation-description": "INVITE YOU TO CELEBRATE THEIR WEDDING",
    "invitation-message": "",
    "invitation-date": "",
    "invitation-month": "",
    "invitation-month-text": "",
    "invitation-year": "",
    "following-party": "",
    "invitation-full-date-text": "",
    "invitation-week-day": "",
    "yourInitial": "",
    "partnerInitial": ""
  }