{
  "your-name": "Vaishali",
  "partner-name": "Mahesh",
  "your-parent-name": "",
  "partner-parent-name": "",
  "invitation-full-date": "",
  "invitation-time": "AT 5 PM",
  "invitation-venue": "Hotel Centre Point",
  "invitation-address": "Central Bazar Road Ramdaspeth Nagpur",
  "couple-img1": "",
  "couple-img2": "",
  "couple-img3": "",
  "invitation-description": "You are invited to the wedding of",
  "invitation-message": "",
  "invitation-date": "28",
  "invitation-month": "",
  "invitation-month-text": "April",
  "invitation-year": "2026",
  "following-party": "Reception to follow",
  "invitation-full-date-text": "",
  "invitation-week-day": "Saturday",
  "yourInitial": "",
  "partnerInitial": ""
}