[
    {
        "primaryColor": "#EBB77D",
        "secondaryColor": "#333333",
        "bodyColor": "#0A212B",
        "textColor": "#FFFFFF",
        "actionColor": "#E94444",
        "successColor": "#38cc31",
        "borderGray": "#ccc",
        "primaryFont": "Alex Brush",
        "secondaryFont": "Poppins",
        "bodyRegularFont": "Poppins-Regular",
        "bodyMediumFont": "Poppins-Medium",
        "bodyBoldFont": "georgia",
        "tertiaryFont": "Playfair Display",
        "headingFont": "BonheurRoyale-Regular",
        "bgImage": "https://ecsiondevstorage.blob.core.windows.net/wedding-storage/0E6A29F9-5E69-4FF4-B1C2-EA949BE6FF1F.png",
        "bgResponsiveImage": "https://ecsiondevstorage.blob.core.windows.net/wedding-storage/B3796BB3-476E-4ADA-8826-EC94D7F96127.png"
    },
    {
        "primaryColor": "#105227",
        "secondaryColor": "#333333",
        "bodyColor": "#CDD69B",
        "textColor": "#000000",
        "actionColor": "#E94444",
        "successColor": "#38cc31",
        "borderGray": "#ccc",
        "primaryFont": "Alex Brush",
        "secondaryFont": "Poppins",
        "bodyRegularFont": "Poppins-Regular",
        "bodyMediumFont": "Poppins-Medium",
        "bodyBoldFont": "georgia",
        "tertiaryFont": "Playfair Display",
        "headingFont": "BonheurRoyale-Regular",
        "bgImage": "https://ecsiondevstorage.blob.core.windows.net/wedding-storage/0E6A29F9-5E69-4FF4-B1C2-EA949BE6FF1F.png",
        "bgResponsiveImage": "https://ecsiondevstorage.blob.core.windows.net/wedding-storage/B3796BB3-476E-4ADA-8826-EC94D7F96127.png"
    },
    {
        "primaryColor": "#EBB77D",
        "secondaryColor": "#333333",
        "bodyColor": "#075172",
        "textColor": "#FFFFFF",
        "actionColor": "#E94444",
        "successColor": "#38cc31",
        "borderGray": "#ccc",
        "primaryFont": "Alex Brush",
        "secondaryFont": "Poppins",
        "bodyRegularFont": "Poppins-Regular",
        "bodyMediumFont": "Poppins-Medium",
        "bodyBoldFont": "georgia",
        "tertiaryFont": "Playfair Display",
        "headingFont": "BonheurRoyale-Regular",
        "bgImage": "https://ecsiondevstorage.blob.core.windows.net/wedding-storage/0E6A29F9-5E69-4FF4-B1C2-EA949BE6FF1F.png",
        "bgResponsiveImage": "https://ecsiondevstorage.blob.core.windows.net/wedding-storage/B3796BB3-476E-4ADA-8826-EC94D7F96127.png"
    },
    {
        "primaryColor": "#EBA882",
        "secondaryColor": "#333333",
        "bodyColor": "#876D9D",
        "textColor": "#FFFFFF",
        "actionColor": "#E94444",
        "successColor": "#38cc31",
        "borderGray": "#ccc",
        "primaryFont": "Alex Brush",
        "secondaryFont": "Poppins",
        "bodyRegularFont": "Poppins-Regular",
        "bodyMediumFont": "Poppins-Medium",
        "bodyBoldFont": "georgia",
        "tertiaryFont": "Playfair Display",
        "headingFont": "BonheurRoyale-Regular",
        "bgImage": "https://ecsiondevstorage.blob.core.windows.net/wedding-storage/0E6A29F9-5E69-4FF4-B1C2-EA949BE6FF1F.png",
        "bgResponsiveImage": "https://ecsiondevstorage.blob.core.windows.net/wedding-storage/B3796BB3-476E-4ADA-8826-EC94D7F96127.png"
    },
    {
        "primaryColor": "#EBA882",
        "secondaryColor": "#333333",
        "bodyColor": "#475113",
        "textColor": "#FFFFFF",
        "actionColor": "#E94444",
        "successColor": "#38cc31",
        "borderGray": "#ccc",
        "primaryFont": "Alex Brush",
        "secondaryFont": "Poppins",
        "bodyRegularFont": "Poppins-Regular",
        "bodyMediumFont": "Poppins-Medium",
        "bodyBoldFont": "georgia",
        "tertiaryFont": "Playfair Display",
        "headingFont": "BonheurRoyale-Regular",
        "bgImage": "https://ecsiondevstorage.blob.core.windows.net/wedding-storage/0E6A29F9-5E69-4FF4-B1C2-EA949BE6FF1F.png",
        "bgResponsiveImage": "https://ecsiondevstorage.blob.core.windows.net/wedding-storage/B3796BB3-476E-4ADA-8826-EC94D7F96127.png"
    }
]