[
    {
        "primaryColor": "#EBB77D",
        "secondaryColor": "#333333",
        "bodyColor": "#0A212B",
        "textColor": "#FFFFFF",
        "actionColor": "#E94444",
        "successColor": "#38cc31",
        "borderGray": "#ccc",
        "primaryFont": "Alex Brush",
        "secondaryFont": "Poppins",
        "bodyRegularFont": "Poppins-Regular",
        "bodyMediumFont": "Poppins-Medium",
        "bodyBoldFont": "georgia",
        "tertiaryFont": "Playfair Display",
        "headingFont": "BonheurRoyale-Regular",
        "bgImage": "https://ecsiondevstorage.blob.core.windows.net/wedding-storage/A0FCD40F-378A-4F0B-A8CA-D106CD27B49A.png",
        "bgResponsiveImage": "https://ecsiondevstorage.blob.core.windows.net/wedding-storage/C3231DC9-7C56-4EC0-BEA9-CD9BC83BC0FC.png"
    },
    {
        "primaryColor": "#105227",
        "secondaryColor": "#333333",
        "bodyColor": "#CDD69B",
        "textColor": "#000000",
        "actionColor": "#E94444",
        "successColor": "#38cc31",
        "borderGray": "#ccc",
        "primaryFont": "Alex Brush",
        "secondaryFont": "Poppins",
        "bodyRegularFont": "Poppins-Regular",
        "bodyMediumFont": "Poppins-Medium",
        "bodyBoldFont": "georgia",
        "tertiaryFont": "Playfair Display",
        "headingFont": "BonheurRoyale-Regular",
        "bgImage": "https://ecsiondevstorage.blob.core.windows.net/wedding-storage/A0FCD40F-378A-4F0B-A8CA-D106CD27B49A.png",
        "bgResponsiveImage": "https://ecsiondevstorage.blob.core.windows.net/wedding-storage/C3231DC9-7C56-4EC0-BEA9-CD9BC83BC0FC.png"
    },
    {
        "primaryColor": "#EBB77D",
        "secondaryColor": "#333333",
        "bodyColor": "#075172",
        "textColor": "#FFFFFF",
        "actionColor": "#E94444",
        "successColor": "#38cc31",
        "borderGray": "#ccc",
        "primaryFont": "Alex Brush",
        "secondaryFont": "Poppins",
        "bodyRegularFont": "Poppins-Regular",
        "bodyMediumFont": "Poppins-Medium",
        "bodyBoldFont": "georgia",
        "tertiaryFont": "Playfair Display",
        "headingFont": "BonheurRoyale-Regular",
        "bgImage": "https://ecsiondevstorage.blob.core.windows.net/wedding-storage/A0FCD40F-378A-4F0B-A8CA-D106CD27B49A.png",
        "bgResponsiveImage": "https://ecsiondevstorage.blob.core.windows.net/wedding-storage/C3231DC9-7C56-4EC0-BEA9-CD9BC83BC0FC.png"
    },
    {
        "primaryColor": "#EBA882",
        "secondaryColor": "#333333",
        "bodyColor": "#876D9D",
        "textColor": "#FFFFFF",
        "actionColor": "#E94444",
        "successColor": "#38cc31",
        "borderGray": "#ccc",
        "primaryFont": "Alex Brush",
        "secondaryFont": "Poppins",
        "bodyRegularFont": "Poppins-Regular",
        "bodyMediumFont": "Poppins-Medium",
        "bodyBoldFont": "georgia",
        "tertiaryFont": "Playfair Display",
        "headingFont": "BonheurRoyale-Regular",
        "bgImage": "https://ecsiondevstorage.blob.core.windows.net/wedding-storage/A0FCD40F-378A-4F0B-A8CA-D106CD27B49A.png",
        "bgResponsiveImage": "https://ecsiondevstorage.blob.core.windows.net/wedding-storage/C3231DC9-7C56-4EC0-BEA9-CD9BC83BC0FC.png"
    },
    {
        "primaryColor": "#EBA882",
        "secondaryColor": "#333333",
        "bodyColor": "#475113",
        "textColor": "#FFFFFF",
        "actionColor": "#E94444",
        "successColor": "#38cc31",
        "borderGray": "#ccc",
        "primaryFont": "Alex Brush",
        "secondaryFont": "Poppins",
        "bodyRegularFont": "Poppins-Regular",
        "bodyMediumFont": "Poppins-Medium",
        "bodyBoldFont": "georgia",
        "tertiaryFont": "Playfair Display",
        "headingFont": "BonheurRoyale-Regular",
        "bgImage": "https://ecsiondevstorage.blob.core.windows.net/wedding-storage/A0FCD40F-378A-4F0B-A8CA-D106CD27B49A.png",
        "bgResponsiveImage": "https://ecsiondevstorage.blob.core.windows.net/wedding-storage/C3231DC9-7C56-4EC0-BEA9-CD9BC83BC0FC.png"
    }
]