[

    {
        "primaryColor": "#A07612",
        "secondaryColor": "#333333",
        "bodyColor": "#FFF3E8",
        "textColor": "#51136C",
        "actionColor": "#E94444",
        "successColor": "#38cc31",
        "borderGray": "#ccc",
        "primaryFont": "Lackus",
        "secondaryFont": "Poppins",
        "bodyRegularFont": "Poppins-Regular",
        "bodyMediumFont": "Poppins-Medium",
        "bodyBoldFont": "georgia",
        "tertiaryFont": "georgiab",
        "headingFont": "BonheurRoyale-Regular",
        "bgImage": "https://ecsiondevstorage.blob.core.windows.net/wedding-storage/CEFD1590-B2B6-4B94-A729-60EFC37E79CB.svg",
        "bgResponsiveImage": "https://ecsiondevstorage.blob.core.windows.net/wedding-storage/DCD5B866-B926-4B1F-AE0B-E8BE435A6947.png"
        }
    ]