{
    "invitation-title": " ",
    "your-name": "Mansi",
    "partner-name": "Chirag",
    "your-parent-name": "(D/O SUNITA & RAJESH SHARMA)",
    "partner-parent-name": "(S/O REKHA & SURESH MEHTA)",
    "your-grandparent-name": "SMT. SHANTA & SH. HARISHCHANDRA MEHTA",
    "invitation-full-date": "",
    "invitation-time": "",
    "invitation-venue":"",
    "invitation-address": "",
    "couple-img1": "",
    "couple-img2": "",
    "couple-img3": "",
    "invitation-description": "SOLICIT YOUR GRACIOUS PRESENCE ON THE AUSPICIOUS OCCASION OF THE WEDDING OF THEIR GRANDDAUGHTER",
    "invitation-message": "",
    "invitation-date": "",
    "invitation-month": "",
    "invitation-month-text": "",
    "invitation-year": "",
    "following-party": "#WEDDINGHASHTAG",
    "invitation-full-date-text": "",
    "invitation-week-day": "",
    "yourInitial": "",
    "partnerInitial": ""
  }