[

    {
"primaryColor": "#A07612",
        "secondaryColor": "#333333",
        "bodyColor": "#FFF3E8",
        "textColor": "#51136C",
        "actionColor": "#E94444",
        "successColor": "#38cc31",
        "borderGray": "#ccc",
        "primaryFont": "Lackus",
        "secondaryFont": "Poppins",
        "bodyRegularFont": "Poppins-Regular",
        "bodyMediumFont": "Poppins-Medium",
        "bodyBoldFont": "georgia",
        "tertiaryFont": "georgiab",
        "headingFont": "BonheurRoyale-Regular",
        "bgImage": "https://ecsiondevstorage.blob.core.windows.net/wedding-storage/EB630C89-C215-448C-AF72-FC9023BC717E.svg",
        "bgResponsiveImage": "https://ecsiondevstorage.blob.core.windows.net/wedding-storage/0DCBAC3C-649F-4655-9E1B-91FE43F2A94C.png"
        }
    ]