[
    {
      "primaryColor": "#464646",
      "secondaryColor": "#91593B",
      "bodyColor": "#FFFFFF",
      "textColor": "#91593B",
      "actionColor": "#E94444",
      "successColor": "#38cc31",
      "borderGray": "#ccc",
      "primaryFont": "winlove",
      "secondaryFont": "georgia",
      "bodyRegularFont": "Poppins-Regular",
      "bodyMediumFont": "Poppins-Medium",
      "bodyBoldFont": "georgia",
      "headingFont": "BonheurRoyale-Regular",
      "imageTop": "https://ecsiondevstorage.blob.core.windows.net/wedding-storage/4D32065F-6130-408C-910F-37004A484FFD.png",
      "imageBottom": "https://ecsiondevstorage.blob.core.windows.net/wedding-storage/BF68DE3F-D445-4542-B0F0-ECAEBFE1160B.png",
      "bgImage": "https://ecsiondevstorage.blob.core.windows.net/wedding-storage/ECC0628C-6673-484E-9FEC-1FD31AD8DD9E.png",
      "bgResponsiveImage": "https://ecsiondevstorage.blob.core.windows.net/wedding-storage/EE25B89B-ABF2-47D8-B51F-2ACF3D7C9550.png"
    },

    {
       "primaryColor": "#464646",
      "secondaryColor": "#91593B",
      "bodyColor": "#FFFCF0",
      "textColor": "#91593B",
      "actionColor": "#E94444",
      "successColor": "#38cc31",
      "borderGray": "#ccc",
      "primaryFont": "winlove",
      "secondaryFont": "georgia",
      "bodyRegularFont": "Poppins-Regular",
      "bodyMediumFont": "Poppins-Medium",
      "bodyBoldFont": "georgia",
      "headingFont": "BonheurRoyale-Regular",
      "imageTop": "https://ecsiondevstorage.blob.core.windows.net/wedding-storage/4D32065F-6130-408C-910F-37004A484FFD.png",
      "imageBottom": "https://ecsiondevstorage.blob.core.windows.net/wedding-storage/BF68DE3F-D445-4542-B0F0-ECAEBFE1160B.png",
      "bgImage": "https://ecsiondevstorage.blob.core.windows.net/wedding-storage/ECC0628C-6673-484E-9FEC-1FD31AD8DD9E.png",
      "bgResponsiveImage": "https://ecsiondevstorage.blob.core.windows.net/wedding-storage/EE25B89B-ABF2-47D8-B51F-2ACF3D7C9550.png"
    },
    {
      "primaryColor": "#FFFFFF",
      "secondaryColor": "#333333",
      "bodyColor": "#3E3A1E",
      "textColor": "#FFFFFF",
      "actionColor": "#E94444",
      "successColor": "#38cc31",
      "borderGray": "#ccc",
      "primaryFont": "winlove",
      "secondaryFont": "georgia",
      "bodyRegularFont": "Poppins-Regular",
      "bodyMediumFont": "Poppins-Medium",
      "bodyBoldFont": "georgia",
      "headingFont": "BonheurRoyale-Regular",
      "imageTop": "https://ecsiondevstorage.blob.core.windows.net/wedding-storage/4D32065F-6130-408C-910F-37004A484FFD.png",
      "imageBottom": "https://ecsiondevstorage.blob.core.windows.net/wedding-storage/BF68DE3F-D445-4542-B0F0-ECAEBFE1160B.png",
      "bgImage": "https://ecsiondevstorage.blob.core.windows.net/wedding-storage/ECC0628C-6673-484E-9FEC-1FD31AD8DD9E.png",
      "bgResponsiveImage": "https://ecsiondevstorage.blob.core.windows.net/wedding-storage/EE25B89B-ABF2-47D8-B51F-2ACF3D7C9550.png"
    },
    {
      "primaryColor": "#FFFFFF",
      "secondaryColor": "#333333",
      "bodyColor": "#552232",
      "textColor": "#FFFFFF",
      "actionColor": "#E94444",
      "successColor": "#38cc31",
      "borderGray": "#ccc",
      "primaryFont": "winlove",
      "secondaryFont": "georgia",
      "bodyRegularFont": "Poppins-Regular",
      "bodyMediumFont": "Poppins-Medium",
      "bodyBoldFont": "georgia",
      "headingFont": "BonheurRoyale-Regular",
      "imageTop": "https://ecsiondevstorage.blob.core.windows.net/wedding-storage/4D32065F-6130-408C-910F-37004A484FFD.png",
      "imageBottom": "https://ecsiondevstorage.blob.core.windows.net/wedding-storage/BF68DE3F-D445-4542-B0F0-ECAEBFE1160B.png",
      "bgImage": "https://ecsiondevstorage.blob.core.windows.net/wedding-storage/ECC0628C-6673-484E-9FEC-1FD31AD8DD9E.png",
      "bgResponsiveImage": "https://ecsiondevstorage.blob.core.windows.net/wedding-storage/EE25B89B-ABF2-47D8-B51F-2ACF3D7C9550.png"
    }
  ]
  