[
    {
      "primaryColor": "#000000",
      "secondaryColor": "#91593B",
      "bodyColor": "#FFFFFF",
      "textColor": "#000000",
      "actionColor": "#E94444",
      "successColor": "#38cc31",
      "borderGray": "#ccc",
      "primaryFont": "Playfair Display",
      "secondaryFont": "Montserrat",
      "tertiaryFont": "Alex Brush",
      "bodyRegularFont": "Poppins-Regular",
      "bodyMediumFont": "Poppins-Medium",
      "bodyBoldFont": "Montserrat",
      "headingFont": "BonheurRoyale-Regular",
      "bgImage": "https://ecsiondevstorage.blob.core.windows.net/wedding-storage/A731F012-BB3C-4E12-8120-A31EA9201DAE.png",
      "bgResponsiveImage": "https://ecsiondevstorage.blob.core.windows.net/wedding-storage/A731F012-BB3C-4E12-8120-A31EA9201DAE.png"
    },

    {
      "primaryColor": "#000000",
      "secondaryColor": "#91593B",
      "bodyColor": "#FFFCEC",
      "textColor": "#000000",
      "actionColor": "#E94444",
      "successColor": "#38cc31",
      "borderGray": "#ccc",
      "primaryFont": "Playfair Display",
      "secondaryFont": "Montserrat",
      "tertiaryFont": "Alex Brush",
      "bodyRegularFont": "Poppins-Regular",
      "bodyMediumFont": "Poppins-Medium",
      "bodyBoldFont": "Montserrat",
      "headingFont": "BonheurRoyale-Regular",
      "bgImage": "https://ecsiondevstorage.blob.core.windows.net/wedding-storage/A731F012-BB3C-4E12-8120-A31EA9201DAE.png",
      "bgResponsiveImage": "https://ecsiondevstorage.blob.core.windows.net/wedding-storage/A731F012-BB3C-4E12-8120-A31EA9201DAE.png"
    },
    {
      "primaryColor": "#000000",
      "secondaryColor": "#91593B",
      "bodyColor": "#FBEFEF",
      "textColor": "#000000",
      "actionColor": "#E94444",
      "successColor": "#38cc31",
      "borderGray": "#ccc",
      "primaryFont": "Playfair Display",
      "secondaryFont": "Montserrat",
      "tertiaryFont": "Alex Brush",
      "bodyRegularFont": "Poppins-Regular",
      "bodyMediumFont": "Poppins-Medium",
      "bodyBoldFont": "Montserrat",
      "headingFont": "BonheurRoyale-Regular",
      "bgImage": "https://ecsiondevstorage.blob.core.windows.net/wedding-storage/A731F012-BB3C-4E12-8120-A31EA9201DAE.png",
      "bgResponsiveImage": "https://ecsiondevstorage.blob.core.windows.net/wedding-storage/A731F012-BB3C-4E12-8120-A31EA9201DAE.png"
    },
    {
      "primaryColor": "#FFFFFF",
      "secondaryColor": "#91593B",
      "bodyColor": "#3E0000",
      "textColor": "#FFFFFF",
      "actionColor": "#E94444",
      "successColor": "#38cc31",
      "borderGray": "#ccc",
      "primaryFont": "Playfair Display",
      "secondaryFont": "Montserrat",
      "tertiaryFont": "Alex Brush",
      "bodyRegularFont": "Poppins-Regular",
      "bodyMediumFont": "Poppins-Medium",
      "bodyBoldFont": "Montserrat",
      "headingFont": "BonheurRoyale-Regular",
      "bgImage": "https://ecsiondevstorage.blob.core.windows.net/wedding-storage/A731F012-BB3C-4E12-8120-A31EA9201DAE.png",
      "bgResponsiveImage": "https://ecsiondevstorage.blob.core.windows.net/wedding-storage/A731F012-BB3C-4E12-8120-A31EA9201DAE.png"
    },
    {
      "primaryColor": "#FFFFFF",
      "secondaryColor": "#91593B",
      "bodyColor": "#002028",
      "textColor": "#FFFFFF",
      "actionColor": "#E94444",
      "successColor": "#38cc31",
      "borderGray": "#ccc",
      "primaryFont": "Playfair Display",
      "secondaryFont": "Montserrat",
      "tertiaryFont": "Alex Brush",
      "bodyRegularFont": "Poppins-Regular",
      "bodyMediumFont": "Poppins-Medium",
      "bodyBoldFont": "Montserrat",
      "headingFont": "BonheurRoyale-Regular",
      "bgImage": "https://ecsiondevstorage.blob.core.windows.net/wedding-storage/A731F012-BB3C-4E12-8120-A31EA9201DAE.png",
      "bgResponsiveImage": "https://ecsiondevstorage.blob.core.windows.net/wedding-storage/A731F012-BB3C-4E12-8120-A31EA9201DAE.png"
    }
  ]
  