{
    "your-name": "YAMI",
    "partner-name": "Chirag",
    "your-parent-name": "  (D/O Smt. Shashikala & Shri Shankar Pandey)",
    "partner-parent-name": "(S/O Smt. Sheetal & Shri Mohan Sharma)",
    "invitation-full-date": "",
    "invitation-time": "From 4:00 pm onwards",
    "invitation-address": "The White Hall Kamptee Rd Bank Colony Nagpur",
    "couple-img1": "",
    "couple-img2": "",
    "couple-img3": "",
    "invitation-description": "Request your gracious presence at the Wedding of their daughter",
    "invitation-date": "01",
    "invitation-month": "",
    "invitation-month-text": "February",
    "invitation-year": "2024",
    "following-party": "Following the party",
    "invitation-full-date-text":"",
    "invitation-week-day": "Saturday",
     "yourInitial": "",
     "partnerInitial": ""
  }