[
  {
    "primaryColor": "#00ffff00",
    "secondaryColor": "#91593B",
    "bodyColor": "#00ffff00",
    "textColor": "#000000",
    "actionColor": "#E94444",
    "successColor": "#38cc31",
    "borderGray": "#ccc",
    "primaryFont": "Playfair Display",
    "secondaryFont": "Montserrat",
    "bodyRegularFont": "Poppins-Regular",
    "bodyMediumFont": "Poppins-Medium",
    "bodyBoldFont": "Montserrat",
    "headingFont": "BonheurRoyale-Regular",
    "bgImage": "https://ecsiondevstorage.blob.core.windows.net/wedding-storage/F366A2FE-F231-46D0-A058-306B73ECF194.png",
    "bgResponsiveImage": "https://ecsiondevstorage.blob.core.windows.net/wedding-storage/F366A2FE-F231-46D0-A058-306B73ECF194.png"
  },
  {
    "primaryColor": "#000000",
    "secondaryColor": "#91593B",
    "bodyColor": "#FFFCEC",
    "textColor": "#000000",
    "actionColor": "#E94444",
    "successColor": "#38cc31",
    "borderGray": "#ccc",
    "primaryFont": "Playfair Display",
    "secondaryFont": "Montserrat",
    "bodyRegularFont": "Poppins-Regular",
    "bodyMediumFont": "Poppins-Medium",
    "bodyBoldFont": "Montserrat",
    "headingFont": "BonheurRoyale-Regular",
    "bgImage": "https://ecsiondevstorage.blob.core.windows.net/wedding-storage/F366A2FE-F231-46D0-A058-306B73ECF194.png",
    "bgResponsiveImage": "https://ecsiondevstorage.blob.core.windows.net/wedding-storage/F366A2FE-F231-46D0-A058-306B73ECF194.png"
  },
  {
    "primaryColor": "#000000",
    "secondaryColor": "#91593B",
    "bodyColor": "#FBEFEF",
    "textColor": "#000000",
    "actionColor": "#E94444",
    "successColor": "#38cc31",
    "borderGray": "#ccc",
    "primaryFont": "Playfair Display",
    "secondaryFont": "Montserrat",
    "bodyRegularFont": "Poppins-Regular",
    "bodyMediumFont": "Poppins-Medium",
    "bodyBoldFont": "Montserrat",
    "headingFont": "BonheurRoyale-Regular",
    "bgImage": "https://ecsiondevstorage.blob.core.windows.net/wedding-storage/F366A2FE-F231-46D0-A058-306B73ECF194.png",
    "bgResponsiveImage": "https://ecsiondevstorage.blob.core.windows.net/wedding-storage/F366A2FE-F231-46D0-A058-306B73ECF194.png"
  },
  {
    "primaryColor": "#FFFFFF",
    "secondaryColor": "#91593B",
    "bodyColor": "#3E0000",
    "textColor": "#FFFFFF",
    "actionColor": "#E94444",
    "successColor": "#38cc31",
    "borderGray": "#ccc",
    "primaryFont": "Playfair Display",
    "secondaryFont": "Montserrat",
    "bodyRegularFont": "Poppins-Regular",
    "bodyMediumFont": "Poppins-Medium",
    "bodyBoldFont": "Montserrat",
    "headingFont": "BonheurRoyale-Regular",
    "bgImage": "https://ecsiondevstorage.blob.core.windows.net/wedding-storage/F366A2FE-F231-46D0-A058-306B73ECF194.png",
    "bgResponsiveImage": "https://ecsiondevstorage.blob.core.windows.net/wedding-storage/F366A2FE-F231-46D0-A058-306B73ECF194.png"
  },
  {
    "primaryColor": "#FFFFFF",
    "secondaryColor": "#91593B",
    "bodyColor": "#002028",
    "textColor": "#FFFFFF",
    "actionColor": "#E94444",
    "successColor": "#38cc31",
    "borderGray": "#ccc",
    "primaryFont": "Playfair Display",
    "secondaryFont": "Montserrat",
    "bodyRegularFont": "Poppins-Regular",
    "bodyMediumFont": "Poppins-Medium",
    "bodyBoldFont": "Montserrat",
    "headingFont": "BonheurRoyale-Regular",
    "bgImage": "https://ecsiondevstorage.blob.core.windows.net/wedding-storage/F366A2FE-F231-46D0-A058-306B73ECF194.png",
    "bgResponsiveImage": "https://ecsiondevstorage.blob.core.windows.net/wedding-storage/F366A2FE-F231-46D0-A058-306B73ECF194.png"
  },
]