  {
      "invitation-title": "",
      "your-name": "AMISHA",
      "partner-name": "SAHIL",
      "your-parent-name": "",
      "partner-parent-name": "",
      "invitation-full-date": "",
      "invitation-time": "",
      "invitation-venue":"",
      "invitation-address": "",
      "couple-img1": "",
      "couple-img2": "",
      "couple-img3": "",
      "invitation-description": "FOR THE WEDDING OF",
      "invitation-message": "",
      "invitation-date": "8",
      "invitation-month": "",
      "invitation-month-text": "JULY",
      "invitation-year": "2026",
      "following-party": "FORMAL INVITATION TO FOLLOW",
      "invitation-full-date-text": "",
      "invitation-week-day": "SATURDAY",
      "yourInitial": "",
      "partnerInitial": ""
    }