[

    {
        "primaryColor": "#1E5509",
        "secondaryColor": "#333333",
        "bodyColor": "#FFF3E8",
        "textColor": "#1E5509",
        "actionColor": "#E94444",
        "successColor": "#38cc31",
        "borderGray": "#ccc",
        "primaryFont": "georgia",
        "secondaryFont": "georgia",
        "bodyRegularFont": "Poppins-Regular",
        "bodyMediumFont": "Poppins-Medium",
        "bodyBoldFont": "georgia",
        "tertiaryFont": "abrilfatfaceRegular",
        "headingFont": "BonheurRoyale-Regular",
        "bgImage": "https://ecsiondevstorage.blob.core.windows.net/wedding-storage/8D3A0845-5F6B-4B85-9210-8D399F60E223.svg",
        "bgResponsiveImage": "https://ecsiondevstorage.blob.core.windows.net/wedding-storage/CA716973-8D84-48FF-A91A-A7E110F2C0D0.png"
        }
    
      
    ]