{
    "invitation-title": "TOGETHER WITH THEIR FAMILIES",
    "your-name": "AMISHA",
    "partner-name": "SAHIL",
    "your-parent-name": "",
    "partner-parent-name": "",
    "invitation-full-date": "JUNE 8,2026",
    "invitation-time": "AT 11:00 AM",
    "invitation-venue":"RAMEE GRAND HOTEL",
    "invitation-address": "APTE ROAD SHIVAJINAGAR PUNE",
    "couple-img1": "",
    "couple-img2": "",
    "couple-img3": "",
    "invitation-description": "INVITE YOU TO CELEBRATE THEIR MARRIAGE",
    "invitation-message": "",
    "invitation-date": "",
    "invitation-month": "",
    "invitation-month-text": "",
    "invitation-year": "",
    "following-party": "",
    "invitation-full-date-text": "",
    "invitation-week-day": "",
    "yourInitial": "",
    "partnerInitial": ""
  }