[

    {
        "primaryColor": "#1E5509",
        "secondaryColor": "#333333",
        "bodyColor": "#FFF3E8",
        "textColor": "#1E5509",
        "actionColor": "#E94444",
        "successColor": "#38cc31",
        "borderGray": "#ccc",
        "primaryFont": "italiannoRegular",
        "secondaryFont": "georgia",
        "bodyRegularFont": "Poppins-Regular",
        "bodyMediumFont": "Poppins-Medium",
        "bodyBoldFont": "georgia",
        "tertiaryFont": "abrilfatfaceRegular",
        "headingFont": "BonheurRoyale-Regular",
        "bgImage": "https://ecsiondevstorage.blob.core.windows.net/wedding-storage/EAB88547-2FC6-4E1C-83B8-192490026F93.svg",
        "bgResponsiveImage": "https://ecsiondevstorage.blob.core.windows.net/wedding-storage/908E4E16-C30B-4444-8A57-36A31196158C.png"
        }
    
      
    ]