{
    "invitation-title": "",
    "your-name": "JANHVI",
    "partner-name": "TUSHAR",
    "your-parent-name": "",
    "partner-parent-name": "",
    "invitation-full-date": "",
    "invitation-time": "",
    "invitation-venue":"",
    "invitation-address": "",
    "couple-img1": "",
    "couple-img2": "",
    "couple-img3": "",
    "invitation-description": "",
    "invitation-message": "",
    "invitation-date": "24TH",
    "invitation-month": "",
    "invitation-month-text": "JUNE",
    "invitation-year": "2026",
    "following-party": "",
    "invitation-full-date-text": "",
    "invitation-week-day": "ON MONDAY",
    "yourInitial": "",
    "partnerInitial": ""
  }