        [

            {
                "primaryColor": "#0E2F24",
                "secondaryColor": "#333333",
                "bodyColor": "#FFF3E8",
                "textColor": "#0E2F24",
                "actionColor": "#E94444",
                "successColor": "#38cc31",
                "borderGray": "#ccc",
                "primaryFont": "georgia",
                "secondaryFont": "georgia",
                "bodyRegularFont": "Poppins-Regular",
                "bodyMediumFont": "Poppins-Medium",
                "bodyBoldFont": "georgia",
                "tertiaryFont": "georgiab",
                "headingFont": "BonheurRoyale-Regular",
                "bgImage": "https://ecsiondevstorage.blob.core.windows.net/wedding-storage/BD3AA298-D44D-4E8F-A3F3-500BFF6B8D9D.svg",
                "bgResponsiveImage": "https://ecsiondevstorage.blob.core.windows.net/wedding-storage/645B3B63-FCF7-4644-8A8A-F666147A128D.png"
                }
            ]