{
    "invitation-title": "RASHMI & DHIRAJ SONI",
    "your-name": "JANHVI",
    "partner-name": "TUSHAR",
    "your-parent-name": "(GD/O SMT. SANTOSH & SH. RAM KISHORE SONI)",
    "partner-parent-name": "(S/O MEENAKSHI & ANIL VERMA GS/O SH. K.C. VERMA & LATE SMT. PUSHPA VERMA)",
    "invitation-full-date": "22 AUG 2026",
    "invitation-time": "12:30 PM",
    "invitation-venue":"OXFORD GOLF RESORT",
    "invitation-address": "BAVDHAN, LAVALE, PUNE",
    "couple-img1": "",
    "couple-img2": "",
    "couple-img3": "",
    "invitation-description": "REQUEST THE HONOUR OF YOUR PRESENCE ON THE AUSPICIOUS OCCASION OF THE WEDDING OF THEIR DAUGHTER",
    "invitation-message": "",
    "invitation-date": "",
    "invitation-month": "", 
    "invitation-month-text": "",
    "invitation-year": "",
    "following-party": "",
    "invitation-full-date-text": "",
    "invitation-week-day": "MONDAY",
    "yourInitial": "",
    "partnerInitial": ""
  }