[

    {
        "primaryColor": "#AC8548",
        "secondaryColor": "#333333",
        "bodyColor": "#FFF3E8",
        "textColor": "#AC8548",
        "actionColor": "#E94444",
        "successColor": "#38cc31",
        "borderGray": "#ccc",
        "primaryFont": "blinkaScript",
        "secondaryFont": "Playfair Display",
        "bodyRegularFont": "Poppins-Regular",
        "bodyMediumFont": "Poppins-Medium",
        "bodyBoldFont": "georgia",
        "tertiaryFont": "abrilfatfaceRegular",
        "headingFont": "BonheurRoyale-Regular",
        "bgImage": "https://ecsiondevstorage.blob.core.windows.net/wedding-storage/B967A81F-A0EA-475E-995C-BBB02DF1EBB6.svg",
        "bgResponsiveImage": "https://ecsiondevstorage.blob.core.windows.net/wedding-storage/C41009CE-4587-444B-929B-6C68B8EB1762.png"
        }
    
      
    ]