  {
      "invitation-title": "",
      "your-name": "KHUSHI",
      "partner-name": "AYANSH",
      "your-parent-name": "",
      "partner-parent-name": "",
      "invitation-full-date": "14-16 MAY 2026",
      "invitation-time": "",
      "invitation-venue":"",
      "invitation-address": "",
      "couple-img1": "",
      "couple-img2": "",
      "couple-img3": "",
      "invitation-description": "",
      "invitation-message": "",
      "invitation-date": "",
      "invitation-month": "",
      "invitation-month-text": "",
      "invitation-year": "",
      "following-party": "",
      "invitation-full-date-text": "",
      "invitation-week-day": "",
      "yourInitial": "",
      "partnerInitial": ""
    }