[

    {
        "primaryColor": "#AC8548",
        "secondaryColor": "#333333",
        "bodyColor": "#FFF3E8",
        "textColor": "#AC8548",
        "actionColor": "#E94444",
        "successColor": "#38cc31",
        "borderGray": "#ccc",
        "primaryFont": "blinkaScript",
        "secondaryFont": "Playfair Display",
        "bodyRegularFont": "Poppins-Regular",
        "bodyMediumFont": "Poppins-Medium",
        "bodyBoldFont": "georgia",
        "tertiaryFont": "abrilfatfaceRegular",
        "headingFont": "BonheurRoyale-Regular",
        "bgImage": "https://ecsiondevstorage.blob.core.windows.net/wedding-storage/CF436D87-D221-4DE8-9AF0-A658060B466D.svg",
        "bgResponsiveImage": "https://ecsiondevstorage.blob.core.windows.net/wedding-storage/3CE21419-A3C3-4723-A0A7-3D65DD1C7E21.png"
        }
    
      
    ]