{
    "invitation-title": "",
    "your-name": "HARSHA",
    "partner-name": "DEVAN",
    "your-parent-name": "",
    "partner-parent-name": "",
    "invitation-full-date": "",
    "invitation-time": "AT 5 PM",
    "invitation-venue":"",
    "invitation-address": "HYDERABAD, TELANGANA",
    "couple-img1": "",
    "couple-img2": "",
    "couple-img3": "",
    "invitation-description": "FOR THE WEDDING OF",
    "invitation-message": "",
    "invitation-date": "21",
    "invitation-month": "",
    "invitation-month-text": "JUNE",
    "invitation-year": "2026",
    "following-party": "",
    "invitation-full-date-text": "",
    "invitation-week-day": "SUNDAY",
    "yourInitial": "",
    "partnerInitial": ""
  }