[

    {
        "primaryColor": "#FFC43A",
        "secondaryColor": "#333333",
        "bodyColor": "#FFF3E8",
        "textColor": "#060606",
        "actionColor": "#E94444",
        "successColor": "#38cc31",
        "borderGray": "#ccc",
        "primaryFont": "Lackus",
        "secondaryFont": "Open Sans",
        "bodyRegularFont": "Poppins-Regular",
        "bodyMediumFont": "Poppins-Medium",
        "bodyBoldFont": "georgia",
        "tertiaryFont": "abrilfatfaceRegular",
        "headingFont": "BonheurRoyale-Regular",
        "bgImage": "https://ecsiondevstorage.blob.core.windows.net/wedding-storage/EFE76A5F-6B75-4A56-A827-0CDCB4FDE1F0.png",
        "bgResponsiveImage": "https://ecsiondevstorage.blob.core.windows.net/wedding-storage/109FA75A-6836-488A-A279-44C154D2237F.png"
        }
    
      
    ]