{
    "invitation-title": "TOGETHER WITH THEIR FAMILIES",
    "your-name": "Harsha",
    "partner-name": "Devan",
    "your-parent-name": "",
    "partner-parent-name": "",
    "invitation-full-date": "",
    "invitation-time": "",
    "invitation-venue":"TAJ FALAKNUMA PALACE",
    "invitation-address": "ENGINE BOWLI, FALAKNUMA, HYDERABAD, TELANGANA",
    "couple-img1": "",
    "couple-img2": "",
    "couple-img3": "",
    "invitation-description": "WE INVITE YOU TO JOIN OUR WEDDING ",
    "invitation-message": "",
    "invitation-date": "21",
    "invitation-month": "",
    "invitation-month-text": "JUNE",
    "invitation-year": "2027",
    "following-party": "",
    "invitation-full-date-text": "",
    "invitation-week-day": "SUN",
    "yourInitial": "",
    "partnerInitial": ""
  }