        [

            {
                "primaryColor": "#FFC43A",
                "secondaryColor": "#333333",
                "bodyColor": "#FFF3E8",
                "textColor": "#474747",
                "actionColor": "#E94444",
                "successColor": "#38cc31",
                "borderGray": "#ccc",
                "primaryFont": "Lackus",
                "secondaryFont": "Open Sans",
                "bodyRegularFont": "Poppins-Regular",
                "bodyMediumFont": "Poppins-Medium",
                "bodyBoldFont": "georgia",
                "tertiaryFont": "abrilfatfaceRegular",
                "headingFont": "BonheurRoyale-Regular",
                "bgImage": "https://ecsiondevstorage.blob.core.windows.net/wedding-storage/2C591E3E-54A3-4DA6-A17E-6A35CFA7BC43.png",
                "bgResponsiveImage": "https://ecsiondevstorage.blob.core.windows.net/wedding-storage/3BC9C6A2-2BDF-473E-9CDA-33900F6F396C.png"
                }
            ]