[

  {
      "primaryColor": "#C0AE72",
      "secondaryColor": "#333333",
      "bodyColor": "#FFF3E8",
      "textColor": "#000000",
      "actionColor": "#E94444",
      "successColor": "#38cc31",
      "borderGray": "#ccc",
      "primaryFont": "beautifulPeoplepersonal",
      "secondaryFont": "georgia",
      "bodyRegularFont": "Poppins-Regular",
      "bodyMediumFont": "Poppins-Medium",
      "bodyBoldFont": "georgia",
      "tertiaryFont": "abrilfatfaceRegular",
      "headingFont": "BonheurRoyale-Regular",
      "bgImage": "https://ecsiondevstorage.blob.core.windows.net/wedding-storage/E03F4231-9933-47A0-B9CF-5A1A804A7771.svg",
      "bgResponsiveImage": "https://ecsiondevstorage.blob.core.windows.net/wedding-storage/2F07E7D4-A5C6-4890-A9DE-6F515DB45A55.png"
      }
  ]