[

    {
        "primaryColor": "#C84B62",
        "secondaryColor": "#333333",
        "bodyColor": "#FFF3E8",
        "textColor": "#C84B62",
        "actionColor": "#E94444",
        "successColor": "#38cc31",
        "borderGray": "#ccc",
        "primaryFont": "beautifulPeoplepersonal",
        "secondaryFont": "georgia",
        "bodyRegularFont": "Poppins-Regular",
        "bodyMediumFont": "Poppins-Medium",
        "bodyBoldFont": "georgia",
        "tertiaryFont": "abrilfatfaceRegular",
        "headingFont": "BonheurRoyale-Regular",
        "bgImage": "https://ecsiondevstorage.blob.core.windows.net/wedding-storage/4958655F-C0B4-488A-B783-B85EAEA91228.svg",
        "bgResponsiveImage": "https://ecsiondevstorage.blob.core.windows.net/wedding-storage/2F07E7D4-A5C6-4890-A9DE-6F515DB45A55.png"
        }
    ]