{
  "invitation-title": " ",
  "your-name": "Hina",
  "partner-name": "Sasmson",
  "your-parent-name": "",
  "partner-parent-name": "",
  "invitation-full-date": "",
  "invitation-time": "",
  "invitation-venue":"",
  "invitation-address": "",
  "couple-img1": "",
  "couple-img2": "",
  "couple-img3": "",
  "invitation-description": "",
  "invitation-message": "",
  "invitation-date": "29",
  "invitation-month": "07",
  "invitation-month-text": "",
  "invitation-year": "2026",
  "following-party": "",
  "invitation-full-date-text": "",
  "invitation-week-day": "",
  "yourInitial": "",
  "partnerInitial": ""
}