[

    {
        "primaryColor": "#000000",
        "secondaryColor": "#333333",
        "bodyColor": "#FFF3E8",
        "textColor": "#000000",
        "actionColor": "#E94444",
        "successColor": "#38cc31",
        "borderGray": "#ccc",
        "primaryFont": "beautifulPeoplepersonal",
        "secondaryFont": "georgia",
        "bodyRegularFont": "Poppins-Regular",
        "bodyMediumFont": "Poppins-Medium",
        "bodyBoldFont": "georgia",
        "tertiaryFont": "abrilfatfaceRegular",
        "headingFont": "BonheurRoyale-Regular",
        "bgImage": "https://ecsiondevstorage.blob.core.windows.net/wedding-storage/06A98361-3252-44B7-97AD-3F4A930AB919.svg",
        "bgResponsiveImage": "https://ecsiondevstorage.blob.core.windows.net/wedding-storage/A944C839-01B3-4CA1-9A8C-D351271AC4DA.png"
        }
    ]