{
    "invitation-title": "TOGETHER WITH THEIR FAMILIES",
    "your-name": "Ojas",
    "partner-name": "Hina",
    "your-parent-name": "",
    "partner-parent-name": "",
    "invitation-full-date": "",
    "invitation-time": "AT 5 PM",
    "invitation-venue":"TULIP BANQUET HALL",
    "invitation-address": "GOVINDJI KENI MARG, NAIGAON, DADAR, MUMBAI",
    "couple-img1": "",
    "couple-img2": "",
    "couple-img3": "",
    "invitation-description": "INVITE YOU TO CELEBRATE THEIR MARRIAGE",
    "invitation-message": "",
    "invitation-date": "28",
    "invitation-month": "",
    "invitation-month-text": "JULY",
    "invitation-year": "2026",
    "following-party": "",
    "invitation-full-date-text": "",
    "invitation-week-day": "SUNDAY",
    "yourInitial": "",
    "partnerInitial": ""
  }