{
  "invitation-title": "Save The Date",
  "your-name": "Sarika",
  "partner-name": "Sagar",
  "invitation-full-date": "18 March 2024",
  "invitation-time": "From 4:00pm Saturday onwards",
  "invitation-venue": "TULI IMPERIAL",
  "invitation-address": "Central Bazar Road New Ramdaspeth Ramdaspeth Nagpur",
  "couple-img1": "",
  "couple-img2": "",
  "couple-img3": "",
  "invitation-description": "Request your grorious presence at the Wedding of there daugher",
  "invitation-message": "",
  "invitation-date": "",
  "invitation-month": "",
  "invitation-month-text": " ",
  "invitation-year": "",
  "following-party": "Reception to follow",
  "invitation-full-date-text": "",
  "invitation-week-day": "",
  "yourInitial": "",
  "partnerInitial": ""
}