[
  {
    "primaryColor": "#FFFFFF",
    "secondaryColor": "#333333",
    "bodyColor": "#0D0105",
    "textColor": "#FFFFFF",
    "actionColor": "#E94444",
    "successColor": "#38cc31",
    "borderGray": "#ccc",
    "primaryFont": "winlove",
    "secondaryFont": "Montserrat  ",
    "bodyRegularFont": "Poppins-Regular",
    "bodyMediumFont": "Poppins-Medium",
    "bodyBoldFont": "georgia",
    "tertiaryFont": "Open Sans",
    "headingFont": "BonheurRoyale-Regular",
    "bgImage": "https://ecsiondevstorage.blob.core.windows.net/wedding-storage/6596F964-FC44-4308-9FB2-C891D02C69B8.png",
    "bgResponsiveImage": "https://ecsiondevstorage.blob.core.windows.net/wedding-storage/4079889A-7241-49C0-A20B-CA6C82CF241C.png"
  },
  {
    "primaryColor": "#FFFFFF",
    "secondaryColor": "#333333",
    "bodyColor": "#790823",
    "textColor": "#FFFFFF",
    "actionColor": "#E94444",
    "successColor": "#38cc31",
    "borderGray": "#ccc",
    "primaryFont": "winlove",
    "secondaryFont": "Montserrat  ",
    "bodyRegularFont": "Poppins-Regular",
    "bodyMediumFont": "Poppins-Medium",
    "bodyBoldFont": "georgia",
    "tertiaryFont": "Open Sans",
    "headingFont": "BonheurRoyale-Regular",
    "bgImage": "https://ecsiondevstorage.blob.core.windows.net/wedding-storage/6596F964-FC44-4308-9FB2-C891D02C69B8.png",
    "bgResponsiveImage": "https://ecsiondevstorage.blob.core.windows.net/wedding-storage/4079889A-7241-49C0-A20B-CA6C82CF241C.png"
  },
  {
    "primaryColor": "#FFFFFF",
    "secondaryColor": "#333333",
    "bodyColor": "#5F2507",
    "textColor": "#FFFFFF",
    "actionColor": "#E94444",
    "successColor": "#38cc31",
    "borderGray": "#ccc",
    "primaryFont": "winlove",
    "secondaryFont": "Montserrat  ",
    "bodyRegularFont": "Poppins-Regular",
    "bodyMediumFont": "Poppins-Medium",
    "bodyBoldFont": "georgia",
    "tertiaryFont": "Open Sans",
    "headingFont": "BonheurRoyale-Regular",
    "bgImage": "https://ecsiondevstorage.blob.core.windows.net/wedding-storage/6596F964-FC44-4308-9FB2-C891D02C69B8.png",
    "bgResponsiveImage": "https://ecsiondevstorage.blob.core.windows.net/wedding-storage/4079889A-7241-49C0-A20B-CA6C82CF241C.png"
  },
  {
    "primaryColor": "#000000",
    "secondaryColor": "#333333",
    "bodyColor": "#FADEFF",
    "textColor": "#000000",
    "actionColor": "#E94444",
    "successColor": "#38cc31",
    "borderGray": "#ccc",
    "primaryFont": "winlove",
    "secondaryFont": "Montserrat  ",
    "bodyRegularFont": "Poppins-Regular",
    "bodyMediumFont": "Poppins-Medium",
    "bodyBoldFont": "georgia",
    "tertiaryFont": "Open Sans",
    "headingFont": "BonheurRoyale-Regular",
    "bgImage": "https://ecsiondevstorage.blob.core.windows.net/wedding-storage/6596F964-FC44-4308-9FB2-C891D02C69B8.png",
    "bgResponsiveImage": "https://ecsiondevstorage.blob.core.windows.net/wedding-storage/4079889A-7241-49C0-A20B-CA6C82CF241C.png"
  }
]