[
  {
    "primaryColor": "#fff",
    "secondaryColor": "#333333",
    "bodyColor": "#112B40",
    "textColor": "#FF8224",
    "actionColor": "#E94444",
    "successColor": "#38cc31",
    "borderGray": "#ccc",
    "primaryFont": "laurentine",
    "secondaryFont": "Playfair",
    "bodyRegularFont": "Montserrat",
    "bodyMediumFont": "Poppins-Medium",
    "bodyBoldFont": "georgia",
    "headingFont": "BonheurRoyale-Regular",
    "imageTop": "https://ecsiondevstorage.blob.core.windows.net/wedding-storage/ADAB21A3-1B52-4520-9A9C-D3FA20F1367C.png",
    "imageBottom": "https://ecsiondevstorage.blob.core.windows.net/wedding-storage/0C7D8D16-696A-45DA-B85E-BB6CD10D4985.png",
    "bgImage": "https://ecsiondevstorage.blob.core.windows.net/wedding-storage/55766FE0-2957-41EA-85F5-4F424F46F0C3.png",
    "bgResponsiveImage": "https://ecsiondevstorage.blob.core.windows.net/wedding-storage/48408114-EB51-4213-9AAB-7936D50AFE97.png"
  },
  {
    "primaryColor": "#FFFFFF",
    "secondaryColor": "#333333",
    "bodyColor": "#344012",
    "textColor": "#FF8224",
    "actionColor": "#E94444",
    "successColor": "#38cc31",
    "borderGray": "#ccc",
    "primaryFont": "laurentine",
    "secondaryFont": "Playfair",
    "bodyRegularFont": "Montserrat",
    "bodyMediumFont": "Poppins-Medium",
    "bodyBoldFont": "georgia",
    "headingFont": "BonheurRoyale-Regular",
    "imageTop": "https://ecsiondevstorage.blob.core.windows.net/wedding-storage/ADAB21A3-1B52-4520-9A9C-D3FA20F1367C.png",
    "imageBottom": "https://ecsiondevstorage.blob.core.windows.net/wedding-storage/0C7D8D16-696A-45DA-B85E-BB6CD10D4985.png",
    "bgImage": "https://ecsiondevstorage.blob.core.windows.net/wedding-storage/55766FE0-2957-41EA-85F5-4F424F46F0C3.png",
    "bgResponsiveImage": "https://ecsiondevstorage.blob.core.windows.net/wedding-storage/48408114-EB51-4213-9AAB-7936D50AFE97.png"
  },
  {
    "primaryColor": "#000000",
    "secondaryColor": "#333333",
    "bodyColor": "#FFEDED",
    "textColor": "#000000",
    "actionColor": "#E94444",
    "successColor": "#38cc31",
    "borderGray": "#ccc",
    "primaryFont": "laurentine",
    "secondaryFont": "Playfair",
    "bodyRegularFont": "Montserrat",
    "bodyMediumFont": "Poppins-Medium",
    "bodyBoldFont": "georgia",
    "headingFont": "BonheurRoyale-Regular",
    "imageTop": "https://ecsiondevstorage.blob.core.windows.net/wedding-storage/ADAB21A3-1B52-4520-9A9C-D3FA20F1367C.png",
    "imageBottom": "https://ecsiondevstorage.blob.core.windows.net/wedding-storage/0C7D8D16-696A-45DA-B85E-BB6CD10D4985.png",
    "bgImage": "https://ecsiondevstorage.blob.core.windows.net/wedding-storage/55766FE0-2957-41EA-85F5-4F424F46F0C3.png",
    "bgResponsiveImage": "https://ecsiondevstorage.blob.core.windows.net/wedding-storage/48408114-EB51-4213-9AAB-7936D50AFE97.png"
  },
  {
    "primaryColor": "#000000",
    "secondaryColor": "#333333",
    "bodyColor": "#FFFFFF",
    "textColor": "#000000",
    "actionColor": "#E94444",
    "successColor": "#38cc31",
    "borderGray": "#ccc",
    "primaryFont": "laurentine",
    "secondaryFont": "Playfair",
    "bodyRegularFont": "Montserrat",
    "bodyMediumFont": "Poppins-Medium",
    "bodyBoldFont": "georgia",
    "headingFont": "BonheurRoyale-Regular",
    "imageTop": "https://ecsiondevstorage.blob.core.windows.net/wedding-storage/ADAB21A3-1B52-4520-9A9C-D3FA20F1367C.png",
    "imageBottom": "https://ecsiondevstorage.blob.core.windows.net/wedding-storage/0C7D8D16-696A-45DA-B85E-BB6CD10D4985.png",
    "bgImage": "https://ecsiondevstorage.blob.core.windows.net/wedding-storage/55766FE0-2957-41EA-85F5-4F424F46F0C3.png",
    "bgResponsiveImage": "https://ecsiondevstorage.blob.core.windows.net/wedding-storage/48408114-EB51-4213-9AAB-7936D50AFE97.png"
  }
]
