[

    {
        "primaryColor": "#5B2E6C",
        "secondaryColor": "#333333",
        "bodyColor": "#FFF3E8",
        "textColor": "#5B2E6C",
        "actionColor": "#E94444",
        "successColor": "#38cc31",
        "borderGray": "#ccc",
        "primaryFont": "Sholaria",
        "secondaryFont": "Poppins",
        "bodyRegularFont": "Poppins-Regular",
        "bodyMediumFont": "Poppins-Medium",
        "bodyBoldFont": "georgia",
        "tertiaryFont": "Great Vibes",
        "headingFont": "BonheurRoyale-Regular",
        "bgImage": "https://ecsiondevstorage.blob.core.windows.net/wedding-storage/593F88EE-8D82-450E-B74A-D9FFCD0D1509.png",
        "bgResponsiveImage": "https://ecsiondevstorage.blob.core.windows.net/wedding-storage/0EE9E9DC-2A2B-4551-9D42-740164A348F5.png"
        }
    ]