{
    "invitation-title": "Save The Date",
    "your-name": "Vaishali",
    "partner-name": "Jitesh",
    "your-parent-name": "",
    "partner-parent-name": "",
    "invitation-full-date": "23 August 2027",
    "invitation-time": " ",
    "invitation-venue":"",
    "invitation-address": "NAGPUR MAHARASTRA",
    "couple-img1": "",
    "couple-img2": "",
    "couple-img3": "",
    "invitation-description": "YOU ARE INVITED TO CELEBRATE THE WEDDING OF",
    "invitation-message": "",
    "invitation-date": "",
    "invitation-month": "",
    "invitation-month-text": "",
    "invitation-year": "",
    "following-party": "",
    "invitation-full-date-text": "",
    "invitation-week-day": "",
    "yourInitial": "",
    "partnerInitial": ""
  }