{
    "invitation-title": "",
    "your-name": "Vaishali",
    "partner-name": "Jitesh",
    "your-parent-name": "SMT. PURVA DEVI & SHRI BHUSHAN KUMAR",
    "partner-parent-name": "",
    "invitation-full-date": "23 AUGUST 2027",
    "invitation-time": "FROM 4:00PM SATURDAY ONWARDS",
    "invitation-venue":"HOTEL HARDEO",
    "invitation-address": "LAKSHMI THEATER, SITABULDI, NAGPUR",
    "couple-img1": "",
    "couple-img2": "",
    "couple-img3": "",
    "invitation-description": "REQUEST YOUR GRACIOUS PRESENCE AT THE WEDDING OF THEIR DAUGHTER",
    "invitation-message": "",
    "invitation-date": "",
    "invitation-month": "",
    "invitation-month-text": "",
    "invitation-year": "",
    "following-party": "",
    "invitation-full-date-text": "",
    "invitation-week-day": "",
    "yourInitial": "",
    "partnerInitial": ""
  }