        [

            {
                "primaryColor": "#CE9C27",
                "secondaryColor": "#333333",
                "bodyColor": "#FFF3E8",
                "textColor": "#054100",
                "actionColor": "#E94444",
                "successColor": "#38cc31",
                "borderGray": "#ccc",
                "primaryFont": "Sholaria",
                "secondaryFont": "Playfair Display",
                "bodyRegularFont": "Poppins-Regular",
                "bodyMediumFont": "Poppins-Medium",
                "bodyBoldFont": "georgia",
                "tertiaryFont": "abrilfatfaceRegular",
                "headingFont": "BonheurRoyale-Regular",
                "bgImage": "https://ecsiondevstorage.blob.core.windows.net/wedding-storage/AFFFDDA7-6C4D-452C-9F3A-1F44A7E050E8.svg",
                "bgResponsiveImage": "https://ecsiondevstorage.blob.core.windows.net/wedding-storage/798CD6D5-18D3-471A-A4D9-5D06AF959FFB.png"
                }
            ]