        [

            {
                "primaryColor": "#054100",
                "secondaryColor": "#333333",
                "bodyColor": "#FFF3E8",
                "textColor": "#054100",
                "actionColor": "#E94444",
                "successColor": "#38cc31",
                "borderGray": "#ccc",
                "primaryFont": "Sholaria",
                "secondaryFont": "Playfair Display",
                "bodyRegularFont": "Poppins-Regular",
                "bodyMediumFont": "Poppins-Medium",
                "bodyBoldFont": "georgia",
                "tertiaryFont": "abrilfatfaceRegular",
                "headingFont": "BonheurRoyale-Regular",
                "bgImage": "https://ecsiondevstorage.blob.core.windows.net/wedding-storage/5E7D11CD-699B-4804-8F11-B66A31721D19.svg",
                "bgResponsiveImage": "https://ecsiondevstorage.blob.core.windows.net/wedding-storage/430B1C39-2CBB-4C46-98E1-B3FC29ECD3CE.png"
                }
            ]