{
  "id": "312",
  "name": "Crypt on the Green",
  "city": "UK",
  "city_tier": "Tier 4",
  "pricing_category": "Unknown",
  "category_slug": "wedding-venues",
  "vendor_price": "On Request",
  "locality_name": "NULL",
  "vendor_rating": "4.80",
  "phone": [
    "+442033266978"
  ],
  "geo_coordinates": "51.5235,-0.1055",
  "pricing": {
    "highest_veg": 0,
    "highest_non_veg": 0,
    "lowest_deal_veg": 0,
    "lowest_deal_non_veg": 0,
    "notes": "Pricing information not available"
  },
  "banquet_halls": {
    "indoor-area": [
      {
        "name": "Banquet Hall",
        "max_seating": 150,
        "max_floating": 200
      }
    ]
  },
  "price_per_plate": [],
  "avg_star_rating": "4.80",
  "additional_info": {
    "faq": [
      {
        "question": "How long has Crypt on the Green been operating?",
        "answer": "4 years 8 months",
        "slug": "been-on-wedmegood-since"
      },
      {
        "question": "What is Crypt on the Green's catering policy?",
        "answer": "Inhouse catering only",
        "slug": "catering-policy"
      },
      {
        "question": "What is Crypt on the Green's decor policy?",
        "answer": "Outside decorators permitted",
        "slug": "decor-policy"
      },
      {
        "question": "What event spaces are available at Crypt on the Green?",
        "answer": "Indoor",
        "slug": "space"
      },
      {
        "question": "What amenities does Crypt on the Green offer?",
        "answer": "Outside Decorator Allowed",
        "slug": "features"
      },
      {
        "question": "Start of Venue",
        "answer": "2011",
        "slug": "start-of-venue"
      },
      {
        "question": "What is Crypt on the Green's alcohol policy?",
        "answer": "In house alcohol available, Outside alcohol not  permitted",
        "slug": "outside-alcohol"
      },
      {
        "question": "What is Crypt on the Green's DJ policy?",
        "answer": "In house DJ available, Outside DJ not permitted",
        "slug": "dj-policy"
      },
      {
        "question": "What is the capacity of Banquet Hall at Crypt on the Green?",
        "answer": "Fixed capacity: 150, Floating capacity: 200",
        "slug": "capacity-banquet-hall"
      },
      {
        "question": "What type of space is Banquet Hall at Crypt on the Green?",
        "answer": "Indoor Area",
        "slug": "space-type-banquet-hall"
      }
    ],
    "phone": [
      "+442033266978"
    ],
    "address": [
      {
        "id": 67348,
        "latitude": "51.5235937",
        "longitude": "-0.1055954",
        "is_primary": true,
        "display_address": "Crypt on the Green, Clerkenwell Close, London, UK"
      }
    ],
    "veg_price": "0",
    "information": "<h1 class=\"venue-name\">Crypt on the Green</h1> <p> <span class=\"location\">Located in London</span>, <span class=\"venue-feature\">Crypt on the Green</span> is recognized as one of the most sought-after banqueting facilities in the city. This exquisite venue was established to provide an <span class=\"amenity\">elegant and superior banqueting space</span> tailored to meet the diverse needs of its clients. </p> <p> Whether the celebration is grand or intimate, <span class=\"venue-name\">Crypt on the Green</span> strives to ensure that each event is a <span class=\"event-description\">grand success</span>. The venue is particularly ideal for hosting <span class=\"event-description\">wedding ceremonies</span>, offering breathtaking views alongside <span class=\"venue-feature\">lavish hospitality</span>. The warm and welcoming nature of <span class=\"venue-name\">Crypt on the Green</span> enhances the special experience of any wedding celebration. </p> <p> Adding to its appeal, <span class=\"location\">Crypt on the Green</span> is situated on the outskirts of the city, providing a peaceful escape from the noise and bustle of urban life. The venue features <span class=\"area-size\">indoor spaces</span> that can accommodate up to <span class=\"room-count\">200 people</span>. Additionally, <span class=\"venue-name\">Crypt on the Green</span> offers a <span class=\"business-service\">flexible catering policy</span> and ample parking space for guests. </p>",
    "nonveg_price": "0",
    "activeAddress": {
      "id": 67348,
      "latitude": "51.5235937",
      "longitude": "-0.1055954",
      "is_primary": true,
      "display_address": "Crypt on the Green, Clerkenwell Close, London, UK"
    },
    "locality_name": "",
    "vendor_rating": 4.8,
    "in_high_demand": false,
    "concierge_phone": "0124-6812345",
    "vendor_rating_text": "Superb",
    "portfolio_image_count": 7
  },
  "rating_summary": {
    "5_star": 26,
    "4_star": 4,
    "3_star": 0,
    "2_star": 0,
    "1_star": 0
  },
  "testimonials": [
    {
      "reviewer_name": "Timothy S Hogan",
      "description": "Ive always been cautious with my finances, but the promise of high returns in the crypto world drew me in. I invested $390,000 into what I believed was a legitimate Bitcoin investment platform. Initially, everything seemed promisingthe returns looked incredible, and the dashboard showed my portfolio growing daily. However, when I attempted to withdraw my earnings, the site became unresponsive. Emails went unanswered, and my funds appeared to vanish without a trace. I was devastated. My trust in digital finance was shattered, and countless sleepless nights followed as I researched recovery options. Thats when I discovered SANTOSHI HACKERS INTELLIGENCE (SHI) through an online forum. Many others shared similar stories of loss but spoke highly of SHIs ability to recover their stolen assets. Though skeptical, I reached out to them, clinging to hope. From my very first interaction with the SHI team, I was struck by their professionalism and genuine empathy. They took the time to understand my situation, asking detailed questions about my transactions and communications with the scam site. Their approach was meticulous and transparent, explaining step-by-step how they would trace blockchain transactions to uncover the trail left by the scammers. The process wasnt instantaneous, but SHI regular updates and clear communication gave me confidence. Using advanced blockchain analytics, they traced my $390,000 through multiple disguised addresses used by the scammers. Weeks of effort culminated in incredible news: SHI had located a significant portion of my funds. Through their expertise and collaboration with legal teams and cryptocurrency exchanges, SHI recovered 75% of my initial investment. This outcome was beyond what I had dared to hope for. More importantly, SHI didnt just recover my fundsthey provided invaluable education on securing digital assets. They taught me about wallet security, the importance of due diligence in investments, and recognizing red flags in too-good-to-be-true platforms. What could have been a devastating financial loss became a powerful lesson in resilience and cybersecurity, thanks to the exceptional team at SANTOSHI HACKERS INTELLIGENCE. I am immensely grateful for their support and expertise. For anyone seeking trusted cryptocurrency recovery services, I wholeheartedly recommend SHI.\n\nContact Information\n\nEmail: santoshihacker@hotmail.com\nWebsite: www.shi-intel.com"
    },
    {
      "reviewer_name": "Anyhony Morphy",
      "description": " FUNDS RETRIEVAL PANEL - The Leading Recovery Expert In The World \n\n Have you fallen victim to a fraudulent investment or crypto scam? Are you struggling to get back the money you lost? Youre not alone. Every day, countless individuals face the devastating impact of scam operations that drain their hard-earned savings. But theres good news  we are here to help you recover whats rightfully yours.\n\n Truth be told, the only Specialists that is capable of retrieving your lost funds from online scams, fraud and scam investment websites are Team of PROFESSIONAL HACKERS & CYBER FORENSIC EXPERTS, we are the Funds Recovery Expert who knows various Retrieval Techniques and Strategies that suits different scenarios of Scam\n\n At Funds Retrieval Panel, we specialize in Funds Recovery using advanced technology with the help of our Top notch hackers and cyber forensic experts that works cooperatively with the use of various Advanced technology softwares, hardwares and AIs to retrieve your funds from fraudulent investments, crypto scams, and malicious online schemes. With years of experience in the financial and tech sectors, we are the trusted solution for individuals looking to recover lost money.\n\n We dont just promise results  we deliver them. Our expert team has successfully recovered Billions of dollars for clients who have fallen victim to scams\n\n CONTACT US NOW to schedule your free consultation and start the process of recovering your funds.\n www.fundsretrievalpanel.com \n info@fundsretrievalpanel.com"
    },
    {
      "reviewer_name": "Donald Brown",
      "description": "BEWARE OF SCAMMERS AND FAKE HACKERS // ARE YOU LOOKING FOR A LEGITIMATE AND A PROFESSIONAL BTC/ETH RECOVERY HACKER // CONTACT GEO COORDINATES RECOVERY HACKER\n\nEmail: geovcoordinateshacker@gmail.com\nWebsite; https://geovcoordinateshac.wixsite.com/geo-coordinates-hack\nWhatsApp +1 (512) 550 1646\n\nIt's a privilege to share this miraculous testimony to the world. My Bitcoin wallet was hacked by fraudulent blockchain impersonators on Instagram who claimed to be from Blockchain. I was deceived into believing they were from Blockchain and gave them access to my wallet, stealing a total of $1.2 Million BTC. I have no doubt about the decisions I made afterward. It was the most stressful and painful time in my life. How I finally recovered my BTC. With the help of GEO COORDINATES RECOVERY HACKER. I couldnt believe my luck when they managed to retrieve my lost Bitcoin. I am writing this review to express my sincere gratitude to this GEO COORDINATES RECOVERY HACKER. For his professionalism and guidance. He provided me with irrefutable proof that strengthened my doubts about the possibility of recovering or tracking lost BTC.\nIf you need assistance in tracing and restoring your lost or stolen funds or Crypto, dealing with a Lost private keys password, attempting to obtain cryptocurrency moved to the incorrect wallet address contact the top Recovery experts GEO COORDINATES RECOVERY HACKER "
    },
    {
      "reviewer_name": "Yasmin James",
      "description": "I almost thought I was going to lose my company and my car, but thank god for the digital hackers of the internet I would have lost it all! I order an ATM card from Digital Hacker for over 200,000 euros! that have a daily limit, that's amazing!!! Thanks Digital Hacker contact him via; Email;digitacardhacker@gmail.com OR digitalcardhacker@proton.mewhat'sapp+33758779954"
    },
    {
      "reviewer_name": "Laura H Mesquita",
      "description": "Welcome to Brunoe Quick Hack the premier cybersecurity firm based in Canada specializing in recovering stolen assets. In the ever-evolving landscape of cyber threats, we stand out as the go-to experts in the \"Other category\". Our team of skilled professionals is dedicated to assisting individuals and businesses in retrieving their lost Bitcoin and other valuable digital assets through cutting-edge hacking solutions.\nCONTACT US: https://brunoequickhack.com/"
    },
    {
      "reviewer_name": "Gabell Estaborn",
      "description": "With so many services available online, it can be difficult to find a professional hacker for hire. Professional hackers are being hired by more and more Singaporean businesses to examine their security systems.\n\nRedeemed Hacker Pro provides a service that finds and addresses network vulnerabilities before hackers can take advantage of them. Redeemed Hacker Pro's forensic team may also help with penetration tests, which imitate actual attacks on a company's systems.\n\nCybercriminals are employing increasingly sophisticated techniques to breach corporate or governmental systems as technology advances. These techniques include denial-of-service (DOS) assaults, phishing schemes, ransomware attacks, and identity theft.\n\nVisit www.redeemedhackerpro.com\nhttps://redeemedhackerpro.wixsite.com/redeem-hacker-pro\n\nto contact Redeemed Hacker Pro or use their website to locate the top hackers for hire."
    },
    {
      "reviewer_name": "Pual Becker",
      "description": "If you're not familiar with cryptocurrency trading, I strongly advise you to either stay away from it completely or invest very cautiously. I was forced to invest a significant amount of my life savings on a forex platform to increase my profits, but I ultimately lost roughly 95,000 USD to this investment scam. I was not allowed to take my money out after I had invested and made a profit. I sent a letter to customer service, but it was ineffective, so I realized I had been duped. I was fortunate enough to come across a genuine deal retrieval WEB WIZARDafter much looking for ways to acquire assistance. I decided to give it a shot and explained my condition to them. they gave me their word that they would help me get my money back. Honestly, they performed a fantastic job, and my money was recovered in my wallet in less than 24 hours without any upfront payment. I appreciate having encounteredWEB WIZARDwith such exceptional abilities, it's truly remarkable. \nTELEGRAM:@BestwebwizardRecovery\nWHATSAPP: +1(410) 202-1161\nEMAIL:bestwebwizardrecovery@consultant.com \nOR: info@bestwebwizrecovery.com\nWEBSITE: https://bestwebwizrecovery.com/"
    },
    {
      "reviewer_name": "Hong Tia Cho",
      "description": "GHOST CHAMPION RECOVERY PRO carefully extracted the valuable cryptocurrency, navigating the labyrinth of code and cryptography that stood in their way. It was a triumph of human ingenuity over technological complexity - a remarkable feat that left the grateful owner in awe. In the end, the lost Bitcoin was restored, the crisis averted, and faith in the power of digital asset recovery was renewed. GHOST CHAMPION RECOVERY PRO has once again demonstrated its unparalleled ability to solve even the most daunting cryptocurrency conundrums, emerging as a true hero in the high-stakes world of digital finance. It was not a good experience for me when I lost my bitcoin of 205,000 USDT, I had nothing to do until someone told me about GHOST CHAMPION RECOVERY PRO. I gave them a chance and today I am grateful for it. Get GHOST CHAMPION RECOVERY PRO to get your lost bitcoin back via: \n( ghostchampionwizard@gmail.com )\nTelegram : https://t.me/WizardGhosthacker"
    },
    {
      "reviewer_name": "Cassie",
      "description": "FIND AND RETRIEVE MISPLACED BITCOIN|USDT WITH ULTIMATE HACKER JACK Few professional hackers possess the specialized hacking abilities and knowledge that may be needed to retrieve lost Bitcoin. Although there are a lot of recovery websites available, you should exercise caution because some of them are run by con artists that pose as reliable sources of information. It's advisable to look for a reliable hacker who can assist you in getting your money back, such as THE ULTIMATE HACKER JACK. The $355k worth of Bitcoin that I had lost to bitcoin mining was recovered by them. The Ultimate Hacker Jack 's email address is ultimatehackerjack@seznam.cz com. You can reach them via WhatsApp at +447765249145"
    },
    {
      "reviewer_name": "Trade Precinct",
      "description": "ARE YOU A VICTIM OF INVESTMENT OR NFT SCAM? DO YOU WANT TO INVESTIGATE A CHEATING SPOUSE? DO YOU DESIRE CREDIT REPAIR (ALL BUREAUS)? SCHEDULE A MEETING WITH AN ETHICAL HACKER ASAP TO GET STARTED.\n\nLet us show you the art of Ethical Hacking.!\n\nEMERALD HACKS is a financial regulator, PRIVATE investigation and funds recovery body. We specialize in cases as regards ETHICAL HACKING, CRYPTOCURRENCY, FAKE INVESTMENT SCHEMES and RECOVERY SCAM. We are also experts in CREDIT REPAIR, we analyze whats impacting your score.\nAll software tools needed to execute RECOVERIES from start to finish are available in stock.\nKindly NOTE that the available tools does NOT apply to CREDIT FIX.\n\nBe ALERT to FALSE reviews and testimonies on the internet, the authors and perpetrators unite to form a syndicate.\n\nContact our team as soon as you can via the email address below to book a mail meeting with an ethical hacker.\nemeraldhacks (.) org (@) gmail (.) com\n\nStay Safe out there !lili"
    },
    {
      "reviewer_name": "Bryan Wilson",
      "description": "Let it be known that most investment scams go beyond stealing money, they are crimes that destroy lives and affect mental health. What started as an opportunity can turn into a betrayal in a minute. I became a victim of a carefully orchestrated Ponzi when my withdrawals were diverted by the platform I trusted. I was crestfallen for so many weeks until I contacted ICC recovery service through a Google review I read. We immediately hit it off and they collected and analyzed my data and initiated CEX-CEX recovery. Their commitment to recovering my assets were unparallel. They are experts and exceptionally committed in the asset recovery industry as lifesavers and security mediators. They were able to trace the transactions and recover my funds in a remarkably short time. The regular updates and clear communication throughout the process were reassuring. Indeed, their work and responses were technically satisfactory. I am grateful and recommend ICC to anyone. Contact Addresses:\nEmails: (iron-clad-cyber-@techie-.com)\nWhatsApp: +1-(623)-(688) -(8815)\nEmail: (Iron-clad-cyber-recovery-@gmail-.com)"
    },
    {
      "reviewer_name": "Rubbin Josh",
      "description": "I reached out to their team and they were were understanding and guided me through the recovery process, offering support and expertise in dealing with such fraudulent situations.Im now committed to sharing my experience to help others avoid falling into similar traps. The lessons learned are invaluable: be cautious when dealing with online investment offers, verify the legitimacy of any platform before transferring funds, and seek professional help if you suspect fraud. Thanks to Cyber Tech Wizard{cybertechwizard@cyberservices.com} WebSite... https://cyber-tech-wizard.ltdintervention, Im optimistic about the possibility of recovering my funds and ensuring that no one else suffers from the same scam."
    },
    {
      "reviewer_name": "Jonelyn Magallanes",
      "description": "Title: \"BRUNOE QUICK HACK: Your Lifeline for Crypt0currency Scam Recovery\"\n\nWhen recovering from crypt0currency scams, BRUNOE QUICK HACK is the name you can trust. Losing access to your valuable assets can be overwhelming, but with our exceptional recovery services, you don't have to face it alone. BRUNOE QUICK HACK. WhatsApp +(1) 705 -784- 2635 Meet Strait George, a determined trader from Bremen, Germany, who successfully reclaimed his lost funds with the support of our professional team. Contact us at brunoequickhack AT gmail(.)com and let us be your guiding light in the darkest times. Website: brunoequickhack .COM"
    },
    {
      "reviewer_name": "Alexander Danoville",
      "description": "I recommend you to Dr Mkuru. How i got back my wife was easy through the help of Dr mkuru powerful Love Spell, He makes my wife realized what she did was wrong and also cast a white love spell that brought her home within 19hours.. This is a spell caster that i truly believe on his powerful spell work, He has the power to bind, attract love, healing, Stop that Divorce now, consultation and counseling are free. this are the reason I'm sharing his contact .. You can write him onWhatsApp: +2349075998982 or message him via his Email: dr.baba.mkurulovespellcaster@gmail.com you can also visit his Facebook page https://www.facebook.com/Dr.Mkuru"
    },
    {
      "reviewer_name": "Jeffrey Jack",
      "description": "FASTEST WAY TO RECOVER YOUR STOLEN BITCOIN/USDT 2024 I cannot thank Captain Jack Crypto Recovery enough for their incredible work in helping me recover my stolen $325,000 USDT. I was devastated when I realized my funds had been stolen, but Captain Jack Crypto Recovery stepped in and used their expertise to retrieve my money. Their professionalism and dedication to their work was evident throughout the entire process. They kept me updated and informed every step of the way, and I felt confident and reassured knowing that my case was in their hands. Thanks to Captain Jack Crypto Recovery, I was able to recover my funds and regain my financial stability. I highly recommend their services to anyone in need of ethical and reliable hacking assistance. Thank you, Captain Jack Crypto Recovery, for your exceptional work and for giving me peace of mind. Here is their contact information: \n\nTelegram: @captainjackcrypto1\n\nWhatsApp: +4915782317112"
    },
    {
      "reviewer_name": "Peter Gonzalez",
      "description": "All you need is to hire an expert to help you accomplish that. If theres any need to spy on your partners phone. From my experience I lacked evidence to confront my husband on my suspicion on his infidelity, until I came across ETHICALAHCKERS which many commend him of assisting them in their spying mission. So I contacted him and he provided me with access into his phone to view all text messages, call logs, WhatsApp messages and even her location. This evidence helped me move him off my life . I recommend you consult ETHICALHACKERS009 @ gmail.com OR CALL/TEXT +1(716) 318-5536 or whatsapp +14106350697 if you need access to your partners phone"
    },
    {
      "reviewer_name": "Murphy Anders",
      "description": "How To Recover Scammed Bitcoin - iBolt Cyber Hacker Help Guide\n\nIt's important to be cautious when dealing with services that claim to recover scammed Bitcoin. This guideline illustrate solution for victims of cryptocurrency fraud.\niBolt Cyber Hacker can help you recover your scammed bitcoin. They have recovered countless cases for individuals, they have advanced tools that are handled by crypto recovery experts in the field of Recovery. Cyber Intelligence, Crypto Investigations, Asset Recovery, and Offshore Legal Experts formed iBolt Cyber Hacker Intelligence. They are trusted in the field.\n\nEmail: S u p p o r t @ ibolt cyber hack . com\nCont/Whtp + 3. .9 .3. .5..0. .9. 2. 9. .0 .3. 1 .8.\nWebsite: h t t p s : / / ibolt cyber hack . com /"
    },
    {
      "reviewer_name": "Cheng Saephan",
      "description": "Hello Everyone,\n\nI want to publicly thank Alliance Digital Hack, a group of professional private investigator and a certified expert in Bitcoin Recovery Services. Their assistance in helping me recover all the money I lost to fraud was top notch and unbelievable. An online manipulation artist who represented themselves as knowledgeable and experienced in the field of Crypto investments conned my wife and myself. My $356,000 worth of funds were put into cryptocurrency. I was left helpless after the fraud tricked us and had to spend hours looking for a Crypto recovery service to get my money back. The specialist I found was Alliance Digital Hack. I just had to be patient after describing my situation to the expert and all of my money was returned to my wallet in less than 72 hours. Thank you Alliance Digital Hack for your excellent assistance in getting my money back. If you are interested in hiring there services, they can be reached through their contact details below.\n\nEmail: alliancedigitalrecovery@ outlook.com\nWhatsapp: +44 7452 247277 thank me later."
    },
    {
      "reviewer_name": "David Ryan",
      "description": "Dont be deceived by different testimonies online that is most likely wrong. I have made use of several recovery options that got me disappointed at the end of the day but I must confess that the tech genius I eventually found is the best out here. Its better you devise your time to find the valid professional that can help you recover your stolen or lost crypto such as bitcoins rather than falling victim of other amateur hackers that cannot get the job done. {Lisatheo225 @gmail com is the most reliable and authentic blockchain tech expert you can work with to recover what you lost to scammers. They helped me get back on my feet and Im very grateful for that. Contact their email today to recover your lost coins ASAP."
    },
    {
      "reviewer_name": "Michelle Ria",
      "description": "The best way to avoid a psychological breakdown after experiencing or having to deal with infidelity is to make sure you are not just assuming your partner is cheating, as a policy, dont say they are cheating until you have gathered proof of their act, confrontation without evidence is just unacceptable, so I contacted this genius hacker RIGHT WAY LAW RECOVERY SERVICE, when I was in the eye of the storm with my Ex husband i saw all his mails, Skype, Instagram, messages, kik, Facebook and even pictures he exchanged with his lover, but it was easier at the end. Really having proofs helps a lot. You are never going to regret working with them. You can contact them via; Email: rightwaylawrecoveryservice@gmail.com \nWhatsApp +1 (336) 394-2139 Telegram: +1 513 602 3179 "
    },
    {
      "reviewer_name": "Alvin William",
      "description": "Being a seasoned cryptocurrency trader, I always prided myself on my keen instincts and successful track record. However, even the most experienced can fall prey to greed and deception, as I learned the hard way. My downfall began when a stranger contacted me, offering an irresistible deal on Bitcoin. The potential buyer promised a sum well above the market rate, tempting me with the prospect of a substantial profit. Blinded by the lucrative offer, I decided to proceed without my usual caution. The deal seemed too good to be true, but I ignored my gut feeling, enticed by the numbers. The stranger posed as a legitimate buyer, and after several conversations, I felt assured enough to transfer a significant amount of my Bitcoin to the supposed buyers wallet. Almost immediately, things went wrong. The buyer vanished, locking me out of my Bitcoin wallet and leaving me in a state of panic. I had stored $120,000 worth of Bitcoin in that wallet. The realization of potentially losing such a substantial amount was a harsh blow. The scammers had not only taken my Bitcoin but also managed to gain access to my email and other passwords, putting more of my assets and personal information at risk. In my desperation, I remembered a friend mentioning RAPID DIGITAL RECOVERY, a service known for handling such crises. With nothing to lose, I reached out to them. The team at RAPID DIGITAL RECOVERY quickly responded, assuring me they would do everything possible to recover my lost assets. Through their expertise, they managed to secure my email and passwords, preventing further access by the scammers. More importantly, they were able to recover my Bitcoin wallet, restoring the $120,000 worth of Bitcoin that I had feared was lost forever. The relief I felt was immense; I had narrowly avoided a financial disaster. This harrowing experience served as a sobering lesson for me. I realized that even the most experienced traders could be blindsided by greed and that vigilance is paramount in the world of cryptocurrency. I now emphasize the importance of security and due diligence, no matter how tempting a deal might appear. Thanks to RAPID DIGITAL RECOVERY, I regained control of my assets and learned a valuable lesson about the dangers of greed and the importance of cybersecurity. I hope my story will serve as a cautionary tale to others in the crypto trading community, reminding them to stay vigilant and never compromiseonsecurity.\n\nEMAIL: suppor(@)rapiddigitalrecovery.org\n\nEMAIL: contact (@)rapiddigitalrecovery..... org\n\nWWW: URL: https://rapiddigitalrecov ery....org\n\nWHATSAPP: +1 4. 1. 4. 8. 0. 7. 1. 4. 8. 5"
    },
    {
      "reviewer_name": "Adoif Eike",
      "description": "Email: F r a n c i s c o h a c k @ q u a l i t y s e r v i c e . c o m\nTelegram @Franciscohack\nWhatsApp +4 4 7 5 6 1 1 6 9 0 4 3\n\nI dropped out of college due to financial instability and pursued a career as a fitness trainer, I was looking for ways to invest my savings. Bitcoin seemed like a great opportunity, so I invested $4,500. Over time, my investment grew to $380,000. This financial gain allowed me to open my own gym and offer more services to my clients. My success was put at risk when I fell for a scam website that looked identical to my trading platform. I entered my login details, and soon after, my Bitcoin wallet was emptied. I was devastated and didnt know what to do. A friend in the crypto community recommended FRANCISCO HACK. I reached out to them, hoping they could help. Their team was incredibly professional and efficient. They traced the fraudulent activity and managed to recover most of my funds. FRANCISCO HACK also educated me on essential security measures. They advised me to use hardware wallets, enable two-factor authentication, and always double-check website URLs to avoid phishing scams. Their guidance was invaluable, ensuring my Bitcoin was better protected in the future. In summary, my journey with Bitcoin has been a mix of success and challenges. Thanks to FRANCISCO HACK, I recovered my funds and learned crucial lessons on securing my digital assets."
    },
    {
      "reviewer_name": "Gregory Olivia",
      "description": "I cannot express how distraught I was when I realized someone had hacked my email and was conning my family and friends on Instagram to invest with me. The hacker was using my identity to lure them into a fraudulent investment scheme, and by the time we discovered what was happening, some of my family members and friends had fallen for it. They ended up wiring the fraudsters a total of $25,000 before they realized it wasn't me. The emotional and financial impact was devastating. I felt helpless and violated, knowing that someone was using my name to deceive the people I care about the most. It was during this period of turmoil that a close friend told me about FAYED HACKER. She had been through a similar ordeal and had used their services to regain control of her digital life. Desperate for a solution, I reached out to the FAYED HACKER team. From the very first contact, they were understanding and professional. They explained the steps they would take to track down my email account, recover it, and secure it, along with my Instagram and other social media accounts. The process was thorough and efficient. The team at FAYED HACKER used their expertise to identify the breach points and secure my accounts against future attacks. They provided clear instructions on how to enhance my online security and even offered tips on maintaining privacy in the digital age. Within a few days, my email and social media accounts were back under my control. The relief was immense. Knowing that my accounts were secure and that the fraudsters no longer had access to them lifted a huge weight off my shoulders. My family and friends also felt reassured, seeing the proactive steps I was taking to prevent this from happening again. If you ever find yourself in a situation where your digital security is compromised, I highly recommend reaching out to FAYED HACKER. Their team is not only skilled in recovering and securing accounts but also empathetic to the distress such incidents cause. They offer a comprehensive solution to safeguard your digital presence, giving you peace of mind in a world where online threats are increasingly common. Don't wait until it's too late. Protect your digital life with FAYED HACKER and ensure that your personal information remains safe from those who seek to exploit it. Reach out to FAYED HACKER via \nEMAIL: fayedexperthack AT solution4u DOT com\nWHATSAPP: +44 753 524 0205"
    },
    {
      "reviewer_name": "Dave Oyler",
      "description": "WHATSAAP +<1>859.743.5022\n{cybertechwizard @ cyberservices DOT come}I recently had a harrowing experience where I was scammed out of a significant amount of money, and Cyber Tech Wizard Tool played a pivotal role in helping me recover from this disaster. Here's my story and how Cyber Tech Wizard Tool became my savior.It all started when I came across an online broker offering incredible rates for Bitcoin transactions. As an experienced investor, I knew the importance of due diligence, so I meticulously researched the broker, looking at their website, reviews, and even contacting their supposed customer support. Everything seemed legitimate, and the broker's rates were too good to overlook. Convinced, I decided to transfer $200,000 worth of Bitcoin to this broker.However, things took a dark turn soon after the transfer. My attempts to withdraw funds were met with delays and excuses. My anxiety grew, and within a few hours, I realized I had fallen victim to a scam. The broker was unlicensed, and my hard-earned money was gone. Panic set in, and I knew I needed immediate action.Within 24 hours of the scam, I reached out to Cyber Tech WizardTool, a name I had heard in various forums for their expertise in digital asset recovery. From the moment I contacted their team, I felt a glimmer of hope. They were professional, empathetic, and incredibly knowledgeable about the intricacies of cryptocurrency scams.The Cyber Tech Wizard Tool team quickly assessed my situation, gathering all necessary information about the transaction and the fraudulent broker. Their deep understanding of blockchain technology and cybersecurity was evident as they meticulously traced the transaction. They reassured me that they would do everything possible to recover my funds.The recovery process was complex and required patience, but the team kept me informed at every step. They provided regular updates and maintained transparency throughout, which helped alleviate my stress. After several weeks of persistent efforts, the Cyber Tech Wizard Tool team successfully retrieved a significant portion of my lost Bitcoin.In conclusion, Cyber Tech Wizard Tool is more than just a recovery tool; they are a lifeline for those who have been scammed. Their expertise, dedication, and unwavering support turned a potential financial catastrophe into a manageable setback. I am incredibly grateful to them for their help and cannot recommend their services enough. If you ever find yourself in a similar situation, don't hesitate to contact Cyber Tech Wizard Tool  they are the real deal."
    },
    {
      "reviewer_name": "Ngoc Hieu Dang",
      "description": "ALL YOU NEED TO KNOW ABOUT RECOVERY OF LOST FUNDS, CRYPTO SCAM RECOVERY AND INVESTMENT RECOVERY \n\nThese days you have to be very careful about who you contact for Funds Recovery because most of these companies out there who claim they are funds recovery experts are not really who they claim they are, especially those that spam comment sections with their unregistered domain, they are as wack as the scammers who took your money in the first place. Come to think of it, why would a legitimate firm be using a mere unregistered domain instead of a professional domain address? If youve had encounters with these guys, youll appreciate this Write-up.\n\nTruth be told, the only organization capable of retrieving your lost funds from online scams, Bitcoin Scam, Crypto Scam, scam investment websites, etc, the Team of SACLUX COMPTECH SPECIALST, they are the ones who know various Retrieval Techniques and Strategies that suit different scenarios of Funds Retrieval such as Bitcoin retrieval, investment scam retrieval, crypto Trading scam retrieval and so on. If you are smart enough, you should know that online scam recovery is a very Professional Case that requires Professional Handling by EXPERTS in the field. If You inquire about Professional Funds Recovery Services, Then You have to take a SMART step by consulting the Leading Team of Highly Ranked Hackers and Certified Cyber Forensic Experts At SACLUX COMPTECH SPECIALST."
    },
    {
      "reviewer_name": "Gianna lia",
      "description": "As a fervent supporter of cryptocurrencies, I was devastated when I fell victim to crypto theft. My valuable digital assets were swiped, leaving me feeling utterly helpless and betrayed. Turning to the internet for assistance, I scoured for ways to retrieve my stolen funds. That's when I stumbled upon Cyberpunk Programmers, an expert in recovering stolen cryptocurrencies. In this narrative, I'll recount my experience with crypto theft and how Cyberpunk Programmers pulled me back from the brink of financial disaster. The moment I discovered that my cryptocurrency had been stolen, I was in disbelief. How could this happen to me? Despite taking all the necessary precautions to secure my digital assets, I found myself vulnerable to theft. Frustration and betrayal engulfed me as I watched helplessly as my hard-earned money disappeared before my eyes. Eager to reclaim what was rightfully mine, I began scouring the internet for possible solutions. It was then that I came across Cyberpunk Programmers a company touting expertise in recovering stolen cryptocurrencies. Despite my initial skepticism and desperation, I took a leap of faith and contacted them for assistance. To my surprise, they promptly responded with reassurance that they could indeed help me recover my stolen funds. Though I harbored doubts, I eventually decided to give them a chance. Collaborating with Cyberpunk Programmers completely transformed my experience. Their efficiency, professionalism, and transparency were evident throughout the recovery process. They expertly navigated each step, providing regular updates and reassurance along the way. Thanks to their dedication and expertise, I successfully reclaimed a substantial amount of my stolen funds. I was immensely grateful for their assistance during such a challenging time. Following the ordeal of dealing with crypto theft, I realized the critical importance of securing my digital assets. I took proactive measures to enhance security, including using hardware wallets, enabling two-factor authentication, and staying vigilant against phishing scams. I also diversified my investments and educated myself on best practices for safeguarding my funds. Thanks to Cyberpunk Programmers, I now feel more empowered and prepared to protect my investments from future threats. Their clients and their unparalleled expertise in cryptocurrency recovery make them a trusted ally in the fight against crypto theft. For anyone facing the daunting prospect of cryptocurrency loss, Cyberpunk Programmers is the beacon of hope you've been searching for. Don't hesitate to reach out to them and reclaim what is rightfully yours. Trust in the best - trust in Cyberpunk Programmers.\nWhatsApp them on +44 7848161773"
    },
    {
      "reviewer_name": "Reagan Ak Jeff",
      "description": "RESTORING PERISHED, HIJACKEDOR STOLEN BITCOINS. CONTACT THE HACK ANGELS NOW:THE HACK ANGEL is an expert that can assist you in retrieving all of the money you've lost to online crooks. It recently worked for me, and I now have piece of mind after successfully recovering all of my lost monies. If you have been the victim of an online fraud, THE HACK ANGELS can help. I know little about other individuals, but I have seen their work. I will suggest you to reachoutto them NOW with the information below.WHatsAP: +1 203,309,3359Email:hackangel@cyberdude.comWeb: https://thehackangels.com"
    },
    {
      "reviewer_name": "Jean Claire",
      "description": "I lost access to my Crypto when the wallet service I was using went offline permanently. So I have been struggling for months to try and figure out how I will access my wallet again. After much struggle, a co worker of mine referred me to SPYHOST CYBER SECURITY COMPANY. I was pleased with their services because their communication was quick, transparent, and professional. I provided the necessary requirements to them and that was the beginning of my journey of my successful recovery. In short, they really renewed my hope and brought me happiness once more which i never thought could be possible. Spyhost was very responsive to emails and after some hours (48) they recovered my wallet. They acted professionally and in accordance with our agreement and without doubt i was suprised and convinced that we still have some trustable recovery company out there of which Spyhost is one I would highly recommend using Spyhost Cyber Security Company. For anyone who are in same situation as me or in need of other sort of help related to crypto funds recovery below is their email contact to send a request or complaint ( spyhost@cyberdude. com) while their whatsapp contact is [ +1(571) 478-7636 ]"
    },
    {
      "reviewer_name": "Lisa Flannery",
      "description": "Being scammed out of my cryptocurrency was a nightmare I never expected. I felt completely hopeless until I found Walldrive Cyber Security Service. Their team handled my case with great care and expertise. They were able to trace the transactions and retrieve my funds in a remarkably short period of time. The regular updates and clear communication throughout the process were very reassuring. Walldrive Cyber Security Service turned what seemed like an impossible situation into a successful recovery.\n\nYou can reach out to them through Whatsapp: +44 7961 202493; e-mail: walldriveservice @ techie.com"
    },
    {
      "reviewer_name": "Gaurav Bhatnagar",
      "description": "I lost everything I had in my bank accounts due to a month-long cryptocurrency fraud.I had spent $243,300 on the trading website cixprotrader,with the account manager promising me earnings of $900,700.It took me a while to grasp how implausible their assertion was until I was totally destroyed.Before my childhood friend informed me about CYBERETRIEVE,a cybersecurity and cryptocurrency recovery company with a 100% success rate,I was going through a lot of difficulties and pain.I didn't hesitate to contact them right away and gave them all the information they needed to start my crypto recovery process,and to my surprise, CYBERETRIEVE was able to get my cryptocurrency back,stop these con artists from accessing it,shut down their accounts, and denounce them to the appropriate authorities. I sincerely appreciate their assistance, and I heartily endorse them. With the help of CYBERETRIEVE,victims of cryptocurrency frauds like us will be able to easily retrieve their money. They take a very efficient and professional approach talk to them via their handles\n TELEGRAM:@cyberetrieve\n WHATSAPP:+1(216)418-7518\n EMAIL:cyberetrieve@mail.com"
    }
  ],
  "SEO Meta Title": "Crypt on the Green | Unknown Wedding Venues in UK",
  "SEO Meta Description": "Crypt on the Green UK for your dream wedding. Unknown  indoor hall & competitive pricing. Enquire now!",
  "FOCUS keyword": "wedding venues NULL unknown",
  "slug": "crypt-on-the-green-wedding-venues-uk-null",
  "estimated_room_count": 1,
  "sentiment_analysis": {
    "what_to_expect": "Many clients praise the professionalism and expertise of the recovery teams, highlighting their commitment to transparency and communication throughout the recovery process. Clients often express gratitude for the support they received, noting how the teams not only helped recover lost funds but also provided valuable education on securing digital assets and avoiding future pitfalls. The dedication and thoroughness of these services have transformed distressing experiences into hopeful recoveries, with many clients successfully reclaiming significant portions of their investments.",
    "what_to_watch_for": "You may wish to confirm the specific recovery strategies employed by the service, as a few clients mentioned occasional delays in the process. Additionally, it's advisable to ask about the team's experience with similar cases to ensure they align with your needs. Clear communication about timelines and expectations can help set a positive tone for the recovery journey.",
    "listing_card_sentiment": "Clients celebrate the exceptional support and successful recoveries offered by these services, while noting that occasional delays in communication may arise."
  }
}