[

    {
        "primaryColor": "#13234D",
        "secondaryColor": "#333333",
        "bodyColor": "#FFF3E8",
        "textColor": "#13234D",
        "actionColor": "#E94444",
        "successColor": "#38cc31",
        "borderGray": "#ccc",
        "primaryFont": "Blongoc-Script",
        "secondaryFont": "Poppins",
        "bodyRegularFont": "Poppins-Regular",
        "bodyMediumFont": "Poppins-Medium",
        "bodyBoldFont": "georgia",
        "tertiaryFont": "Poppins",
        "headingFont": "BonheurRoyale-Regular",
        "bgImage": "https://ecsiondevstorage.blob.core.windows.net/wedding-storage/C564540F-1BF8-4555-9606-5BE7CC2D1C89.svg",
        "bgResponsiveImage": "https://ecsiondevstorage.blob.core.windows.net/wedding-storage/2EB7442F-F7B9-403D-A675-83DFCF0EDBE0.png"
        }
    
      
    ]