{
    "invitation-title": "TOGETHER WITH THEIR FAMILIES",
    "your-name": "Lavanya",
    "partner-name": "Bhavik",
    "your-parent-name": "",
    "partner-parent-name": "",
    "invitation-full-date": " 11JANUARY2026",
    "invitation-time": "AT 9 O'CLOCK IN THE MORNING",
    "invitation-venue":"SUN‑N‑SAND HOTEL",
    "invitation-address": "39 JUHU BEACH, JUHU, MUMBAI",
    "couple-img1": "",
    "couple-img2": "",
    "couple-img3": "",
    "invitation-description": "INVITE YOU TO CELEBRATE THEIR MARRIAGE",
    "invitation-message": "",
    "invitation-date": "11",
    "invitation-month": "",
    "invitation-month-text": "JANUARY",
    "invitation-year": "2026",
    "following-party": "",
    "invitation-full-date-text": "",
    "invitation-week-day": "ON THURSDAY",
    "yourInitial": "",
    "partnerInitial": ""
  }