[

    {
        "primaryColor": "#67010F",
        "secondaryColor": "#333333",
        "bodyColor": "#FFF3E8",
        "textColor": "#67010F",
        "actionColor": "#E94444",
        "successColor": "#38cc31",
        "borderGray": "#ccc",
        "primaryFont": "milaMiguella",
        "secondaryFont": "georgia",
        "bodyRegularFont": "Poppins-Regular",
        "bodyMediumFont": "Poppins-Medium",
        "bodyBoldFont": "georgia",
        "tertiaryFont": "abrilfatfaceRegular",
        "headingFont": "BonheurRoyale-Regular",
        "bgImage": "https://ecsiondevstorage.blob.core.windows.net/wedding-storage/2191DB80-1E6A-4868-9DF6-FC587BBDDF2C.svg",
        "bgResponsiveImage": "https://ecsiondevstorage.blob.core.windows.net/wedding-storage/00F5A545-329F-4AA8-966B-7BEB3553554E.png"
        }
    ]