{
    "invitation-title": "SAVE THE DATE",
    "your-name": "Krishma",
    "partner-name": "Ayansh",
    "your-parent-name": "",
    "partner-parent-name": "",
    "invitation-full-date": "8-10 DECEMBER 2026",
    "invitation-time": "",
    "invitation-venue":"",
    "invitation-address": "",
    "couple-img1": "",
    "couple-img2": "",
    "couple-img3": "",
    "invitation-description": "",
    "invitation-message": "",
    "invitation-date": "",
    "invitation-month": "",
    "invitation-month-text": "",
    "invitation-year": "",
    "following-party": "",
    "invitation-full-date-text": "",
    "invitation-week-day": "",
    "yourInitial": "",
    "partnerInitial": ""
  }