[

    {
        "primaryColor": "#67010F",
        "secondaryColor": "#333333",
        "bodyColor": "#FFF3E8",
        "textColor": "#67010F",
        "actionColor": "#E94444",
        "successColor": "#38cc31",
        "borderGray": "#ccc",
        "primaryFont": "milaMiguella",
        "secondaryFont": "georgia",
        "bodyRegularFont": "Poppins-Regular",
        "bodyMediumFont": "Poppins-Medium",
        "bodyBoldFont": "georgia",
        "tertiaryFont": "abrilfatfaceRegular",
        "headingFont": "BonheurRoyale-Regular",
        "bgImage": "https://ecsiondevstorage.blob.core.windows.net/wedding-storage/36C416B9-3AB8-4441-8F06-FD50FEA56844.svg",
        "bgResponsiveImage": "https://ecsiondevstorage.blob.core.windows.net/wedding-storage/1B4EE2E9-1B66-4F12-880C-90BF6C057F2C.png"
        }
    ]