{
    "invitation-title": "WITH THE BLESSINGS OF GRANDPARENTS",
    "your-name": "Krishma",
    "partner-name": "Ayansh",
    "your-parent-name": "SUNITA & RAJESH SHARMA",
    "partner-parent-name": "(S/O REKHA & SURESH MEHTA)",
    "your-grandparent-name": "SMT. KAMLA & SH. MADHUSUDAN SHARMA",
    "invitation-full-date": "",
    "invitation-time": "",
    "invitation-venue":"",
    "invitation-address": "",
    "couple-img1": "",
    "couple-img2": "",
    "couple-img3": "",
    "invitation-description": "REQUEST YOUR GRACIOUS PRESENCE ON THE AUSPICIOUS OCCASION OF THE WEDDING OF THEIR SON",
    "invitation-message": "",
    "invitation-date": "",
    "invitation-month": "",
    "invitation-month-text": "",
    "invitation-year": "",
    "following-party": "#WEDDINGHASHTAG",
    "invitation-full-date-text": "",
    "invitation-week-day": "",
    "yourInitial": "",
    "partnerInitial": ""
  }