{
    "invitation-title": "Thank You",
     "your-name": "Kajal",
    "partner-name": "Rohan",
    "invitation-full-date": "",
    "invitation-time": " ",
    "invitation-address": " ",
    "couple-img1": "",
    "couple-img2": "",
    "couple-img3": "",
    "invitation-description": "Dear Friend and Family ",
    "invitation-date": "",
    "invitation-month": "",
    "invitation-month-text": "",
    "invitation-year": "",
    "following-party": "Thank you for being an important part of our wedding day. It was the most wonderful day of our lives. Thank you for the love and laughter you shared with us.",
    "invitation-full-date-text": "",
    "invitation-week-day": "",
    "yourInitial": "",
    "partnerInitial": ""
  }