{
    "invitation-title": "WITH THE HEAVENLY BLESSINGS OF GRANDPARENTS",
    "your-name": "Kajal",
    "partner-name": "Rohan",
    "your-parent-name": "SUNITA & RAJESH SHARMA",
    "partner-parent-name": "(S/O REKHA & SURESH MEHTA)",
    "your-grandparent-name":"LATE SMT. KAMLA & LATE SH. MADHUSUDAN SHARMA",
    "invitation-full-date": "",
    "invitation-time": "",
    "invitation-venue":"",
    "invitation-address": "",
    "couple-img1": "",
    "couple-img2": "",
    "couple-img3": "",
    "invitation-description": "REQUEST THE PLEASURE OF YOUR COMPANY AT THE WEDDING OF THEIR DAUGHTER",
    "invitation-message": "",
    "invitation-date": "",
    "invitation-month": "",
    "invitation-month-text": "",
    "invitation-year": "",
    "following-party": "",
    "invitation-full-date-text": "",
    "invitation-week-day": "",
    "yourInitial": "",
    "partnerInitial": ""
  }