{
  "invitation-title": "Save The Date",
  "your-name": "Aaliya Bhatt",
  "partner-name": "Ranbir Kapoor",
  "your-parent-name": "",
  "partner-parent-name": "",
  "invitation-full-date": "",
  "invitation-time": "AT 4 PM",
  "invitation-venue": "Hotel Hardeo",
  "invitation-address": "Lakshmi Theater Sitabuldi Nagpur",
  "couple-img1": "",
  "couple-img2": "",
  "couple-img3": "",
  "invitation-description": "Request Your Gracious Presence At The Wedding Of Their Daughter",
  "invitation-message": "",
  "invitation-date": "18",
  "invitation-month": "",
  "invitation-month-text": "October",
  "invitation-year": "2027",
  "following-party": "Following The Party",
  "invitation-full-date-text": "",
  "invitation-week-day": "Saturday",
  "yourInitial": "",
  "partnerInitial": ""
}