[
    {
        "primaryColor": "#FFFFFF",
        "secondaryColor": "#333333",
        "bodyColor": " #0D0105",
        "textColor": "  #FFFFFF",
        "actionColor": "#E94444",
        "successColor": "#38cc31",
        "borderGray": "#ccc",
        "primaryFont": "blessedSignature",
        "secondaryFont": "Playfair Display",
        "tertiaryFont": "laurentine",
        "bodyRegularFont": "Poppins-Regular",
        "bodyMediumFont": "Poppins-Medium",
        "bodyBoldFont": "georgia",
        "headingFont": "BonheurRoyale-Regular",
        "bgImage": "https://ecsiondevstorage.blob.core.windows.net/wedding-storage/1C7369FA-C9ED-42BD-B31D-DF9DBBF9D15D.png",
        "bgResponsiveImage": "https://ecsiondevstorage.blob.core.windows.net/wedding-storage/6B0AC9BD-E96F-41CE-BE04-EE1B5F63C2F9.png"
    },
    {
        "primaryColor": "#FFFFFF",
        "secondaryColor": "#333333",
        "bodyColor": "#45122B",
        "textColor": "#FFFFFF",
        "actionColor": "#E94444",
        "successColor": "#38cc31",
        "borderGray": "#ccc",
        "primaryFont": "blessedSignature",
        "secondaryFont": "Playfair Display",
        "tertiaryFont": "laurentine",
        "bodyRegularFont": "Poppins-Regular",
        "bodyMediumFont": "Poppins-Medium",
        "bodyBoldFont": "georgia",
        "headingFont": "BonheurRoyale-Regular",
        "bgImage": "https://ecsiondevstorage.blob.core.windows.net/wedding-storage/1C7369FA-C9ED-42BD-B31D-DF9DBBF9D15D.png",
        "bgResponsiveImage": "https://ecsiondevstorage.blob.core.windows.net/wedding-storage/6B0AC9BD-E96F-41CE-BE04-EE1B5F63C2F9.png"
    },
    {
        "primaryColor": "#FFFFFF",
        "secondaryColor": "#333333",
        "bodyColor": "#4F2B5F",
        "textColor": "#FFFFFF",
        "actionColor": "#E94444",
        "successColor": "#38cc31",
        "borderGray": "#ccc",
        "primaryFont": "blessedSignature",
        "secondaryFont": "Playfair Display",
        "tertiaryFont": "laurentine",
        "bodyRegularFont": "Poppins-Regular",
        "bodyMediumFont": "Poppins-Medium",
        "bodyBoldFont": "georgia",
        "headingFont": "BonheurRoyale-Regular",
        "bgImage": "https://ecsiondevstorage.blob.core.windows.net/wedding-storage/1C7369FA-C9ED-42BD-B31D-DF9DBBF9D15D.png",
        "bgResponsiveImage": "https://ecsiondevstorage.blob.core.windows.net/wedding-storage/6B0AC9BD-E96F-41CE-BE04-EE1B5F63C2F9.png"
    },
    {
        "primaryColor": "#000000",
        "secondaryColor": "#333333",
        "bodyColor": "#BADEF0   ",
        "textColor": "#000000",
        "actionColor": "#E94444",
        "successColor": "#38cc31",
        "borderGray": "#ccc",
        "primaryFont": "blessedSignature",
        "secondaryFont": "Playfair Display",
        "tertiaryFont": "laurentine",
        "bodyRegularFont": "Poppins-Regular",
        "bodyMediumFont": "Poppins-Medium",
        "bodyBoldFont": "georgia",
        "headingFont": "BonheurRoyale-Regular",
        "bgImage": "https://ecsiondevstorage.blob.core.windows.net/wedding-storage/1C7369FA-C9ED-42BD-B31D-DF9DBBF9D15D.png",
        "bgResponsiveImage": "https://ecsiondevstorage.blob.core.windows.net/wedding-storage/6B0AC9BD-E96F-41CE-BE04-EE1B5F63C2F9.png"
    },
    {
        "primaryColor": "#000000",
        "secondaryColor": "#333333",
        "bodyColor": "#F6F0FA   ",
        "textColor": "#000000",
        "actionColor": "#E94444",
        "successColor": "#38cc31",
        "borderGray": "#ccc",
        "primaryFont": "blessedSignature",
        "secondaryFont": "Playfair Display",
        "tertiaryFont": "laurentine",
        "bodyRegularFont": "Poppins-Regular",
        "bodyMediumFont": "Poppins-Medium",
        "bodyBoldFont": "georgia",
        "headingFont": "BonheurRoyale-Regular",
        "bgImage": "https://ecsiondevstorage.blob.core.windows.net/wedding-storage/1C7369FA-C9ED-42BD-B31D-DF9DBBF9D15D.png",
        "bgResponsiveImage": "https://ecsiondevstorage.blob.core.windows.net/wedding-storage/6B0AC9BD-E96F-41CE-BE04-EE1B5F63C2F9.png"
    }
]