{
    "invitation-title": "",
    "your-name": "SWAPNIL",
    "partner-name": "RUTUJA",
    "your-parent-name": "",
    "partner-parent-name": "",
    "invitation-full-date": "DECEMBER 31ST, 2026",
    "invitation-time": "",
    "invitation-venue":"",
    "invitation-address": "IN MUMBAI",
    "couple-img1": "",
    "couple-img2": "",
    "couple-img3": "",
    "invitation-description": "",
    "invitation-message": "",
    "invitation-date": "",
    "invitation-month": "",
    "invitation-month-text": "",
    "invitation-year": "",
    "following-party": "",
    "invitation-full-date-text": "",
    "invitation-week-day": "",
    "yourInitial": "",
    "partnerInitial": ""
  }