[

    {
        "primaryColor": "#F1C27E",
        "secondaryColor": "#333333",
        "bodyColor": "#FFF3E8",
        "textColor": "#FFFFFF",
        "actionColor": "#E94444",
        "successColor": "#38cc31",
        "borderGray": "#ccc",
         "primaryFont": "Great Vibes",
        "secondaryFont": "Montserrat",
        "bodyRegularFont": "Poppins-Regular",
        "bodyMediumFont": "Poppins-Medium",
        "bodyBoldFont": "georgia",
        "tertiaryFont": "abrilfatfaceRegular",
        "headingFont": "BonheurRoyale-Regular",
        "bgImage": "https://ecsiondevstorage.blob.core.windows.net/wedding-storage/BCF9E74A-3B68-45B0-B130-23A50DB81689.png",
        "bgResponsiveImage": "https://ecsiondevstorage.blob.core.windows.net/wedding-storage/ADC6B697-56EB-4863-98A7-3FADA834797A.png"
        }
    
      
    ]