[

    {
        "primaryColor": "#FF8224",
        "secondaryColor": "#333333",
        "bodyColor": "#112B40",
        "textColor": "#FFFFFF",
        "actionColor": "#E94444",
        "successColor": "#38cc31",
        "borderGray": "#ccc",
        "primaryFont": "laurentine",
        "secondaryFont": "Montserrat",
        "bodyRegularFont": "Poppins-Regular",
        "bodyMediumFont": "Poppins-Medium",
        "bodyBoldFont": "georgia",
        "tertiaryFont": "Playfair Display",
        "headingFont": "BonheurRoyale-Regular",
        "imageTop": "https://ecsiondevstorage.blob.core.windows.net/wedding-storage/2DBAC172-69E6-41E0-BA50-E5805E0D90E3.png",
        "imageBottom": "https://ecsiondevstorage.blob.core.windows.net/wedding-storage/3DD16761-90CF-413C-86BC-7FD6ECA68971.png",
        "bgImage": "https://ecsiondevstorage.blob.core.windows.net/wedding-storage/666990B5-87FC-4D35-A035-1D704F01F580.png",
        "bgResponsiveImage": "https://ecsiondevstorage.blob.core.windows.net/wedding-storage/16E58CB0-79AB-48D9-A948-C6F2D3737C2E.png"
        },

        {
        "primaryColor": "#FF8224",
        "secondaryColor": "#333333",
        "bodyColor": "#313B06",
        "textColor": "#FFFFFF",
        "actionColor": "#E94444",
        "successColor": "#38cc31",
        "borderGray": "#ccc",
        "primaryFont": "laurentine",
        "secondaryFont": "Montserrat",
        "bodyRegularFont": "Poppins-Regular",
        "bodyMediumFont": "Poppins-Medium",
        "bodyBoldFont": "georgia",
        "tertiaryFont": "Playfair Display",
        "headingFont": "BonheurRoyale-Regular",
        "imageTop": "https://ecsiondevstorage.blob.core.windows.net/wedding-storage/2DBAC172-69E6-41E0-BA50-E5805E0D90E3.png",
        "imageBottom": "https://ecsiondevstorage.blob.core.windows.net/wedding-storage/3DD16761-90CF-413C-86BC-7FD6ECA68971.png",
        "bgImage": "https://ecsiondevstorage.blob.core.windows.net/wedding-storage/666990B5-87FC-4D35-A035-1D704F01F580.png",
        "bgResponsiveImage": "https://ecsiondevstorage.blob.core.windows.net/wedding-storage/16E58CB0-79AB-48D9-A948-C6F2D3737C2E.png"},

        {
        "primaryColor": "#FF8224",
        "secondaryColor": "#333333",
        "bodyColor": "#F8FFC9",
        "textColor": "#000000",
        "actionColor": "#E94444",
        "successColor": "#38cc31",
        "borderGray": "#ccc",
        "primaryFont": "laurentine",
        "secondaryFont": "Montserrat",
        "bodyRegularFont": "Poppins-Regular",
        "bodyMediumFont": "Poppins-Medium",
        "bodyBoldFont": "georgia",
        "tertiaryFont": "Playfair Display",
        "headingFont": "BonheurRoyale-Regular",
        "imageTop": "https://ecsiondevstorage.blob.core.windows.net/wedding-storage/2DBAC172-69E6-41E0-BA50-E5805E0D90E3.png",
        "imageBottom": "https://ecsiondevstorage.blob.core.windows.net/wedding-storage/3DD16761-90CF-413C-86BC-7FD6ECA68971.png",
        "bgImage": "https://ecsiondevstorage.blob.core.windows.net/wedding-storage/666990B5-87FC-4D35-A035-1D704F01F580.png",
        "bgResponsiveImage": "https://ecsiondevstorage.blob.core.windows.net/wedding-storage/16E58CB0-79AB-48D9-A948-C6F2D3737C2E.png" },


        {
        "primaryColor": "#FF8224",
        "secondaryColor": "#333333",
        "bodyColor": "#FFFFFF",
        "textColor": "#000000",
        "actionColor": "#E94444",
        "successColor": "#38cc31",
        "borderGray": "#ccc",
        "primaryFont": "laurentine",
        "secondaryFont": "Montserrat",
        "bodyRegularFont": "Poppins-Regular",
        "bodyMediumFont": "Poppins-Medium",
        "bodyBoldFont": "georgia",
        "tertiaryFont": "Playfair Display",
        "headingFont": "BonheurRoyale-Regular",
        "imageTop": "https://ecsiondevstorage.blob.core.windows.net/wedding-storage/2DBAC172-69E6-41E0-BA50-E5805E0D90E3.png",
        "imageBottom": "https://ecsiondevstorage.blob.core.windows.net/wedding-storage/3DD16761-90CF-413C-86BC-7FD6ECA68971.png",
        "bgImage": "https://ecsiondevstorage.blob.core.windows.net/wedding-storage/666990B5-87FC-4D35-A035-1D704F01F580.png",
        "bgResponsiveImage": "https://ecsiondevstorage.blob.core.windows.net/wedding-storage/16E58CB0-79AB-48D9-A948-C6F2D3737C2E.png"}
        ]