[

    {
        "primaryColor": "#FFC43A",
        "secondaryColor": "#333333",
        "bodyColor": "#FFF3E8",
        "textColor": "#FFFFFF",
        "actionColor": "#E94444",
        "successColor": "#38cc31",
        "borderGray": "#ccc",
        "primaryFont": "Sholaria",
        "secondaryFont": "Poppins",
        "bodyRegularFont": "Poppins-Regular",
        "bodyMediumFont": "Poppins-Medium",
        "bodyBoldFont": "georgia",
        "tertiaryFont": "abrilfatfaceRegular",
        "headingFont": "BonheurRoyale-Regular",
        "bgImage": "https://ecsiondevstorage.blob.core.windows.net/wedding-storage/5A1704D7-F926-4775-9343-E2F63BBD7BE9.png",
        "bgResponsiveImage": "https://ecsiondevstorage.blob.core.windows.net/wedding-storage/67F0241A-87FE-4CE5-8E4E-F091D45AB120.png"
        }
    ]