{
    "invitation-title": "WE INVITE YOU TO JOIN OUR WEDDING",
    "your-name": "Shivani",
    "partner-name": "Pratik",
    "your-parent-name": "",
    "partner-parent-name": "",
    "invitation-full-date": "",
    "invitation-time": "",
    "invitation-venue":"VVEDHIC BANQUETS & LAWNS",
    "invitation-address": "LOHEGAON-WAGHOLI ROAD, PUNE",
    "couple-img1": "",
    "couple-img2": "",
    "couple-img3": "",
    "invitation-description": "TOGETHER WITH THEIR FAMILIES",
    "invitation-message": "",
    "invitation-date": "29",
    "invitation-month": "",
    "invitation-month-text": "DECEMBER",
    "invitation-year": "2025",
    "following-party": "",
    "invitation-full-date-text": "",
    "invitation-week-day": "MON",
    "yourInitial": "",
    "partnerInitial": ""
  }