[
    {
        "primaryColor": "#5F2756",
        "secondaryColor": "#333333",
        "bodyColor": "#FFFFFF",
        "textColor": "#5F2756",
        "actionColor": "#E94444",
        "successColor": "#38cc31",
        "borderGray": "#ccc",
        "primaryFont": "winlove",
        "secondaryFont": "georgia",
        "tertiaryFont": "georgia",
        "bodyRegularFont": "Poppins-Regular",
        "bodyMediumFont": "Poppins-Medium",
        "bodyBoldFont": "georgia",
        "headingFont": "BonheurRoyale-Regular",
        "imageTop": "https://ecsiondevstorage.blob.core.windows.net/wedding-storage/FC62663E-A835-42D7-9715-4CD99A175DA6.png",
        "imageBottom": "https://ecsiondevstorage.blob.core.windows.net/wedding-storage/3248A340-71CD-4D65-B337-0483DCFCC6AE.png",
        "bgImage": "https://ecsiondevstorage.blob.core.windows.net/wedding-storage/2B2CDBC7-69D6-43A5-B26D-3322DC3CBA56.png",
        "bgResponsiveImage": "https://ecsiondevstorage.blob.core.windows.net/wedding-storage/A04B554A-D0A8-4711-ACE0-F45D2EF6F031.png"
    },
    {
        "primaryColor": "#5F2756",
        "secondaryColor": "#333333",
        "bodyColor": "#FFEDEA",
        "textColor": "#5F2756",
        "actionColor": "#E94444",
        "successColor": "#38cc31",
        "borderGray": "#ccc",
        "primaryFont": "winlove",
        "secondaryFont": "georgia",
        "tertiaryFont": "georgia",
        "bodyRegularFont": "Poppins-Regular",
        "bodyMediumFont": "Poppins-Medium",
        "bodyBoldFont": "georgia",
        "headingFont": "BonheurRoyale-Regular",
        "imageTop": "https://ecsiondevstorage.blob.core.windows.net/wedding-storage/FC62663E-A835-42D7-9715-4CD99A175DA6.png",
        "imageBottom": "https://ecsiondevstorage.blob.core.windows.net/wedding-storage/3248A340-71CD-4D65-B337-0483DCFCC6AE.png",
        "bgImage": "https://ecsiondevstorage.blob.core.windows.net/wedding-storage/2B2CDBC7-69D6-43A5-B26D-3322DC3CBA56.png",
        "bgResponsiveImage": "https://ecsiondevstorage.blob.core.windows.net/wedding-storage/A04B554A-D0A8-4711-ACE0-F45D2EF6F031.png"
    },
    {
        "primaryColor": "#FFFFFF",
        "secondaryColor": "#333333",
        "bodyColor": "#171111",
        "textColor": "#FFFFFF",
        "actionColor": "#E94444",
        "successColor": "#38cc31",
        "borderGray": "#ccc",
        "primaryFont": "winlove",
        "secondaryFont": "georgia",
        "tertiaryFont": "georgia",
        "bodyRegularFont": "Poppins-Regular",
        "bodyMediumFont": "Poppins-Medium",
        "bodyBoldFont": "georgia",
        "headingFont": "BonheurRoyale-Regular",
        "imageTop": "https://ecsiondevstorage.blob.core.windows.net/wedding-storage/FC62663E-A835-42D7-9715-4CD99A175DA6.png",
        "imageBottom": "https://ecsiondevstorage.blob.core.windows.net/wedding-storage/3248A340-71CD-4D65-B337-0483DCFCC6AE.png",
        "bgImage": "https://ecsiondevstorage.blob.core.windows.net/wedding-storage/2B2CDBC7-69D6-43A5-B26D-3322DC3CBA56.png",
        "bgResponsiveImage": "https://ecsiondevstorage.blob.core.windows.net/wedding-storage/A04B554A-D0A8-4711-ACE0-F45D2EF6F031.png"
    },
    {
        "primaryColor": "#FFFFFF",
        "secondaryColor": "#333333",
        "bodyColor": "#3B1F1A",
        "textColor": "#FFFFFF",
        "actionColor": "#E94444",
        "successColor": "#38cc31",
        "borderGray": "#ccc",
        "primaryFont": "winlove",
        "secondaryFont": "georgia",
        "tertiaryFont": "georgia",
        "bodyRegularFont": "Poppins-Regular",
        "bodyMediumFont": "Poppins-Medium",
        "bodyBoldFont": "georgia",
        "headingFont": "BonheurRoyale-Regular",
        "imageTop": "https://ecsiondevstorage.blob.core.windows.net/wedding-storage/FC62663E-A835-42D7-9715-4CD99A175DA6.png",
        "imageBottom": "https://ecsiondevstorage.blob.core.windows.net/wedding-storage/3248A340-71CD-4D65-B337-0483DCFCC6AE.png",
        "bgImage": "https://ecsiondevstorage.blob.core.windows.net/wedding-storage/2B2CDBC7-69D6-43A5-B26D-3322DC3CBA56.png",
        "bgResponsiveImage": "https://ecsiondevstorage.blob.core.windows.net/wedding-storage/A04B554A-D0A8-4711-ACE0-F45D2EF6F031.png"
    }
]