[
    {
        "primaryColor": "#562F0B",
        "secondaryColor": "#333333",
        "bodyColor": "#FFFFFF",
        "textColor": "#562F0B",
        "actionColor": "#E94444",
        "successColor": "#38cc31",
        "borderGray": "#ccc",
        "primaryFont": "romanticCoupleBold",
        "secondaryFont": "quinstory",
        "tertiaryFont": "georgia",
        "bodyRegularFont": "Poppins-Regular",
        "bodyMediumFont": "Poppins-Medium",
        "bodyBoldFont": "georgia",
        "headingFont": "BonheurRoyale-Regular",
        "imageTop": "https://ecsiondevstorage.blob.core.windows.net/wedding-storage/AB8162AF-411A-45FD-8732-68430030F4FF.png",
        "imageBottom": "https://ecsiondevstorage.blob.core.windows.net/wedding-storage/6A06B9ED-015F-4909-8647-3DA332E0F41B.png",
        "bgImage": "https://ecsiondevstorage.blob.core.windows.net/wedding-storage/8A61BB69-F9FA-4DCF-A4B2-8DA8768EFE26.png",
        "bgResponsiveImage": "https://ecsiondevstorage.blob.core.windows.net/wedding-storage/69388CA3-1ACC-4DCA-B23E-CCCAA4B33234.png"
    },
    {
        "primaryColor": " #711E06",
        "secondaryColor": "#333333",
        "bodyColor": "#F6FAD2",
        "textColor": " #711E06",
        "actionColor": "#E94444",
        "successColor": "#38cc31",
        "borderGray": "#ccc",
        "primaryFont": "romanticCoupleBold",
        "secondaryFont": "quinstory",
        "tertiaryFont": "georgia",
        "bodyRegularFont": "Poppins-Regular",
        "bodyMediumFont": "Poppins-Medium",
        "bodyBoldFont": "georgia",
        "headingFont": "BonheurRoyale-Regular",
        "imageTop": "https://ecsiondevstorage.blob.core.windows.net/wedding-storage/AB8162AF-411A-45FD-8732-68430030F4FF.png",
        "imageBottom": "https://ecsiondevstorage.blob.core.windows.net/wedding-storage/6A06B9ED-015F-4909-8647-3DA332E0F41B.png",
        "bgImage": "https://ecsiondevstorage.blob.core.windows.net/wedding-storage/8A61BB69-F9FA-4DCF-A4B2-8DA8768EFE26.png",
        "bgResponsiveImage": "https://ecsiondevstorage.blob.core.windows.net/wedding-storage/69388CA3-1ACC-4DCA-B23E-CCCAA4B33234.png"
    },
    {
        "primaryColor": "#FFFFFF",
        "secondaryColor": "#333333",
        "bodyColor": "#556038",
        "textColor": "#FFFFFF",
        "actionColor": "#E94444",
        "successColor": "#38cc31",
        "borderGray": "#ccc",
        "primaryFont": "romanticCoupleBold",
        "secondaryFont": "quinstory",
        "tertiaryFont": "georgia",
        "bodyRegularFont": "Poppins-Regular",
        "bodyMediumFont": "Poppins-Medium",
        "bodyBoldFont": "georgia",
        "headingFont": "BonheurRoyale-Regular",
        "imageTop": "https://ecsiondevstorage.blob.core.windows.net/wedding-storage/AB8162AF-411A-45FD-8732-68430030F4FF.png",
        "imageBottom": "https://ecsiondevstorage.blob.core.windows.net/wedding-storage/6A06B9ED-015F-4909-8647-3DA332E0F41B.png",
        "bgImage": "https://ecsiondevstorage.blob.core.windows.net/wedding-storage/8A61BB69-F9FA-4DCF-A4B2-8DA8768EFE26.png",
        "bgResponsiveImage": "https://ecsiondevstorage.blob.core.windows.net/wedding-storage/69388CA3-1ACC-4DCA-B23E-CCCAA4B33234.png"
    },
    {
        "primaryColor": "#FFFFFF",
        "secondaryColor": "#333333",
        "bodyColor": "#5A380E",
        "textColor": "#FFFFFF",
        "actionColor": "#E94444",
        "successColor": "#38cc31",
        "borderGray": "#ccc",
        "primaryFont": "romanticCoupleBold",
        "secondaryFont": "quinstory",
        "tertiaryFont": "georgia",
        "bodyRegularFont": "Poppins-Regular",
        "bodyMediumFont": "Poppins-Medium",
        "bodyBoldFont": "georgia",
        "headingFont": "BonheurRoyale-Regular",
        "imageTop": "https://ecsiondevstorage.blob.core.windows.net/wedding-storage/AB8162AF-411A-45FD-8732-68430030F4FF.png",
        "imageBottom": "https://ecsiondevstorage.blob.core.windows.net/wedding-storage/6A06B9ED-015F-4909-8647-3DA332E0F41B.png",
        "bgImage": "https://ecsiondevstorage.blob.core.windows.net/wedding-storage/8A61BB69-F9FA-4DCF-A4B2-8DA8768EFE26.png",
        "bgResponsiveImage": "https://ecsiondevstorage.blob.core.windows.net/wedding-storage/69388CA3-1ACC-4DCA-B23E-CCCAA4B33234.png"
    }
]