{
    "invitation-title": "Wedding Invitation",
    "your-name": "Ranjan",
    "partner-name": "Riddhi",
    "your-parent-name": "(D/O smt.Rupa Devi & Sri. Radhey Shyam)",
    "partner-parent-name": "(S/O smt.Parvati & Shri. Mohan Bajoria)",
    "invitation-full-date": "18 MARCH 2025",
    "invitation-time": "  7.00 PM",
    "invitation-address": "Ceremony Sta. Mery Church Reception Hotel Palace",
    "couple-img1": "",
    "couple-img2": "",
    "couple-img3": "",
    "invitation-description": "Request Your Gracious Presence At The Wedding Of Their Daughter",
    "invitation-message": "",
    "invitation-date": "",
    "invitation-month": "",
    "invitation-month-text": " ",
    "invitation-year": "",
    "following-party": "Following The Party",
    "invitation-full-date-text": "",
    "invitation-week-day": "MONDAY",
    "yourInitial": "",
    "partnerInitial": ""
  }