{
  "invitation-title": "Wedding Invitation",
  "your-name": "Aaliya Bhatt",
  "partner-name": "Ranbir Kapoor",
  "your-parent-name": "D/O smt.Rupa Devi & Sri. Radhey Shyam",
  "partner-parent-name": "S/O smt.Parvati & Shri. Mohan Bajoria",
  "invitation-full-date": "",
  "invitation-time": "AT 5 PM",
  "invitation-address": "CEREMONY At Rajwada Palace Hotel Near Tata Parsi School Nagpur",
  "couple-img1": "",
  "couple-img2": "",
  "couple-img3": "",
  "invitation-description": "Request your grorious presence at the Wedding of there daugher",
  "invitation-message": "",
  "invitation-date": "28",
  "invitation-month": "",
  "invitation-month-text": "MARCH",
  "invitation-year": "2026",
  "following-party": "Reception to follow",
  "invitation-full-date-text": "",
  "invitation-week-day": "Saturday",
  "yourInitial": "",
  "partnerInitial": ""
}