[

    {
        "primaryColor": "#CDA755",
        "secondaryColor": "#333333",
        "bodyColor": "#FFF3E8",
        "textColor": "#051002",
        "actionColor": "#E94444",
        "successColor": "#38cc31",
        "borderGray": "#ccc",
        "primaryFont": "Playfair Display",
        "secondaryFont": "Playfair Display",
        "bodyRegularFont": "Poppins-Regular",
        "bodyMediumFont": "Poppins-Medium",
        "bodyBoldFont": "georgia",
        "tertiaryFont": "abrilfatfaceRegular",
        "headingFont": "BonheurRoyale-Regular",
        "bgImage": "https://ecsiondevstorage.blob.core.windows.net/wedding-storage/FC16FF95-4228-4D96-9C86-DA64B4857615.png",
        "bgResponsiveImage": "https://ecsiondevstorage.blob.core.windows.net/wedding-storage/00320140-396A-406C-BB18-7BFC27577F9A.png"
        }
    
      
    ]