{
    "invitation-title": "",
    "your-name": "JAYANT",
    "partner-name": "MAYURI",
    "your-parent-name": "",
    "partner-parent-name": "",
    "invitation-full-date": "23 August 2017",
    "invitation-time": "AT 10:00 AM",
    "invitation-venue":"KOHINOOR CONTINENTAL",
    "invitation-address": "ANDHERI‑KURLA ROAD, J B NAAR, ANDHERI EAST, MUMBAI",
    "couple-img1": "",
    "couple-img2": "",
    "couple-img3": "",
    "invitation-description": "INVITE YOU TO THEIR WEDDING CELEBRATION",
    "invitation-message": "",
    "invitation-date": "11",
    "invitation-month": "",
    "invitation-month-text": "SEPTEMBER",
    "invitation-year": "2025",
    "following-party": "",
    "invitation-full-date-text": "",
    "invitation-week-day": "THURSDAY",
    "yourInitial": "",
    "partnerInitial": ""
  }