[
  {
    "primaryColor": "#000000",
    "secondaryColor": "#b3b2b2cc",
    "bodyColor": "#FFFFFF",
    "textColor": "#000000",
    "actionColor": "#E94444",
    "successColor": "#38cc31",
    "borderGray": "#ccc",
    "primaryFont": "Winlove",
    "secondaryFont": "Playfair Display",
    "tertiaryFont": "Montserrat",
    "bodyRegularFont": "Poppins-Regular",
    "bodyMediumFont": "Poppins-Medium",
    "bodyBoldFont": "georgia",
    "headingFont": "BonheurRoyale-Regular",
    "imageTop": "https://ecsiondevstorage.blob.core.windows.net/wedding-storage/038FB551-0A65-4778-A038-A74044DB280C.png",
    "imageBottom": "https://ecsiondevstorage.blob.core.windows.net/wedding-storage/365F6ACD-CB22-48D7-8913-03996073220C.png",
    "bgImage": "https://ecsiondevstorage.blob.core.windows.net/wedding-storage/C1C42162-D07A-4413-B6EC-D00D0C4DB362.png",
    "bgResponsiveImage": "https://ecsiondevstorage.blob.core.windows.net/wedding-storage/AB9DBFDB-F472-426E-800B-1FC789B4627A.png"
  },

  {
    "primaryColor": "#000000",
    "secondaryColor": "#b3b2b2cc",
    "bodyColor": "#FFEFF7",
    "textColor": "#000000",
    "actionColor": "#E94444",
    "successColor": "#38cc31",
    "borderGray": "#ccc",
    "primaryFont": "Winlove",
    "secondaryFont": "Playfair Display",
    "tertiaryFont": "Montserrat",
    "bodyRegularFont": "Poppins-Regular",
    "bodyMediumFont": "Poppins-Medium",
    "bodyBoldFont": "georgia",

    "headingFont": "BonheurRoyale-Regular",
    "imageTop": "https://ecsiondevstorage.blob.core.windows.net/wedding-storage/038FB551-0A65-4778-A038-A74044DB280C.png",
    "imageBottom": "https://ecsiondevstorage.blob.core.windows.net/wedding-storage/365F6ACD-CB22-48D7-8913-03996073220C.png",
    "bgImage": "https://ecsiondevstorage.blob.core.windows.net/wedding-storage/C1C42162-D07A-4413-B6EC-D00D0C4DB362.png",
    "bgResponsiveImage": "https://ecsiondevstorage.blob.core.windows.net/wedding-storage/AB9DBFDB-F472-426E-800B-1FC789B4627A.png"
  },

  {
    "primaryColor": "#FFFFFF",
    "secondaryColor": "#b3b2b2cc",
    "bodyColor": "#0F3841",
    "textColor": "#FFFFFF",
    "actionColor": "#E94444",
    "successColor": "#38cc31",
    "borderGray": "#ccc",
    "primaryFont": "Winlove",
    "secondaryFont": "Playfair Display",
    "tertiaryFont": "Montserrat",
    "bodyRegularFont": "Poppins-Regular",
    "bodyMediumFont": "Poppins-Medium",
    "bodyBoldFont": "georgia",

    "headingFont": "BonheurRoyale-Regular",
    "imageTop": "https://ecsiondevstorage.blob.core.windows.net/wedding-storage/038FB551-0A65-4778-A038-A74044DB280C.png",
    "imageBottom": "https://ecsiondevstorage.blob.core.windows.net/wedding-storage/365F6ACD-CB22-48D7-8913-03996073220C.png",
    "bgImage": "https://ecsiondevstorage.blob.core.windows.net/wedding-storage/C1C42162-D07A-4413-B6EC-D00D0C4DB362.png",
    "bgResponsiveImage": "https://ecsiondevstorage.blob.core.windows.net/wedding-storage/AB9DBFDB-F472-426E-800B-1FC789B4627A.png"
  },

  {
    "primaryColor": "#FFFFFF",
    "secondaryColor": "#333333",
    "bodyColor": "#000000",
    "textColor": "#FFFFFF",
    "actionColor": "#E94444",
    "successColor": "#38cc31",
    "borderGray": "#ccc",
    "primaryFont": "Winlove",
    "secondaryFont": "Playfair Display",
    "tertiaryFont": "Montserrat",
    "bodyRegularFont": "Poppins-Regular",
    "bodyMediumFont": "Poppins-Medium",
    "bodyBoldFont": "georgia",
    "headingFont": "BonheurRoyale-Regular",
    "imageTop": "https://ecsiondevstorage.blob.core.windows.net/wedding-storage/038FB551-0A65-4778-A038-A74044DB280C.png",
    "imageBottom": "https://ecsiondevstorage.blob.core.windows.net/wedding-storage/365F6ACD-CB22-48D7-8913-03996073220C.png",
    "bgImage": "https://ecsiondevstorage.blob.core.windows.net/wedding-storage/C1C42162-D07A-4413-B6EC-D00D0C4DB362.png",
    "bgResponsiveImage": "https://ecsiondevstorage.blob.core.windows.net/wedding-storage/AB9DBFDB-F472-426E-800B-1FC789B4627A.png"
  }
]
