{
  "id": "121449",
  "name": "The Taj West End",
  "city": "Bangalore",
  "city_tier": "Tier 1",
  "pricing_category": "Luxury",
  "category_slug": "wedding-venues",
  "vendor_price": "4500",
  "locality_name": "MG Road",
  "vendor_rating": "4.40",
  "phone": [
    "NULL"
  ],
  "geo_coordinates": "12.9765,77.5992",
  "pricing": {
    "highest_veg": 4500,
    "highest_non_veg": 4500,
    "lowest_deal_veg": 4500,
    "lowest_deal_non_veg": 4500,
    "notes": "Prices vary based on event scale and menu selection"
  },
  "banquet_halls": {
    "outdoor-area": [
      {
        "name": "Lawn 1",
        "max_seating": 60,
        "max_floating": 1200
      },
      {
        "name": "Lawn 2",
        "max_seating": 50,
        "max_floating": 75
      }
    ],
    "indoor-area": [
      {
        "name": "Banquet Hall 1",
        "max_seating": 50,
        "max_floating": 80
      },
      {
        "name": "Banquet Hall 2",
        "max_seating": 400,
        "max_floating": 450
      },
      {
        "name": "Banquet Hall 3",
        "max_seating": 700,
        "max_floating": 1000
      },
      {
        "name": "Poolside",
        "max_seating": 50,
        "max_floating": 75
      },
      {
        "name": "Blue Bar",
        "max_seating": 150,
        "max_floating": 200
      }
    ]
  },
  "price_per_plate": [
    {
      "source": "Official",
      "veg": 4500,
      "non_veg": 4500
    }
  ],
  "avg_star_rating": "4.40",
  "additional_info": {
    "faq": [
      {
        "question": "How long has The Taj West End been operating?",
        "answer": "9 years",
        "slug": "been-on-wedmegood-since"
      },
      {
        "question": "How many rooms are available at The Taj West End?",
        "answer": "117 Rooms",
        "slug": "room-count"
      },
      {
        "question": "What is The Taj West End's catering policy?",
        "answer": "Inhouse catering only",
        "slug": "catering-policy"
      },
      {
        "question": "What is The Taj West End's decor policy?",
        "answer": "Outside decorators permitted",
        "slug": "decor-policy"
      },
      {
        "question": "What event spaces are available at The Taj West End?",
        "answer": "Indoor, Outdoor, Poolside",
        "slug": "space"
      },
      {
        "question": "What are The Taj West End's room rates?",
        "answer": "12,000 per room",
        "slug": "room-price"
      },
      {
        "question": "What amenities does The Taj West End offer?",
        "answer": "Outside Decorator Allowed",
        "slug": "features"
      },
      {
        "question": "What is The Taj West End's alcohol policy?",
        "answer": "In house alcohol available, Outside alcohol not  permitted",
        "slug": "outside-alcohol"
      },
      {
        "question": "What is The Taj West End's DJ policy?",
        "answer": "In house DJ not available , Outside DJ permitted",
        "slug": "dj-policy"
      },
      {
        "question": "What is the capacity of Banquet Hall 1 at The Taj West End?",
        "answer": "Fixed capacity: 50, Floating capacity: 80",
        "slug": "capacity-banquet-hall-1"
      },
      {
        "question": "What type of space is Banquet Hall 1 at The Taj West End?",
        "answer": "Indoor Area",
        "slug": "space-type-banquet-hall-1"
      },
      {
        "question": "What is the capacity of Banquet Hall 2 at The Taj West End?",
        "answer": "Fixed capacity: 400, Floating capacity: 450",
        "slug": "capacity-banquet-hall-2"
      },
      {
        "question": "What type of space is Banquet Hall 2 at The Taj West End?",
        "answer": "Indoor Area",
        "slug": "space-type-banquet-hall-2"
      },
      {
        "question": "What is the capacity of Banquet Hall 3 at The Taj West End?",
        "answer": "Fixed capacity: 700, Floating capacity: 1000",
        "slug": "capacity-banquet-hall-3"
      },
      {
        "question": "What type of space is Banquet Hall 3 at The Taj West End?",
        "answer": "Indoor Area",
        "slug": "space-type-banquet-hall-3"
      },
      {
        "question": "What is the capacity of Lawn 1 at The Taj West End?",
        "answer": "Fixed capacity: 60, Floating capacity: 1200",
        "slug": "capacity-lawn-1"
      },
      {
        "question": "What type of space is Lawn 1 at The Taj West End?",
        "answer": "Outdoor Area",
        "slug": "space-type-lawn-1"
      },
      {
        "question": "What is the capacity of Lawn 2 at The Taj West End?",
        "answer": "Fixed capacity: 50, Floating capacity: 75",
        "slug": "capacity-lawn-2"
      },
      {
        "question": "What type of space is Lawn 2 at The Taj West End?",
        "answer": "Outdoor Area",
        "slug": "space-type-lawn-2"
      },
      {
        "question": "What is the capacity of Poolside at The Taj West End?",
        "answer": "Fixed capacity: 50, Floating capacity: 75",
        "slug": "capacity-poolside"
      },
      {
        "question": "What type of space is Poolside at The Taj West End?",
        "answer": "Poolside Area",
        "slug": "space-type-poolside"
      },
      {
        "question": "What is the capacity of Blue Bar at The Taj West End?",
        "answer": "Fixed capacity: 150, Floating capacity: 200",
        "slug": "capacity-blue-bar"
      },
      {
        "question": "What type of space is Blue Bar at The Taj West End?",
        "answer": "Indoor Area",
        "slug": "space-type-blue-bar"
      }
    ],
    "phone": [
      "NULL"
    ],
    "address": [
      {
        "id": 6986,
        "pincode": "560001",
        "latitude": "12.9765944",
        "longitude": "77.5992708",
        "is_primary": true,
        "display_address": "Race Course Road, High Grounds, Sampangi Rama Nagar, Bengaluru, Karnataka 560001"
      }
    ],
    "veg_price": "4500",
    "information": "<h1 class=\"venue-name\">The Taj West End</h1> <p class=\"heritage-history\"> Welcome to <span class=\"venue-name\">The Taj West End</span>, a serene 20-acre garden oasis located in the heart of Bangalore, a vibrant and bustling city. This luxurious hotel serves as a sanctuary for today’s discerning business traveler, offering an array of cutting-edge <span class=\"venue-feature\">business technology</span> and a <span class=\"business-service\">24-hour Business Centre</span>. </p> <p class=\"leisure-option\"> For those seeking leisure, <span class=\"venue-name\">The Taj West End</span> provides a multitude of activities. Guests can sip drinks beneath a majestic <span class=\"venue-feature\">125-year-old Banyan tree</span>, bask in the sun, or linger over high tea, showcasing that while the past has its charms, the present is even more delightful. </p> <h2 class=\"space-available\">Space Available</h2> <p class=\"room-count\"> The hotel features <span class=\"room-count\">117 spacious rooms and suites</span>, each set within the lush gardens, capturing the essence of Bengaluru, known as the Garden City. This idyllic setting makes <span class=\"venue-name\">The Taj West End</span> an ideal backdrop for all business meetings and event needs, ensuring that every occasion is a success. </p> <h2 class=\"banquet-options\">Banquet Options</h2> <ul class=\"amenity-list\"> <li class=\"event-description\"> <strong>Grand Ballroom:</strong> A magnificent pillarless ballroom with an attached pre-function area and expansive outdoor space, accommodating up to <span class=\"capacity\">500 pax</span>. Perfect for car and product launches. </li> <li class=\"event-description\"> <strong>Prince of Wales Lawn:</strong> An idyllic outdoor setting for weddings and award ceremonies, with a holding capacity of <span class=\"capacity\">750 pax</span>. A perfect venue to celebrate under the stars. </li> </ul> <h2 class=\"facilities\">Facilities at <span class=\"venue-name\">The Taj West End</span></h2> <p class=\"amenity\"> This glorious hotel is equipped with numerous amenities to enhance the guest experience. <span class=\"venue-name\">The Taj West End</span> features in-house catering and liquor services, allowing guests to sit back, relax, and indulge in complete luxury. </p> <h2 class=\"cuisines\">Cuisines</h2> <p class=\"cuisine-option\"> Guests can experience stylishly crafted traditional Indian fare with a refreshing twist at <span class=\"venue-name\">The Taj West End</span>'s restaurants. Enjoy authentic Indian, Italian, Lebanese, and Mediterranean cuisines served in a vibrant ambiance. The <span class=\"venue-feature\">Blue Bar</span>, set outdoors amid water and music, is always energetic, featuring delicious Vietnamese and Asian grills complemented by exquisite cocktails. </p> <h2 class=\"location\">Location</h2> <p class=\"location-description\"> Located next to the Golf Club and across from the Turf Club track, <span class=\"venue-name\">The Taj West End</span> is surrounded by attractions such as the <span class=\"amenity\">National Gallery of Modern Art</span>, <span class=\"amenity\">Hal Aerospace Museum</span>, and <span class=\"amenity\">Apaulogy</span>. Guests can unwind and explore these nearby spots between functions. This legendary hotel on Race Course Road is a prominent landmark in the city center, with the Bengaluru International Airport just an hour away. Surrounded by beautiful greenery, <span class=\"venue-name\">The Taj West End</span> offers a perfect retreat to enjoy time and relax. </p>",
    "nonveg_price": "4500",
    "activeAddress": {
      "id": 6986,
      "pincode": "560001",
      "latitude": "12.9765944",
      "longitude": "77.5992708",
      "is_primary": true,
      "display_address": "Race Course Road, High Grounds, Sampangi Rama Nagar, Bengaluru, Karnataka 560001"
    },
    "locality_name": "MG Road",
    "vendor_rating": 4.4,
    "in_high_demand": false,
    "concierge_phone": "0124-6812345",
    "vendor_rating_text": "Very Good",
    "portfolio_image_count": 12
  },
  "rating_summary": {
    "5_star": 12,
    "4_star": 1,
    "3_star": 0,
    "2_star": 1,
    "1_star": 1
  },
  "testimonials": [
    {
      "reviewer_name": "anonymous_9aca974c-6ece-435a-bebf-8a81e6a02f50",
      "description": "The prices mentioned in this website is not right for this hotel.\nIts 4800 per plate(non-veg) for Lunch Buffet and 5000 per plate(non-veg) for Dinner Buffet."
    },
    {
      "reviewer_name": "gazzal bishnoi",
      "description": "I have known the team at Taj for some years now, and this was always the venue for us. It's like getting married in the woods and being blessed by nature. The venue is pure magic; and the team is like a family. We wanted to be surrounded by friends and the team at West End was really co-operative and accommodating, far more than our own families. We couldn't have asked for more."
    },
    {
      "reviewer_name": "Pranaya Prabhu",
      "description": "We had our wedding at Taj West End a few days ago. Ms. Alexandra and her team ensured a great experience. She helped with all aspects- venue selection, fixing the menus, alloting rooms. She was available to address all queries, coordinate with other staff and accommodate all our requests and changes. They have a lot of venue options, great catering and of course, top class hospitality. Everything went off very smoothly on the big day, thanks to the efficient, dedicated team. It's a lovely property, and makes for a great staycation as well. Would recommend to anyone looking to have a wedding in Bangalore or to have a vacation. "
    },
    {
      "reviewer_name": "Ameyaa Khullar",
      "description": "The venue is GORGEOUS but service is bad. We stayed there and it seems the brand needs envigoration. Their sales team lady was not interested, not at all wedding friendly policies, lots of objections. Seem like a bad deal. Also she quoted much higher per plate than what is quoted. WedMeGood - how is this happening?"
    },
    {
      "reviewer_name": "Riya Roy",
      "description": "doesn't reply on Time..\nno use of this over here\nwhen they r not ready for customers needs.."
    },
    {
      "reviewer_name": "Savithri G",
      "description": "I had this place booked for my big day. Just wanted to thank you all for making our big day so special. Everything was managed so well that we didnt have to worry about anything. The team took care of every detail and we loved every second of our special day. We got so many compliments from our guest for the beautiful setting. Staff were really courteous and attentive. They handled everything very professionally. Everything was perfect from decoration to food. Highly recommended"
    },
    {
      "reviewer_name": "Kamya Chandra",
      "description": "When we first visited the venue we felt like we had entered a hidden historic hill station that was designed for intimate weddings! We vibed with each space -- from the majestic Raintree to the pondside gardens where we did our wedding to the poolside pergola that was perfect for our first dance. The Taj planners were so accommodating given our needs for a smaller group, and the staff is always smiling and joking :) Can't thank them enough for the perfect setting for our special day!"
    },
    {
      "reviewer_name": "Anonymous",
      "description": "The Taj West End was the location for the wedding (Mynt Lawns). We were blessed with excellent weather that further accentuated the already beautiful hotel lawns. One caveat with this location is that they border a residential part of Bangalore so at times are unable to accommodate requests in terms of music however we found this limitation more than offset by the beautiful outdoor setting. An early morning wedding surrounded by the lush green lawns and sounds of nature was the perfect setting!"
    },
    {
      "reviewer_name": "Dr. Shailaja",
      "description": "Taj West End, Bangalore was where our wedding took place. Taj is a big name and you can obviously have no doubt about their services. The deliver such good services and make sure their customers are satisfied. It is highly rated and definiely a recommendable venue. Food caterers were in-house and the whole team was promt and hard working. Attended each and every guest of ours. Very good experience, we are happy!"
    },
    {
      "reviewer_name": "Vishnu Narayanan Suresh",
      "description": "Beautiful banquet hall, excellent food and spot on service - it was a pleasure to have my sister's wedding reception held at this place. It was my first time at the Taj, but I look forward to coming back again soon."
    },
    {
      "reviewer_name": "Mansi",
      "description": "Venue and catering was done by the Taj West End and both were flawless. The Taj with their grand ballrooms and princely lawns were the perfect setting for my sangeet and wedding. "
    },
    {
      "reviewer_name": "Pooja",
      "description": "We had both our Sangeet and Wedding at the Taj. I had kept hearing how amazing the Taj West End was but until I got to see it myself, I didn't realize how beautiful their whole property is. Getting married outside in their Prince of Wales lawn under the stars and Mango Tree is what fairytales are made of! Taj West End made sure they did everything to make sure they gave us the best venue, service and food we could have asked for. I wanted to personally thank Shavir Bacha for all of his assistance and was amazing to work with. He made sure all our needs were met. People to this day are still talking about the amazingg food and venue!"
    },
    {
      "reviewer_name": "Amrin & Theo",
      "description": "This upscale hotel is set in a European-style manor surrounded by lush tranquil tropical gardens. We had an evening of dancing, some choreographed sequences by the bride?s friends which led into an evening of freestyle thumkas, and everybody who attended the sangeet had shaken a leg by the end of the evening! We had a Nikah the following evening that continued into a formal seated dinner over one long table of 60 seats. The experienced staff at the Taj carried out this synchronized service efficiently and the food no doubt deserves a special mention. Mr. Sajee was very helpful in coordinating this unique dinner style we chose."
    },
    {
      "reviewer_name": "Amrin and Theo",
      "description": "Our selected venue for all the functions was the Taj West end in Bangalore. This upscale hotel is set in a European-style manor surrounded by lush tranquil tropical gardens. We had an evening of dancing, some choreographed sequences by the bride?s friends which led into an evening of freestyle thumkas, and everybody who attended the sangeet had shaken a leg by the end of the evening! We had a Nikah the following evening that continued into a formal seated dinner over one long table of 60 seats. The experienced staff at the Taj carried out this synchronized service efficiently and the food no doubt deserves a special mention. Mr. Sajee was very helpful in coordinating this unique dinner style we chose."
    },
    {
      "reviewer_name": "Krutika",
      "description": "One of the most beautiful locations for a city wedding. Love the venues, greenery although service could?ve been better!"
    }
  ],
  "SEO Meta Title": "The Taj West End | Luxury Wedding Venues in MG Road, Bangalore",
  "SEO Meta Description": "The Taj West End MG Road Bangalore for your dream wedding. Luxury  indoor halls &  outdoor areas & ₹4500 for veg & ₹4500 for non-veg. Enquire now!",
  "FOCUS keyword": "wedding venues MG Road luxury",
  "slug": "the-taj-west-end-wedding-venues-bangalore-mg-road",
  "estimated_room_count": 1,
  "sentiment_analysis": {
    "what_to_expect": "Many clients praise the enchanting atmosphere and stunning venues at the Taj West End, highlighting the beautiful gardens and elegant ballrooms that create a magical setting for weddings. The dedicated and accommodating team is often described as family-like, ensuring that every detail is managed seamlessly, allowing couples to fully enjoy their special day. Clients frequently commend the excellent food and attentive service, making it a highly recommended choice for both weddings and staycations.",
    "what_to_watch_for": "A few clients mentioned areas to clarify regarding pricing, as there were instances of discrepancies in quoted rates. You may wish to confirm the specifics of the wedding policies and any potential limitations on music due to the venue's residential surroundings. Additionally, occasional delays in communication have been noted, so it may be beneficial to ask for clear timelines for responses and support.",
    "listing_card_sentiment": "A beautiful venue with exceptional service and food, though clients may want to clarify pricing and communication timelines."
  }
}